{
"type": "FeatureCollection",
"name": "ImpactedWells-recreated",
"crs": { "type": "name", "properties": { "name": "urn:ogc:def:crs:EPSG::4269" } },
"features": [
{ "type": "Feature", "properties": { "WCRNmbr": "WCR1974-000630", "PT_30ft": null, "BlwThreshl": "Above", "Head": 8.51111, "lat": 38.741, "lon": -121.776 }, "geometry": { "type": "Point", "coordinates": [ -121.776, 38.741 ] } },
{ "type": "Feature", "properties": { "WCRNmbr": "WCR2008-005236", "PT_30ft": -171, "BlwThreshl": "Above", "Head": 18.556, "lat": 38.724, "lon": -121.82 }, "geometry": { "type": "Point", "coordinates": [ -121.82, 38.724 ] } },
{ "type": "Feature", "properties": { "WCRNmbr": "WCR1988-001429", "PT_30ft": -127, "BlwThreshl": "Above", "Head": 24.3357, "lat": 38.735, "lon": -121.75 }, "geometry": { "type": "Point", "coordinates": [ -121.75, 38.735 ] } },
{ "type": "Feature", "properties": { "WCRNmbr": "WCR1992-004821", "PT_30ft": -213, "BlwThreshl": "Above", "Head": 27.4774, "lat": 38.728, "lon": -121.773 }, "geometry": { "type": "Point", "coordinates": [ -121.773, 38.728 ] } },
{ "type": "Feature", "properties": { "WCRNmbr": "WCR1972-000596", "PT_30ft": -75, "BlwThreshl": "Above", "Head": 14.615, "lat": 38.732, "lon": -121.812 }, "geometry": { "type": "Point", "coordinates": [ -121.812, 38.732 ] } },
{ "type": "Feature", "properties": { "WCRNmbr": "WCR1975-000724", "PT_30ft": -95, "BlwThreshl": "Above", "Head": 11.4693, "lat": 38.737, "lon": -121.817 }, "geometry": { "type": "Point", "coordinates": [ -121.817, 38.737 ] } },
{ "type": "Feature", "properties": { "WCRNmbr": "WCR1976-000975", "PT_30ft": -121, "BlwThreshl": "Above", "Head": 26.7169, "lat": 38.726, "lon": -121.778 }, "geometry": { "type": "Point", "coordinates": [ -121.778, 38.726 ] } },
{ "type": "Feature", "properties": { "WCRNmbr": "WCR1994-000952", "PT_30ft": -101, "BlwThreshl": "Above", "Head": 19.974, "lat": 38.726, "lon": -121.825 }, "geometry": { "type": "Point", "coordinates": [ -121.825, 38.726 ] } },
{ "type": "Feature", "properties": { "WCRNmbr": "WCR2005-000715", "PT_30ft": -110, "BlwThreshl": "Above", "Head": 20.4481, "lat": 38.734, "lon": -121.696 }, "geometry": { "type": "Point", "coordinates": [ -121.696, 38.734 ] } },
{ "type": "Feature", "properties": { "WCRNmbr": "WCR2003-004953", "PT_30ft": -176, "BlwThreshl": "Above", "Head": 21.5172, "lat": 38.734, "lon": -121.707 }, "geometry": { "type": "Point", "coordinates": [ -121.707, 38.734 ] } },
{ "type": "Feature", "properties": { "WCRNmbr": "WCR1976-000662", "PT_30ft": -177, "BlwThreshl": "Above", "Head": 16.0227, "lat": 38.733, "lon": -121.808 }, "geometry": { "type": "Point", "coordinates": [ -121.808, 38.733 ] } },
{ "type": "Feature", "properties": { "WCRNmbr": "WCR1977-000360", "PT_30ft": -130, "BlwThreshl": "Above", "Head": 26.2407, "lat": 38.715, "lon": -121.827 }, "geometry": { "type": "Point", "coordinates": [ -121.827, 38.715 ] } },
{ "type": "Feature", "properties": { "WCRNmbr": "WCR1977-001821", "PT_30ft": -155, "BlwThreshl": "Above", "Head": 31.0231, "lat": 38.723, "lon": -121.751 }, "geometry": { "type": "Point", "coordinates": [ -121.751, 38.723 ] } },
{ "type": "Feature", "properties": { "WCRNmbr": "WCR1977-001817", "PT_30ft": -133, "BlwThreshl": "Above", "Head": 27.4774, "lat": 38.727, "lon": -121.773 }, "geometry": { "type": "Point", "coordinates": [ -121.773, 38.727 ] } },
{ "type": "Feature", "properties": { "WCRNmbr": "WCR2004-004230", "PT_30ft": -105, "BlwThreshl": "Above", "Head": 4.71534, "lat": 38.744, "lon": -121.802 }, "geometry": { "type": "Point", "coordinates": [ -121.802, 38.744 ] } },
{ "type": "Feature", "properties": { "WCRNmbr": "WCR0152198", "PT_30ft": -60, "BlwThreshl": "Above", "Head": 39.8018, "lat": 38.709, "lon": -121.836 }, "geometry": { "type": "Point", "coordinates": [ -121.836, 38.709 ] } },
{ "type": "Feature", "properties": { "WCRNmbr": "WCR1979-000537", "PT_30ft": -178, "BlwThreshl": "Above", "Head": 8.51111, "lat": 38.743, "lon": -121.778 }, "geometry": { "type": "Point", "coordinates": [ -121.778, 38.743 ] } },
{ "type": "Feature", "properties": { "WCRNmbr": "WCR1977-001838", "PT_30ft": -142, "BlwThreshl": "Above", "Head": 12.6472, "lat": 38.737, "lon": -121.801 }, "geometry": { "type": "Point", "coordinates": [ -121.801, 38.737 ] } },
{ "type": "Feature", "properties": { "WCRNmbr": "WCR0311714", "PT_30ft": -83, "BlwThreshl": "Above", "Head": 9.59274, "lat": 38.735, "lon": -121.831 }, "geometry": { "type": "Point", "coordinates": [ -121.831, 38.735 ] } },
{ "type": "Feature", "properties": { "WCRNmbr": "WCR1991-009588", "PT_30ft": -179, "BlwThreshl": "Above", "Head": 8.51111, "lat": 38.744, "lon": -121.782 }, "geometry": { "type": "Point", "coordinates": [ -121.782, 38.744 ] } },
{ "type": "Feature", "properties": { "WCRNmbr": "WCR1986-007577", "PT_30ft": -161, "BlwThreshl": "Above", "Head": 26.8997, "lat": 38.724, "lon": -121.73 }, "geometry": { "type": "Point", "coordinates": [ -121.73, 38.724 ] } },
{ "type": "Feature", "properties": { "WCRNmbr": "WCR1977-001816", "PT_30ft": -132, "BlwThreshl": "Above", "Head": 27.4774, "lat": 38.728, "lon": -121.774 }, "geometry": { "type": "Point", "coordinates": [ -121.774, 38.728 ] } },
{ "type": "Feature", "properties": { "WCRNmbr": "WCR1992-001404", "PT_30ft": -114, "BlwThreshl": "Above", "Head": 14.7567, "lat": 38.728, "lon": -121.835 }, "geometry": { "type": "Point", "coordinates": [ -121.835, 38.728 ] } },
{ "type": "Feature", "properties": { "WCRNmbr": "WCR1972-000385", "PT_30ft": -82, "BlwThreshl": "Above", "Head": 8.51111, "lat": 38.742, "lon": -121.781 }, "geometry": { "type": "Point", "coordinates": [ -121.781, 38.742 ] } },
{ "type": "Feature", "properties": { "WCRNmbr": "WCR1976-001345", "PT_30ft": -115, "BlwThreshl": "Above", "Head": 21.3879, "lat": 38.742, "lon": -121.734 }, "geometry": { "type": "Point", "coordinates": [ -121.734, 38.742 ] } },
{ "type": "Feature", "properties": { "WCRNmbr": "WCR1989-001410", "PT_30ft": -134, "BlwThreshl": "Above", "Head": 9.59274, "lat": 38.736, "lon": -121.833 }, "geometry": { "type": "Point", "coordinates": [ -121.833, 38.736 ] } },
{ "type": "Feature", "properties": { "WCRNmbr": "WCR1998-001241", "PT_30ft": -91, "BlwThreshl": "Above", "Head": 25.0189, "lat": 38.728, "lon": -121.73 }, "geometry": { "type": "Point", "coordinates": [ -121.73, 38.728 ] } },
{ "type": "Feature", "properties": { "WCRNmbr": "WCR1989-003248", "PT_30ft": -73, "BlwThreshl": "Above", "Head": 26.2407, "lat": 38.715, "lon": -121.827 }, "geometry": { "type": "Point", "coordinates": [ -121.827, 38.715 ] } },
{ "type": "Feature", "properties": { "WCRNmbr": "WCR1984-004708", "PT_30ft": -70, "BlwThreshl": "Above", "Head": 4.71534, "lat": 38.743, "lon": -121.794 }, "geometry": { "type": "Point", "coordinates": [ -121.794, 38.743 ] } },
{ "type": "Feature", "properties": { "WCRNmbr": "WCR1993-005972", "PT_30ft": -134, "BlwThreshl": "Above", "Head": 33.1963, "lat": 38.714, "lon": -121.833 }, "geometry": { "type": "Point", "coordinates": [ -121.833, 38.714 ] } },
{ "type": "Feature", "properties": { "WCRNmbr": "WCR1987-001779", "PT_30ft": -360, "BlwThreshl": "Above", "Head": 6.0019, "lat": 38.743, "lon": -121.804 }, "geometry": { "type": "Point", "coordinates": [ -121.804, 38.743 ] } },
{ "type": "Feature", "properties": { "WCRNmbr": "WCR0010844", "PT_30ft": -14, "BlwThreshl": "Above", "Head": 27.4774, "lat": 38.728, "lon": -121.766 }, "geometry": { "type": "Point", "coordinates": [ -121.766, 38.728 ] } },
{ "type": "Feature", "properties": { "WCRNmbr": "WCR1992-004571", "PT_30ft": -210, "BlwThreshl": "Above", "Head": 25.5036, "lat": 38.721, "lon": -121.832 }, "geometry": { "type": "Point", "coordinates": [ -121.832, 38.721 ] } },
{ "type": "Feature", "properties": { "WCRNmbr": "WCR1984-000148", "PT_30ft": -282, "BlwThreshl": "Above", "Head": 21.3879, "lat": 38.742, "lon": -121.729 }, "geometry": { "type": "Point", "coordinates": [ -121.729, 38.742 ] } },
{ "type": "Feature", "properties": { "WCRNmbr": "WCR1974-000639", "PT_30ft": 21, "BlwThreshl": "Above", "Head": 27.4827, "lat": 38.727, "lon": -121.768 }, "geometry": { "type": "Point", "coordinates": [ -121.768, 38.727 ] } },
{ "type": "Feature", "properties": { "WCRNmbr": "WCR1991-006915", "PT_30ft": -195, "BlwThreshl": "Above", "Head": 25.5036, "lat": 38.721, "lon": -121.835 }, "geometry": { "type": "Point", "coordinates": [ -121.835, 38.721 ] } },
{ "type": "Feature", "properties": { "WCRNmbr": "WCR1976-001219", "PT_30ft": -87, "BlwThreshl": "Above", "Head": 16.1164, "lat": 38.732, "lon": -121.809 }, "geometry": { "type": "Point", "coordinates": [ -121.809, 38.732 ] } },
{ "type": "Feature", "properties": { "WCRNmbr": "WCR2003-004949", "PT_30ft": -54, "BlwThreshl": "Above", "Head": 25.5036, "lat": 38.724, "lon": -121.835 }, "geometry": { "type": "Point", "coordinates": [ -121.835, 38.724 ] } },
{ "type": "Feature", "properties": { "WCRNmbr": "WCR1983-003684", "PT_30ft": -76, "BlwThreshl": "Above", "Head": 26.2407, "lat": 38.718, "lon": -121.828 }, "geometry": { "type": "Point", "coordinates": [ -121.828, 38.718 ] } },
{ "type": "Feature", "properties": { "WCRNmbr": "WCR1977-000276", "PT_30ft": -134, "BlwThreshl": "Above", "Head": 33.1963, "lat": 38.715, "lon": -121.83 }, "geometry": { "type": "Point", "coordinates": [ -121.83, 38.715 ] } },
{ "type": "Feature", "properties": { "WCRNmbr": "WCR1997-004556", "PT_30ft": -59, "BlwThreshl": "Above", "Head": 39.8018, "lat": 38.709, "lon": -121.837 }, "geometry": { "type": "Point", "coordinates": [ -121.837, 38.709 ] } },
{ "type": "Feature", "properties": { "WCRNmbr": "WCR1986-007586", "PT_30ft": -85, "BlwThreshl": "Above", "Head": 14.6342, "lat": 38.727, "lon": -121.827 }, "geometry": { "type": "Point", "coordinates": [ -121.827, 38.727 ] } },
{ "type": "Feature", "properties": { "WCRNmbr": "WCR1990-006728", "PT_30ft": -330, "BlwThreshl": "Above", "Head": 30.2462, "lat": 38.723, "lon": -121.76 }, "geometry": { "type": "Point", "coordinates": [ -121.76, 38.723 ] } },
{ "type": "Feature", "properties": { "WCRNmbr": "WCR1979-000776", "PT_30ft": -172, "BlwThreshl": "Above", "Head": 27.4774, "lat": 38.728, "lon": -121.766 }, "geometry": { "type": "Point", "coordinates": [ -121.766, 38.728 ] } },
{ "type": "Feature", "properties": { "WCRNmbr": "WCR1976-001014", "PT_30ft": 41, "BlwThreshl": "Below", "Head": 27.2005, "lat": 38.734, "lon": -121.763 }, "geometry": { "type": "Point", "coordinates": [ -121.763, 38.734 ] } },
{ "type": "Feature", "properties": { "WCRNmbr": "WCR1978-001063", "PT_30ft": -185, "BlwThreshl": "Above", "Head": 27.7695, "lat": 38.725, "lon": -121.743 }, "geometry": { "type": "Point", "coordinates": [ -121.743, 38.725 ] } },
{ "type": "Feature", "properties": { "WCRNmbr": "WCR1988-005354", "PT_30ft": -106, "BlwThreshl": "Above", "Head": 12.6472, "lat": 38.739, "lon": -121.797 }, "geometry": { "type": "Point", "coordinates": [ -121.797, 38.739 ] } },
{ "type": "Feature", "properties": { "WCRNmbr": "WCR2021-013370", "PT_30ft": -123, "BlwThreshl": "Above", "Head": 33.1963, "lat": 38.714, "lon": -121.839 }, "geometry": { "type": "Point", "coordinates": [ -121.839, 38.714 ] } },
{ "type": "Feature", "properties": { "WCRNmbr": "WCR1976-000971", "PT_30ft": -312, "BlwThreshl": "Above", "Head": 4.71534, "lat": 38.742, "lon": -121.802 }, "geometry": { "type": "Point", "coordinates": [ -121.802, 38.742 ] } },
{ "type": "Feature", "properties": { "WCRNmbr": "WCR1978-001734", "PT_30ft": -111, "BlwThreshl": "Above", "Head": 26.4511, "lat": 38.73, "lon": -121.783 }, "geometry": { "type": "Point", "coordinates": [ -121.783, 38.73 ] } },
{ "type": "Feature", "properties": { "WCRNmbr": "WCR1977-000554", "PT_30ft": -334, "BlwThreshl": "Above", "Head": 11.1892, "lat": 38.735, "lon": -121.809 }, "geometry": { "type": "Point", "coordinates": [ -121.809, 38.735 ] } },
{ "type": "Feature", "properties": { "WCRNmbr": "WCR1990-012204", "PT_30ft": -142, "BlwThreshl": "Above", "Head": 33.1963, "lat": 38.714, "lon": -121.836 }, "geometry": { "type": "Point", "coordinates": [ -121.836, 38.714 ] } },
{ "type": "Feature", "properties": { "WCRNmbr": "WCR2008-000789", "PT_30ft": -135, "BlwThreshl": "Above", "Head": 31.0231, "lat": 38.721, "lon": -121.753 }, "geometry": { "type": "Point", "coordinates": [ -121.753, 38.721 ] } },
{ "type": "Feature", "properties": { "WCRNmbr": "WCR1976-001236", "PT_30ft": -370, "BlwThreshl": "Above", "Head": 27.4774, "lat": 38.728, "lon": -121.772 }, "geometry": { "type": "Point", "coordinates": [ -121.772, 38.728 ] } },
{ "type": "Feature", "properties": { "WCRNmbr": "WCR1976-001235", "PT_30ft": -126, "BlwThreshl": "Above", "Head": 33.1963, "lat": 38.715, "lon": -121.838 }, "geometry": { "type": "Point", "coordinates": [ -121.838, 38.715 ] } },
{ "type": "Feature", "properties": { "WCRNmbr": "WCR1986-001511", "PT_30ft": -152, "BlwThreshl": "Above", "Head": 8.51111, "lat": 38.746, "lon": -121.782 }, "geometry": { "type": "Point", "coordinates": [ -121.782, 38.746 ] } },
{ "type": "Feature", "properties": { "WCRNmbr": "WCR1977-001815", "PT_30ft": -120, "BlwThreshl": "Above", "Head": 27.4774, "lat": 38.727, "lon": -121.771 }, "geometry": { "type": "Point", "coordinates": [ -121.771, 38.727 ] } },
{ "type": "Feature", "properties": { "WCRNmbr": "WCR1982-003296", "PT_30ft": -218, "BlwThreshl": "Above", "Head": 27.7695, "lat": 38.725, "lon": -121.747 }, "geometry": { "type": "Point", "coordinates": [ -121.747, 38.725 ] } },
{ "type": "Feature", "properties": { "WCRNmbr": "WCR2010-000605", "PT_30ft": -99, "BlwThreshl": "Above", "Head": 12.6472, "lat": 38.738, "lon": -121.797 }, "geometry": { "type": "Point", "coordinates": [ -121.797, 38.738 ] } },
{ "type": "Feature", "properties": { "WCRNmbr": "WCR1981-003046", "PT_30ft": -14, "BlwThreshl": "Above", "Head": 26.4745, "lat": 38.728, "lon": -121.775 }, "geometry": { "type": "Point", "coordinates": [ -121.775, 38.728 ] } },
{ "type": "Feature", "properties": { "WCRNmbr": "WCR1977-002032", "PT_30ft": -152, "BlwThreshl": "Above", "Head": 6.71966, "lat": 38.742, "lon": -121.785 }, "geometry": { "type": "Point", "coordinates": [ -121.785, 38.742 ] } },
{ "type": "Feature", "properties": { "WCRNmbr": "WCR2001-006458", "PT_30ft": -120, "BlwThreshl": "Above", "Head": 4.97388, "lat": 38.745, "lon": -121.846 }, "geometry": { "type": "Point", "coordinates": [ -121.846, 38.745 ] } },
{ "type": "Feature", "properties": { "WCRNmbr": "WCR0209628", "PT_30ft": -245, "BlwThreshl": "Above", "Head": -14.7058, "lat": 38.814, "lon": -121.869 }, "geometry": { "type": "Point", "coordinates": [ -121.869, 38.814 ] } },
{ "type": "Feature", "properties": { "WCRNmbr": "WCR0239461", "PT_30ft": -145, "BlwThreshl": "Above", "Head": -15.0345, "lat": 38.816, "lon": -121.877 }, "geometry": { "type": "Point", "coordinates": [ -121.877, 38.816 ] } },
{ "type": "Feature", "properties": { "WCRNmbr": "WCR0293190", "PT_30ft": -3, "BlwThreshl": "Below", "Head": -19.6934, "lat": 38.795, "lon": -121.883 }, "geometry": { "type": "Point", "coordinates": [ -121.883, 38.795 ] } },
{ "type": "Feature", "properties": { "WCRNmbr": "WCR0156331", "PT_30ft": -125, "BlwThreshl": "Above", "Head": -16.8465, "lat": 38.805, "lon": -121.86 }, "geometry": { "type": "Point", "coordinates": [ -121.86, 38.805 ] } },
{ "type": "Feature", "properties": { "WCRNmbr": "WCR2024-000296", "PT_30ft": -167, "BlwThreshl": "Above", "Head": 8.51111, "lat": 38.745, "lon": -121.776 }, "geometry": { "type": "Point", "coordinates": [ -121.776, 38.745 ] } },
{ "type": "Feature", "properties": { "WCRNmbr": "WCR1970-000290", "PT_30ft": 144, "BlwThreshl": "Above", "Head": 147.473, "lat": 38.76, "lon": -122.055 }, "geometry": { "type": "Point", "coordinates": [ -122.055, 38.76 ] } },
{ "type": "Feature", "properties": { "WCRNmbr": "WCR1982-003312", "PT_30ft": 115, "BlwThreshl": "Below", "Head": 98.2759, "lat": 38.716, "lon": -121.929 }, "geometry": { "type": "Point", "coordinates": [ -121.929, 38.716 ] } },
{ "type": "Feature", "properties": { "WCRNmbr": "WCR0173435", "PT_30ft": 92, "BlwThreshl": "Above", "Head": 126.242, "lat": 38.717, "lon": -121.994 }, "geometry": { "type": "Point", "coordinates": [ -121.994, 38.717 ] } },
{ "type": "Feature", "properties": { "WCRNmbr": "WCR2021-003889", "PT_30ft": -238, "BlwThreshl": "Above", "Head": 15.4819, "lat": 38.89, "lon": -121.975 }, "geometry": { "type": "Point", "coordinates": [ -121.975, 38.89 ] } },
{ "type": "Feature", "properties": { "WCRNmbr": "WCR1995-000303", "PT_30ft": -70, "BlwThreshl": "Above", "Head": 5.53899, "lat": 38.86, "lon": -121.743 }, "geometry": { "type": "Point", "coordinates": [ -121.743, 38.86 ] } },
{ "type": "Feature", "properties": { "WCRNmbr": "WCR1971-000625", "PT_30ft": -7, "BlwThreshl": "Above", "Head": 224.91, "lat": 38.89, "lon": -121.987 }, "geometry": { "type": "Point", "coordinates": [ -121.987, 38.89 ] } },
{ "type": "Feature", "properties": { "WCRNmbr": "WCR1980-000170", "PT_30ft": -70, "BlwThreshl": "Above", "Head": 44.0231, "lat": 38.916, "lon": -122.021 }, "geometry": { "type": "Point", "coordinates": [ -122.021, 38.916 ] } },
{ "type": "Feature", "properties": { "WCRNmbr": "WCR1978-001736", "PT_30ft": -290, "BlwThreshl": "Above", "Head": 30.691, "lat": 38.916, "lon": -122.006 }, "geometry": { "type": "Point", "coordinates": [ -122.006, 38.916 ] } },
{ "type": "Feature", "properties": { "WCRNmbr": "WCR1989-003245", "PT_30ft": -18, "BlwThreshl": "Above", "Head": 53.5947, "lat": 38.91, "lon": -121.991 }, "geometry": { "type": "Point", "coordinates": [ -121.991, 38.91 ] } },
{ "type": "Feature", "properties": { "WCRNmbr": "WCR2016-006070", "PT_30ft": -288, "BlwThreshl": "Above", "Head": 11.7233, "lat": 38.881, "lon": -121.966 }, "geometry": { "type": "Point", "coordinates": [ -121.966, 38.881 ] } },
{ "type": "Feature", "properties": { "WCRNmbr": "WCR2016-014277", "PT_30ft": -162, "BlwThreshl": "Above", "Head": 28.9339, "lat": 38.897, "lon": -121.99 }, "geometry": { "type": "Point", "coordinates": [ -121.99, 38.897 ] } },
{ "type": "Feature", "properties": { "WCRNmbr": "WCR1972-000078", "PT_30ft": 157, "BlwThreshl": "Above", "Head": 334.709, "lat": 38.825, "lon": -122.191 }, "geometry": { "type": "Point", "coordinates": [ -122.191, 38.825 ] } },
{ "type": "Feature", "properties": { "WCRNmbr": "WCR1970-000318", "PT_30ft": 8, "BlwThreshl": "Above", "Head": 54.9643, "lat": 38.895, "lon": -121.985 }, "geometry": { "type": "Point", "coordinates": [ -121.985, 38.895 ] } },
{ "type": "Feature", "properties": { "WCRNmbr": "WCR1981-003104", "PT_30ft": 196, "BlwThreshl": "Above", "Head": 261.438, "lat": 38.721, "lon": -122.123 }, "geometry": { "type": "Point", "coordinates": [ -122.123, 38.721 ] } },
{ "type": "Feature", "properties": { "WCRNmbr": "WCR1991-004171", "PT_30ft": -42, "BlwThreshl": "Above", "Head": 28.9339, "lat": 38.896, "lon": -121.987 }, "geometry": { "type": "Point", "coordinates": [ -121.987, 38.896 ] } },
{ "type": "Feature", "properties": { "WCRNmbr": "WCR1992-004566", "PT_30ft": -214, "BlwThreshl": "Above", "Head": 25.5036, "lat": 38.721, "lon": -121.832 }, "geometry": { "type": "Point", "coordinates": [ -121.832, 38.721 ] } },
{ "type": "Feature", "properties": { "WCRNmbr": "WCR1995-003836", "PT_30ft": 265, "BlwThreshl": "Above", "Head": 345.682, "lat": 38.828, "lon": -122.187 }, "geometry": { "type": "Point", "coordinates": [ -122.187, 38.828 ] } },
{ "type": "Feature", "properties": { "WCRNmbr": "WCR1995-001112", "PT_30ft": -49, "BlwThreshl": "Above", "Head": 17.4653, "lat": 38.889, "lon": -121.986 }, "geometry": { "type": "Point", "coordinates": [ -121.986, 38.889 ] } },
{ "type": "Feature", "properties": { "WCRNmbr": "WCR2001-003905", "PT_30ft": 179, "BlwThreshl": "Above", "Head": 312.081, "lat": 38.679, "lon": -122.083 }, "geometry": { "type": "Point", "coordinates": [ -122.083, 38.679 ] } },
{ "type": "Feature", "properties": { "WCRNmbr": "WCR2000-002152", "PT_30ft": -104, "BlwThreshl": "Above", "Head": 19.5961, "lat": 38.722, "lon": -121.807 }, "geometry": { "type": "Point", "coordinates": [ -121.807, 38.722 ] } },
{ "type": "Feature", "properties": { "WCRNmbr": "WCR2006-002508", "PT_30ft": -64, "BlwThreshl": "Above", "Head": 28.9339, "lat": 38.899, "lon": -121.99 }, "geometry": { "type": "Point", "coordinates": [ -121.99, 38.899 ] } },
{ "type": "Feature", "properties": { "WCRNmbr": "WCR1970-000315", "PT_30ft": 11, "BlwThreshl": "Above", "Head": 55.6023, "lat": 38.901, "lon": -121.981 }, "geometry": { "type": "Point", "coordinates": [ -121.981, 38.901 ] } },
{ "type": "Feature", "properties": { "WCRNmbr": "WCR1978-001344", "PT_30ft": -37, "BlwThreshl": "Above", "Head": 56.2163, "lat": 38.891, "lon": -121.986 }, "geometry": { "type": "Point", "coordinates": [ -121.986, 38.891 ] } },
{ "type": "Feature", "properties": { "WCRNmbr": "WCR1973-000863", "PT_30ft": 301, "BlwThreshl": "Above", "Head": 320.292, "lat": 38.813, "lon": -122.177 }, "geometry": { "type": "Point", "coordinates": [ -122.177, 38.813 ] } },
{ "type": "Feature", "properties": { "WCRNmbr": "WCR1978-001151", "PT_30ft": 168, "BlwThreshl": "Above", "Head": 276.767, "lat": 38.71, "lon": -122.134 }, "geometry": { "type": "Point", "coordinates": [ -122.134, 38.71 ] } },
{ "type": "Feature", "properties": { "WCRNmbr": "WCR1985-004113", "PT_30ft": -117, "BlwThreshl": "Above", "Head": -11.0901, "lat": 38.828, "lon": -121.919 }, "geometry": { "type": "Point", "coordinates": [ -121.919, 38.828 ] } },
{ "type": "Feature", "properties": { "WCRNmbr": "WCR1984-002888", "PT_30ft": -35, "BlwThreshl": "Above", "Head": -19.6934, "lat": 38.797, "lon": -121.883 }, "geometry": { "type": "Point", "coordinates": [ -121.883, 38.797 ] } },
{ "type": "Feature", "properties": { "WCRNmbr": "WCR0178212", "PT_30ft": 110, "BlwThreshl": "Above", "Head": 398.567, "lat": 38.832, "lon": -122.211 }, "geometry": { "type": "Point", "coordinates": [ -122.211, 38.832 ] } },
{ "type": "Feature", "properties": { "WCRNmbr": "WCR1982-000003", "PT_30ft": 119, "BlwThreshl": "Below", "Head": 98.2759, "lat": 38.717, "lon": -121.926 }, "geometry": { "type": "Point", "coordinates": [ -121.926, 38.717 ] } },
{ "type": "Feature", "properties": { "WCRNmbr": "WCR1979-000552", "PT_30ft": -22, "BlwThreshl": "Above", "Head": 1.34961, "lat": 38.793, "lon": -121.767 }, "geometry": { "type": "Point", "coordinates": [ -121.767, 38.793 ] } },
{ "type": "Feature", "properties": { "WCRNmbr": "WCR1988-007712", "PT_30ft": -31, "BlwThreshl": "Above", "Head": 56.2163, "lat": 38.891, "lon": -121.983 }, "geometry": { "type": "Point", "coordinates": [ -121.983, 38.891 ] } },
{ "type": "Feature", "properties": { "WCRNmbr": "WCR1989-003246", "PT_30ft": -107, "BlwThreshl": "Above", "Head": -6.52314, "lat": 38.828, "lon": -121.923 }, "geometry": { "type": "Point", "coordinates": [ -121.923, 38.828 ] } },
{ "type": "Feature", "properties": { "WCRNmbr": "WCR1991-010696", "PT_30ft": 25, "BlwThreshl": "Above", "Head": 120.627, "lat": 38.797, "lon": -122.002 }, "geometry": { "type": "Point", "coordinates": [ -122.002, 38.797 ] } },
{ "type": "Feature", "properties": { "WCRNmbr": "WCR1996-002750", "PT_30ft": -139, "BlwThreshl": "Above", "Head": 14.8199, "lat": 38.88, "lon": -121.971 }, "geometry": { "type": "Point", "coordinates": [ -121.971, 38.88 ] } },
{ "type": "Feature", "properties": { "WCRNmbr": "WCR2001-001345", "PT_30ft": -91, "BlwThreshl": "Above", "Head": 28.9339, "lat": 38.898, "lon": -121.987 }, "geometry": { "type": "Point", "coordinates": [ -121.987, 38.898 ] } },
{ "type": "Feature", "properties": { "WCRNmbr": "WCR1996-002758", "PT_30ft": 181, "BlwThreshl": "Above", "Head": 273.344, "lat": 38.707, "lon": -122.134 }, "geometry": { "type": "Point", "coordinates": [ -122.134, 38.707 ] } },
{ "type": "Feature", "properties": { "WCRNmbr": "WCR2000-002827", "PT_30ft": -233, "BlwThreshl": "Above", "Head": 75.6105, "lat": 38.71, "lon": -121.901 }, "geometry": { "type": "Point", "coordinates": [ -121.901, 38.71 ] } },
{ "type": "Feature", "properties": { "WCRNmbr": "WCR2006-000683", "PT_30ft": -105, "BlwThreshl": "Above", "Head": 19.9508, "lat": 38.896, "lon": -121.979 }, "geometry": { "type": "Point", "coordinates": [ -121.979, 38.896 ] } },
{ "type": "Feature", "properties": { "WCRNmbr": "WCR2019-004360", "PT_30ft": -90, "BlwThreshl": "Above", "Head": -9.0988, "lat": 38.832, "lon": -121.915 }, "geometry": { "type": "Point", "coordinates": [ -121.915, 38.832 ] } },
{ "type": "Feature", "properties": { "WCRNmbr": "WCR2023-008190", "PT_30ft": -271, "BlwThreshl": "Above", "Head": 56.5418, "lat": 38.693, "lon": -121.875 }, "geometry": { "type": "Point", "coordinates": [ -121.875, 38.693 ] } },
{ "type": "Feature", "properties": { "WCRNmbr": "WCR1983-003683", "PT_30ft": -139, "BlwThreshl": "Above", "Head": -10.9704, "lat": 38.831, "lon": -121.873 }, "geometry": { "type": "Point", "coordinates": [ -121.873, 38.831 ] } },
{ "type": "Feature", "properties": { "WCRNmbr": "WCR1973-000319", "PT_30ft": 12, "BlwThreshl": "Above", "Head": 65.0177, "lat": 38.897, "lon": -121.988 }, "geometry": { "type": "Point", "coordinates": [ -121.988, 38.897 ] } },
{ "type": "Feature", "properties": { "WCRNmbr": "WCR1976-001356", "PT_30ft": -14, "BlwThreshl": "Above", "Head": 54.9643, "lat": 38.894, "lon": -121.985 }, "geometry": { "type": "Point", "coordinates": [ -121.985, 38.894 ] } },
{ "type": "Feature", "properties": { "WCRNmbr": "WCR1982-003308", "PT_30ft": -102, "BlwThreshl": "Above", "Head": 9.2251, "lat": 38.785, "lon": -121.727 }, "geometry": { "type": "Point", "coordinates": [ -121.727, 38.785 ] } },
{ "type": "Feature", "properties": { "WCRNmbr": "WCR1985-000469", "PT_30ft": -87, "BlwThreshl": "Above", "Head": 19.9508, "lat": 38.897, "lon": -121.984 }, "geometry": { "type": "Point", "coordinates": [ -121.984, 38.897 ] } },
{ "type": "Feature", "properties": { "WCRNmbr": "WCR1986-004910", "PT_30ft": -52, "BlwThreshl": "Above", "Head": 54.9643, "lat": 38.899, "lon": -121.986 }, "geometry": { "type": "Point", "coordinates": [ -121.986, 38.899 ] } },
{ "type": "Feature", "properties": { "WCRNmbr": "WCR1986-007582", "PT_30ft": 162, "BlwThreshl": "Above", "Head": 288.761, "lat": 38.767, "lon": -122.16 }, "geometry": { "type": "Point", "coordinates": [ -122.16, 38.767 ] } },
{ "type": "Feature", "properties": { "WCRNmbr": "WCR2001-006065", "PT_30ft": -40, "BlwThreshl": "Above", "Head": 54.9643, "lat": 38.899, "lon": -121.981 }, "geometry": { "type": "Point", "coordinates": [ -121.981, 38.899 ] } },
{ "type": "Feature", "properties": { "WCRNmbr": "WCR2003-001282", "PT_30ft": -163, "BlwThreshl": "Above", "Head": -3.59707, "lat": 38.766, "lon": -121.81 }, "geometry": { "type": "Point", "coordinates": [ -121.81, 38.766 ] } },
{ "type": "Feature", "properties": { "WCRNmbr": "WCR2015-004457", "PT_30ft": -447, "BlwThreshl": "Above", "Head": -0.0985377, "lat": 38.754, "lon": -121.794 }, "geometry": { "type": "Point", "coordinates": [ -121.794, 38.754 ] } },
{ "type": "Feature", "properties": { "WCRNmbr": "WCR1978-001348", "PT_30ft": 197, "BlwThreshl": "Above", "Head": 288.761, "lat": 38.767, "lon": -122.154 }, "geometry": { "type": "Point", "coordinates": [ -122.154, 38.767 ] } },
{ "type": "Feature", "properties": { "WCRNmbr": "WCR1977-001819", "PT_30ft": -131, "BlwThreshl": "Above", "Head": 27.4774, "lat": 38.727, "lon": -121.769 }, "geometry": { "type": "Point", "coordinates": [ -121.769, 38.727 ] } },
{ "type": "Feature", "properties": { "WCRNmbr": "WCR1972-000386", "PT_30ft": -33, "BlwThreshl": "Above", "Head": 54.9643, "lat": 38.897, "lon": -121.984 }, "geometry": { "type": "Point", "coordinates": [ -121.984, 38.897 ] } },
{ "type": "Feature", "properties": { "WCRNmbr": "WCR1976-000263", "PT_30ft": -112, "BlwThreshl": "Above", "Head": -17.4853, "lat": 38.794, "lon": -121.896 }, "geometry": { "type": "Point", "coordinates": [ -121.896, 38.794 ] } },
{ "type": "Feature", "properties": { "WCRNmbr": "WCR1983-001589", "PT_30ft": -16, "BlwThreshl": "Above", "Head": 60.4114, "lat": 38.901, "lon": -121.99 }, "geometry": { "type": "Point", "coordinates": [ -121.99, 38.901 ] } },
{ "type": "Feature", "properties": { "WCRNmbr": "WCR1987-001754", "PT_30ft": 181, "BlwThreshl": "Above", "Head": 327.733, "lat": 38.82, "lon": -122.184 }, "geometry": { "type": "Point", "coordinates": [ -122.184, 38.82 ] } },
{ "type": "Feature", "properties": { "WCRNmbr": "WCR1999-001907", "PT_30ft": -303, "BlwThreshl": "Above", "Head": 7.71383, "lat": 38.776, "lon": -121.752 }, "geometry": { "type": "Point", "coordinates": [ -121.752, 38.776 ] } },
{ "type": "Feature", "properties": { "WCRNmbr": "WCR2000-006831", "PT_30ft": 282, "BlwThreshl": "Below", "Head": 273.344, "lat": 38.705, "lon": -122.129 }, "geometry": { "type": "Point", "coordinates": [ -122.129, 38.705 ] } },
{ "type": "Feature", "properties": { "WCRNmbr": "WCR2016-010076", "PT_30ft": -30, "BlwThreshl": "Above", "Head": 267.327, "lat": 38.78, "lon": -122.167 }, "geometry": { "type": "Point", "coordinates": [ -122.167, 38.78 ] } },
{ "type": "Feature", "properties": { "WCRNmbr": "WCR2007-001786", "PT_30ft": -124, "BlwThreshl": "Above", "Head": -7.05204, "lat": 38.77, "lon": -121.813 }, "geometry": { "type": "Point", "coordinates": [ -121.813, 38.77 ] } },
{ "type": "Feature", "properties": { "WCRNmbr": "WCR2023-001456", "PT_30ft": -3, "BlwThreshl": "Above", "Head": 335.703, "lat": 38.844, "lon": -122.202 }, "geometry": { "type": "Point", "coordinates": [ -122.202, 38.844 ] } },
{ "type": "Feature", "properties": { "WCRNmbr": "WCR1978-001286", "PT_30ft": -271, "BlwThreshl": "Above", "Head": -12.2871, "lat": 38.799, "lon": -121.845 }, "geometry": { "type": "Point", "coordinates": [ -121.845, 38.799 ] } },
{ "type": "Feature", "properties": { "WCRNmbr": "WCR1997-001910", "PT_30ft": 5, "BlwThreshl": "Above", "Head": 154.045, "lat": 38.912, "lon": -122.074 }, "geometry": { "type": "Point", "coordinates": [ -122.074, 38.912 ] } },
{ "type": "Feature", "properties": { "WCRNmbr": "WCR2004-002506", "PT_30ft": -94, "BlwThreshl": "Above", "Head": 14.615, "lat": 38.731, "lon": -121.817 }, "geometry": { "type": "Point", "coordinates": [ -121.817, 38.731 ] } },
{ "type": "Feature", "properties": { "WCRNmbr": "WCR2001-006049", "PT_30ft": -43, "BlwThreshl": "Above", "Head": 56.2163, "lat": 38.89, "lon": -121.983 }, "geometry": { "type": "Point", "coordinates": [ -121.983, 38.89 ] } },
{ "type": "Feature", "properties": { "WCRNmbr": "WCR2004-005583", "PT_30ft": -76, "BlwThreshl": "Above", "Head": 28.9339, "lat": 38.895, "lon": -121.989 }, "geometry": { "type": "Point", "coordinates": [ -121.989, 38.895 ] } },
{ "type": "Feature", "properties": { "WCRNmbr": "WCR2003-004452", "PT_30ft": -62, "BlwThreshl": "Above", "Head": 17.4653, "lat": 38.89, "lon": -121.983 }, "geometry": { "type": "Point", "coordinates": [ -121.983, 38.89 ] } },
{ "type": "Feature", "properties": { "WCRNmbr": "WCR2005-004012", "PT_30ft": -64, "BlwThreshl": "Above", "Head": 17.4653, "lat": 38.893, "lon": -121.981 }, "geometry": { "type": "Point", "coordinates": [ -121.981, 38.893 ] } },
{ "type": "Feature", "properties": { "WCRNmbr": "WCR2023-006139", "PT_30ft": -430, "BlwThreshl": "Above", "Head": 70.7307, "lat": 38.696, "lon": -121.886 }, "geometry": { "type": "Point", "coordinates": [ -121.886, 38.696 ] } },
{ "type": "Feature", "properties": { "WCRNmbr": "WCR1976-001026", "PT_30ft": -24, "BlwThreshl": "Above", "Head": 56.2163, "lat": 38.891, "lon": -121.982 }, "geometry": { "type": "Point", "coordinates": [ -121.982, 38.891 ] } },
{ "type": "Feature", "properties": { "WCRNmbr": "WCR1972-000579", "PT_30ft": -34, "BlwThreshl": "Above", "Head": 47.0172, "lat": 38.696, "lon": -121.84 }, "geometry": { "type": "Point", "coordinates": [ -121.84, 38.696 ] } },
{ "type": "Feature", "properties": { "WCRNmbr": "WCR1978-001329", "PT_30ft": -60, "BlwThreshl": "Above", "Head": 47.2067, "lat": 38.893, "lon": -121.973 }, "geometry": { "type": "Point", "coordinates": [ -121.973, 38.893 ] } },
{ "type": "Feature", "properties": { "WCRNmbr": "WCR1984-004772", "PT_30ft": -34, "BlwThreshl": "Above", "Head": 54.9643, "lat": 38.9, "lon": -121.986 }, "geometry": { "type": "Point", "coordinates": [ -121.986, 38.9 ] } },
{ "type": "Feature", "properties": { "WCRNmbr": "WCR2007-006424", "PT_30ft": 190, "BlwThreshl": "Above", "Head": 265.147, "lat": 38.71, "lon": -122.122 }, "geometry": { "type": "Point", "coordinates": [ -122.122, 38.71 ] } },
{ "type": "Feature", "properties": { "WCRNmbr": "WCR2023-008902", "PT_30ft": -266, "BlwThreshl": "Above", "Head": 75.6105, "lat": 38.706, "lon": -121.901 }, "geometry": { "type": "Point", "coordinates": [ -121.901, 38.706 ] } },
{ "type": "Feature", "properties": { "WCRNmbr": "WCR1977-001830", "PT_30ft": -199, "BlwThreshl": "Above", "Head": 25.5036, "lat": 38.722, "lon": -121.838 }, "geometry": { "type": "Point", "coordinates": [ -121.838, 38.722 ] } },
{ "type": "Feature", "properties": { "WCRNmbr": "WCR2016-014318", "PT_30ft": 190, "BlwThreshl": "Above", "Head": 224.085, "lat": 38.822, "lon": -122.063 }, "geometry": { "type": "Point", "coordinates": [ -122.063, 38.822 ] } },
{ "type": "Feature", "properties": { "WCRNmbr": "WCR1992-004982", "PT_30ft": 104, "BlwThreshl": "Above", "Head": 287.758, "lat": 38.751, "lon": -122.17 }, "geometry": { "type": "Point", "coordinates": [ -122.17, 38.751 ] } },
{ "type": "Feature", "properties": { "WCRNmbr": "WCR1982-003289", "PT_30ft": 289, "BlwThreshl": "Below", "Head": 261.438, "lat": 38.722, "lon": -122.122 }, "geometry": { "type": "Point", "coordinates": [ -122.122, 38.722 ] } },
{ "type": "Feature", "properties": { "WCRNmbr": "WCR1982-003288", "PT_30ft": 179, "BlwThreshl": "Above", "Head": 351.417, "lat": 38.842, "lon": -122.212 }, "geometry": { "type": "Point", "coordinates": [ -122.212, 38.842 ] } },
{ "type": "Feature", "properties": { "WCRNmbr": "WCR1978-001327", "PT_30ft": -117, "BlwThreshl": "Above", "Head": 28.9339, "lat": 38.899, "lon": -121.991 }, "geometry": { "type": "Point", "coordinates": [ -121.991, 38.899 ] } },
{ "type": "Feature", "properties": { "WCRNmbr": "WCR2000-006849", "PT_30ft": 263, "BlwThreshl": "Above", "Head": 274.206, "lat": 38.719, "lon": -122.142 }, "geometry": { "type": "Point", "coordinates": [ -122.142, 38.719 ] } },
{ "type": "Feature", "properties": { "WCRNmbr": "WCR2007-001799", "PT_30ft": -49, "BlwThreshl": "Above", "Head": 44.9389, "lat": 38.917, "lon": -121.99 }, "geometry": { "type": "Point", "coordinates": [ -121.99, 38.917 ] } },
{ "type": "Feature", "properties": { "WCRNmbr": "WCR2007-001131", "PT_30ft": -81, "BlwThreshl": "Above", "Head": 17.4653, "lat": 38.889, "lon": -121.984 }, "geometry": { "type": "Point", "coordinates": [ -121.984, 38.889 ] } },
{ "type": "Feature", "properties": { "WCRNmbr": "WCR2001-001809", "PT_30ft": -200, "BlwThreshl": "Above", "Head": -10.8605, "lat": 38.819, "lon": -121.922 }, "geometry": { "type": "Point", "coordinates": [ -121.922, 38.819 ] } },
{ "type": "Feature", "properties": { "WCRNmbr": "WCR2023-013751", "PT_30ft": -515, "BlwThreshl": "Above", "Head": 11.7233, "lat": 38.885, "lon": -121.968 }, "geometry": { "type": "Point", "coordinates": [ -121.968, 38.885 ] } },
{ "type": "Feature", "properties": { "WCRNmbr": "WCR1982-003197", "PT_30ft": 184, "BlwThreshl": "Above", "Head": 351.469, "lat": 38.844, "lon": -122.198 }, "geometry": { "type": "Point", "coordinates": [ -122.198, 38.844 ] } },
{ "type": "Feature", "properties": { "WCRNmbr": "WCR2003-004457", "PT_30ft": -48, "BlwThreshl": "Above", "Head": 28.9339, "lat": 38.9, "lon": -121.988 }, "geometry": { "type": "Point", "coordinates": [ -121.988, 38.9 ] } },
{ "type": "Feature", "properties": { "WCRNmbr": "WCR2002-006618", "PT_30ft": 208, "BlwThreshl": "Above", "Head": 261.438, "lat": 38.72, "lon": -122.119 }, "geometry": { "type": "Point", "coordinates": [ -122.119, 38.72 ] } },
{ "type": "Feature", "properties": { "WCRNmbr": "WCR2016-011401", "PT_30ft": -193, "BlwThreshl": "Above", "Head": 8.39307, "lat": 38.753, "lon": -121.774 }, "geometry": { "type": "Point", "coordinates": [ -121.774, 38.753 ] } },
{ "type": "Feature", "properties": { "WCRNmbr": "WCR1981-003066", "PT_30ft": 231, "BlwThreshl": "Above", "Head": 297.012, "lat": 38.697, "lon": -122.119 }, "geometry": { "type": "Point", "coordinates": [ -122.119, 38.697 ] } },
{ "type": "Feature", "properties": { "WCRNmbr": "WCR1974-000237", "PT_30ft": -200, "BlwThreshl": "Above", "Head": -10.9296, "lat": 38.762, "lon": -121.843 }, "geometry": { "type": "Point", "coordinates": [ -121.843, 38.762 ] } },
{ "type": "Feature", "properties": { "WCRNmbr": "WCR1986-002726", "PT_30ft": 88, "BlwThreshl": "Below", "Head": 73.5899, "lat": 38.717, "lon": -121.888 }, "geometry": { "type": "Point", "coordinates": [ -121.888, 38.717 ] } },
{ "type": "Feature", "properties": { "WCRNmbr": "WCR1978-000253", "PT_30ft": 338, "BlwThreshl": "Above", "Head": 345.682, "lat": 38.828, "lon": -122.189 }, "geometry": { "type": "Point", "coordinates": [ -122.189, 38.828 ] } },
{ "type": "Feature", "properties": { "WCRNmbr": "WCR1971-000118", "PT_30ft": -100, "BlwThreshl": "Above", "Head": 19.9508, "lat": 38.895, "lon": -121.983 }, "geometry": { "type": "Point", "coordinates": [ -121.983, 38.895 ] } },
{ "type": "Feature", "properties": { "WCRNmbr": "WCR1976-000248", "PT_30ft": -33, "BlwThreshl": "Above", "Head": -2.5807, "lat": 38.782, "lon": -121.784 }, "geometry": { "type": "Point", "coordinates": [ -121.784, 38.782 ] } },
{ "type": "Feature", "properties": { "WCRNmbr": "WCR1976-000252", "PT_30ft": -88, "BlwThreshl": "Above", "Head": 44.7985, "lat": 38.709, "lon": -121.856 }, "geometry": { "type": "Point", "coordinates": [ -121.856, 38.709 ] } },
{ "type": "Feature", "properties": { "WCRNmbr": "WCR2003-004368", "PT_30ft": -67, "BlwThreshl": "Above", "Head": 28.9339, "lat": 38.896, "lon": -121.99 }, "geometry": { "type": "Point", "coordinates": [ -121.99, 38.896 ] } },
{ "type": "Feature", "properties": { "WCRNmbr": "WCR2004-004640", "PT_30ft": 177, "BlwThreshl": "Above", "Head": 344.526, "lat": 38.686, "lon": -122.089 }, "geometry": { "type": "Point", "coordinates": [ -122.089, 38.686 ] } },
{ "type": "Feature", "properties": { "WCRNmbr": "WCR2004-005443", "PT_30ft": -66, "BlwThreshl": "Above", "Head": 28.9339, "lat": 38.896, "lon": -121.989 }, "geometry": { "type": "Point", "coordinates": [ -121.989, 38.896 ] } },
{ "type": "Feature", "properties": { "WCRNmbr": "WCR1978-001729", "PT_30ft": 235, "BlwThreshl": "Above", "Head": 322.984, "lat": 38.767, "lon": -122.185 }, "geometry": { "type": "Point", "coordinates": [ -122.185, 38.767 ] } },
{ "type": "Feature", "properties": { "WCRNmbr": "WCR1981-002431", "PT_30ft": 140, "BlwThreshl": "Above", "Head": 286.062, "lat": 38.755, "lon": -122.147 }, "geometry": { "type": "Point", "coordinates": [ -122.147, 38.755 ] } },
{ "type": "Feature", "properties": { "WCRNmbr": "WCR1978-001331", "PT_30ft": -25, "BlwThreshl": "Above", "Head": 65.0177, "lat": 38.894, "lon": -121.99 }, "geometry": { "type": "Point", "coordinates": [ -121.99, 38.894 ] } },
{ "type": "Feature", "properties": { "WCRNmbr": "WCR1974-000236", "PT_30ft": -114, "BlwThreshl": "Above", "Head": 9.87313, "lat": 38.698, "lon": -121.633 }, "geometry": { "type": "Point", "coordinates": [ -121.633, 38.698 ] } },
{ "type": "Feature", "properties": { "WCRNmbr": "WCR1987-004554", "PT_30ft": -44, "BlwThreshl": "Above", "Head": 56.2163, "lat": 38.889, "lon": -121.981 }, "geometry": { "type": "Point", "coordinates": [ -121.981, 38.889 ] } },
{ "type": "Feature", "properties": { "WCRNmbr": "WCR2007-001791", "PT_30ft": -78, "BlwThreshl": "Above", "Head": 19.9508, "lat": 38.896, "lon": -121.984 }, "geometry": { "type": "Point", "coordinates": [ -121.984, 38.896 ] } },
{ "type": "Feature", "properties": { "WCRNmbr": "WCR2005-004014", "PT_30ft": -78, "BlwThreshl": "Above", "Head": 17.4653, "lat": 38.89, "lon": -121.986 }, "geometry": { "type": "Point", "coordinates": [ -121.986, 38.89 ] } },
{ "type": "Feature", "properties": { "WCRNmbr": "WCR2016-015608", "PT_30ft": -363, "BlwThreshl": "Above", "Head": -10.9296, "lat": 38.759, "lon": -121.844 }, "geometry": { "type": "Point", "coordinates": [ -121.844, 38.759 ] } },
{ "type": "Feature", "properties": { "WCRNmbr": "WCR1975-000312", "PT_30ft": 145, "BlwThreshl": "Above", "Head": 269.095, "lat": 38.712, "lon": -122.129 }, "geometry": { "type": "Point", "coordinates": [ -122.129, 38.712 ] } },
{ "type": "Feature", "properties": { "WCRNmbr": "WCR1972-000376", "PT_30ft": -53, "BlwThreshl": "Above", "Head": 60.4114, "lat": 38.907, "lon": -121.991 }, "geometry": { "type": "Point", "coordinates": [ -121.991, 38.907 ] } },
{ "type": "Feature", "properties": { "WCRNmbr": "WCR1973-000524", "PT_30ft": -321, "BlwThreshl": "Above", "Head": 1.62723, "lat": 38.785, "lon": -121.774 }, "geometry": { "type": "Point", "coordinates": [ -121.774, 38.785 ] } },
{ "type": "Feature", "properties": { "WCRNmbr": "WCR1976-001024", "PT_30ft": 2, "BlwThreshl": "Above", "Head": 55.6023, "lat": 38.9, "lon": -121.98 }, "geometry": { "type": "Point", "coordinates": [ -121.98, 38.9 ] } },
{ "type": "Feature", "properties": { "WCRNmbr": "WCR1978-001330", "PT_30ft": -15, "BlwThreshl": "Above", "Head": 44.7639, "lat": 38.891, "lon": -121.977 }, "geometry": { "type": "Point", "coordinates": [ -121.977, 38.891 ] } },
{ "type": "Feature", "properties": { "WCRNmbr": "WCR2002-006624", "PT_30ft": 18, "BlwThreshl": "Above", "Head": 29.0708, "lat": 38.787, "lon": -121.923 }, "geometry": { "type": "Point", "coordinates": [ -121.923, 38.787 ] } },
{ "type": "Feature", "properties": { "WCRNmbr": "WCR2005-004078", "PT_30ft": -97, "BlwThreshl": "Above", "Head": 19.9508, "lat": 38.896, "lon": -121.984 }, "geometry": { "type": "Point", "coordinates": [ -121.984, 38.896 ] } },
{ "type": "Feature", "properties": { "WCRNmbr": "WCR1987-009024", "PT_30ft": 231, "BlwThreshl": "Above", "Head": 451.782, "lat": 38.865, "lon": -122.228 }, "geometry": { "type": "Point", "coordinates": [ -122.228, 38.865 ] } },
{ "type": "Feature", "properties": { "WCRNmbr": "WCR1983-003685", "PT_30ft": -245, "BlwThreshl": "Above", "Head": -14.7058, "lat": 38.814, "lon": -121.87 }, "geometry": { "type": "Point", "coordinates": [ -121.87, 38.814 ] } },
{ "type": "Feature", "properties": { "WCRNmbr": "WCR2002-008490", "PT_30ft": -27, "BlwThreshl": "Above", "Head": 54.9643, "lat": 38.895, "lon": -121.979 }, "geometry": { "type": "Point", "coordinates": [ -121.979, 38.895 ] } },
{ "type": "Feature", "properties": { "WCRNmbr": "WCR2002-001190", "PT_30ft": 162, "BlwThreshl": "Above", "Head": 334.709, "lat": 38.827, "lon": -122.197 }, "geometry": { "type": "Point", "coordinates": [ -122.197, 38.827 ] } },
{ "type": "Feature", "properties": { "WCRNmbr": "WCR1992-007771", "PT_30ft": 190, "BlwThreshl": "Above", "Head": 342.889, "lat": 38.828, "lon": -122.195 }, "geometry": { "type": "Point", "coordinates": [ -122.195, 38.828 ] } },
{ "type": "Feature", "properties": { "WCRNmbr": "WCR0100930", "PT_30ft": -113, "BlwThreshl": "Above", "Head": 19.1641, "lat": 38.774, "lon": -121.905 }, "geometry": { "type": "Point", "coordinates": [ -121.905, 38.774 ] } },
{ "type": "Feature", "properties": { "WCRNmbr": "WCR1975-000504", "PT_30ft": -57, "BlwThreshl": "Above", "Head": 44.7639, "lat": 38.886, "lon": -121.97 }, "geometry": { "type": "Point", "coordinates": [ -121.97, 38.886 ] } },
{ "type": "Feature", "properties": { "WCRNmbr": "WCR1999-000273", "PT_30ft": -62, "BlwThreshl": "Above", "Head": 8.46219, "lat": 38.793, "lon": -121.727 }, "geometry": { "type": "Point", "coordinates": [ -121.727, 38.793 ] } },
{ "type": "Feature", "properties": { "WCRNmbr": "WCR2000-001255", "PT_30ft": -92, "BlwThreshl": "Above", "Head": 27.0103, "lat": 38.808, "lon": -121.948 }, "geometry": { "type": "Point", "coordinates": [ -121.948, 38.808 ] } },
{ "type": "Feature", "properties": { "WCRNmbr": "WCR2004-002502", "PT_30ft": -70, "BlwThreshl": "Above", "Head": 19.9508, "lat": 38.894, "lon": -121.978 }, "geometry": { "type": "Point", "coordinates": [ -121.978, 38.894 ] } },
{ "type": "Feature", "properties": { "WCRNmbr": "WCR2011-006729", "PT_30ft": -385, "BlwThreshl": "Above", "Head": -10.8165, "lat": 38.793, "lon": -121.835 }, "geometry": { "type": "Point", "coordinates": [ -121.835, 38.793 ] } },
{ "type": "Feature", "properties": { "WCRNmbr": "WCR2002-001460", "PT_30ft": 176, "BlwThreshl": "Above", "Head": 261.438, "lat": 38.72, "lon": -122.123 }, "geometry": { "type": "Point", "coordinates": [ -122.123, 38.72 ] } },
{ "type": "Feature", "properties": { "WCRNmbr": "WCR0156322", "PT_30ft": 255, "BlwThreshl": "Above", "Head": 391.756, "lat": 38.878, "lon": -122.221 }, "geometry": { "type": "Point", "coordinates": [ -122.221, 38.878 ] } },
{ "type": "Feature", "properties": { "WCRNmbr": "WCR1972-000387", "PT_30ft": -3, "BlwThreshl": "Above", "Head": 224.91, "lat": 38.891, "lon": -121.987 }, "geometry": { "type": "Point", "coordinates": [ -121.987, 38.891 ] } },
{ "type": "Feature", "properties": { "WCRNmbr": "WCR1971-000398", "PT_30ft": -14, "BlwThreshl": "Above", "Head": 54.9643, "lat": 38.896, "lon": -121.983 }, "geometry": { "type": "Point", "coordinates": [ -121.983, 38.896 ] } },
{ "type": "Feature", "properties": { "WCRNmbr": "WCR1994-000950", "PT_30ft": 231, "BlwThreshl": "Above", "Head": 274.206, "lat": 38.722, "lon": -122.138 }, "geometry": { "type": "Point", "coordinates": [ -122.138, 38.722 ] } },
{ "type": "Feature", "properties": { "WCRNmbr": "WCR1990-012497", "PT_30ft": -173, "BlwThreshl": "Above", "Head": 35.9261, "lat": 38.712, "lon": -121.844 }, "geometry": { "type": "Point", "coordinates": [ -121.844, 38.712 ] } },
{ "type": "Feature", "properties": { "WCRNmbr": "WCR2005-004660", "PT_30ft": 46, "BlwThreshl": "Above", "Head": 128.986, "lat": 38.663, "lon": -121.983 }, "geometry": { "type": "Point", "coordinates": [ -121.983, 38.663 ] } },
{ "type": "Feature", "properties": { "WCRNmbr": "WCR2018-005346", "PT_30ft": -319, "BlwThreshl": "Above", "Head": 72.1004, "lat": 38.735, "lon": -121.916 }, "geometry": { "type": "Point", "coordinates": [ -121.916, 38.735 ] } },
{ "type": "Feature", "properties": { "WCRNmbr": "WCR1978-001735", "PT_30ft": 75, "BlwThreshl": "Above", "Head": 82.3345, "lat": 38.736, "lon": -121.889 }, "geometry": { "type": "Point", "coordinates": [ -121.889, 38.736 ] } },
{ "type": "Feature", "properties": { "WCRNmbr": "WCR1976-001218", "PT_30ft": -296, "BlwThreshl": "Above", "Head": 5.54928, "lat": 38.735, "lon": -121.855 }, "geometry": { "type": "Point", "coordinates": [ -121.855, 38.735 ] } },
{ "type": "Feature", "properties": { "WCRNmbr": "WCR1980-002421", "PT_30ft": -115, "BlwThreshl": "Above", "Head": 13.7756, "lat": 38.727, "lon": -121.857 }, "geometry": { "type": "Point", "coordinates": [ -121.857, 38.727 ] } },
{ "type": "Feature", "properties": { "WCRNmbr": "WCR2022-013989", "PT_30ft": -389, "BlwThreshl": "Above", "Head": 13.7989, "lat": 38.729, "lon": -121.847 }, "geometry": { "type": "Point", "coordinates": [ -121.847, 38.729 ] } },
{ "type": "Feature", "properties": { "WCRNmbr": "WCR1991-009580", "PT_30ft": -244, "BlwThreshl": "Above", "Head": 53.9075, "lat": 38.721, "lon": -121.873 }, "geometry": { "type": "Point", "coordinates": [ -121.873, 38.721 ] } },
{ "type": "Feature", "properties": { "WCRNmbr": "WCR1983-003696", "PT_30ft": 118, "BlwThreshl": "Below", "Head": 73.9792, "lat": 38.721, "lon": -121.887 }, "geometry": { "type": "Point", "coordinates": [ -121.887, 38.721 ] } },
{ "type": "Feature", "properties": { "WCRNmbr": "WCR2014-002925", "PT_30ft": -88, "BlwThreshl": "Above", "Head": 76.9068, "lat": 38.713, "lon": -121.91 }, "geometry": { "type": "Point", "coordinates": [ -121.91, 38.713 ] } },
{ "type": "Feature", "properties": { "WCRNmbr": "WCR2001-006437", "PT_30ft": -195, "BlwThreshl": "Above", "Head": 75.4253, "lat": 38.72, "lon": -121.906 }, "geometry": { "type": "Point", "coordinates": [ -121.906, 38.72 ] } },
{ "type": "Feature", "properties": { "WCRNmbr": "WCR2018-000221", "PT_30ft": -277, "BlwThreshl": "Above", "Head": 75.4253, "lat": 38.72, "lon": -121.906 }, "geometry": { "type": "Point", "coordinates": [ -121.906, 38.72 ] } },
{ "type": "Feature", "properties": { "WCRNmbr": "WCR1976-000265", "PT_30ft": -166, "BlwThreshl": "Above", "Head": 75.4297, "lat": 38.698, "lon": -121.902 }, "geometry": { "type": "Point", "coordinates": [ -121.902, 38.698 ] } },
{ "type": "Feature", "properties": { "WCRNmbr": "WCR1993-003254", "PT_30ft": -331, "BlwThreshl": "Above", "Head": 75.6105, "lat": 38.707, "lon": -121.901 }, "geometry": { "type": "Point", "coordinates": [ -121.901, 38.707 ] } },
{ "type": "Feature", "properties": { "WCRNmbr": "WCR1998-003781", "PT_30ft": -272, "BlwThreshl": "Above", "Head": 75.6105, "lat": 38.706, "lon": -121.902 }, "geometry": { "type": "Point", "coordinates": [ -121.902, 38.706 ] } },
{ "type": "Feature", "properties": { "WCRNmbr": "WCR2020-004374", "PT_30ft": -319, "BlwThreshl": "Above", "Head": 80.22, "lat": 38.704, "lon": -121.908 }, "geometry": { "type": "Point", "coordinates": [ -121.908, 38.704 ] } },
{ "type": "Feature", "properties": { "WCRNmbr": "WCR1999-005830", "PT_30ft": -50, "BlwThreshl": "Above", "Head": 80.22, "lat": 38.701, "lon": -121.906 }, "geometry": { "type": "Point", "coordinates": [ -121.906, 38.701 ] } },
{ "type": "Feature", "properties": { "WCRNmbr": "WCR1999-000623", "PT_30ft": -144, "BlwThreshl": "Above", "Head": 85.7245, "lat": 38.692, "lon": -121.905 }, "geometry": { "type": "Point", "coordinates": [ -121.905, 38.692 ] } },
{ "type": "Feature", "properties": { "WCRNmbr": "WCR1970-000235", "PT_30ft": -74, "BlwThreshl": "Above", "Head": 75.4297, "lat": 38.702, "lon": -121.901 }, "geometry": { "type": "Point", "coordinates": [ -121.901, 38.702 ] } },
{ "type": "Feature", "properties": { "WCRNmbr": "WCR0111996", "PT_30ft": -57, "BlwThreshl": "Above", "Head": 70.7307, "lat": 38.693, "lon": -121.888 }, "geometry": { "type": "Point", "coordinates": [ -121.888, 38.693 ] } },
{ "type": "Feature", "properties": { "WCRNmbr": "WCR1983-000848", "PT_30ft": -42, "BlwThreshl": "Above", "Head": 61.9861, "lat": 38.694, "lon": -121.883 }, "geometry": { "type": "Point", "coordinates": [ -121.883, 38.694 ] } },
{ "type": "Feature", "properties": { "WCRNmbr": "WCR1987-008895", "PT_30ft": -13, "BlwThreshl": "Above", "Head": 56.5418, "lat": 38.692, "lon": -121.871 }, "geometry": { "type": "Point", "coordinates": [ -121.871, 38.692 ] } },
{ "type": "Feature", "properties": { "WCRNmbr": "WCR1976-000254", "PT_30ft": -66, "BlwThreshl": "Above", "Head": 51.6897, "lat": 38.693, "lon": -121.849 }, "geometry": { "type": "Point", "coordinates": [ -121.849, 38.693 ] } },
{ "type": "Feature", "properties": { "WCRNmbr": "WCR2000-002944", "PT_30ft": -57, "BlwThreshl": "Above", "Head": 56.1124, "lat": 38.684, "lon": -121.867 }, "geometry": { "type": "Point", "coordinates": [ -121.867, 38.684 ] } },
{ "type": "Feature", "properties": { "WCRNmbr": "WCR1970-000266", "PT_30ft": -61, "BlwThreshl": "Above", "Head": 109.794, "lat": 38.739, "lon": -121.954 }, "geometry": { "type": "Point", "coordinates": [ -121.954, 38.739 ] } },
{ "type": "Feature", "properties": { "WCRNmbr": "WCR1991-012524", "PT_30ft": -86, "BlwThreshl": "Above", "Head": 103.317, "lat": 38.725, "lon": -121.935 }, "geometry": { "type": "Point", "coordinates": [ -121.935, 38.725 ] } },
{ "type": "Feature", "properties": { "WCRNmbr": "WCR2010-000143", "PT_30ft": -22, "BlwThreshl": "Above", "Head": 75.1868, "lat": 38.729, "lon": -121.918 }, "geometry": { "type": "Point", "coordinates": [ -121.918, 38.729 ] } },
{ "type": "Feature", "properties": { "WCRNmbr": "WCR1987-004066", "PT_30ft": 47, "BlwThreshl": "Above", "Head": 76.495, "lat": 38.724, "lon": -121.916 }, "geometry": { "type": "Point", "coordinates": [ -121.916, 38.724 ] } },
{ "type": "Feature", "properties": { "WCRNmbr": "WCR2008-002915", "PT_30ft": 111, "BlwThreshl": "Above", "Head": 199.936, "lat": 38.715, "lon": -122.083 }, "geometry": { "type": "Point", "coordinates": [ -122.083, 38.715 ] } },
{ "type": "Feature", "properties": { "WCRNmbr": "WCR1987-008897", "PT_30ft": 238, "BlwThreshl": "Below", "Head": 233.473, "lat": 38.709, "lon": -122.101 }, "geometry": { "type": "Point", "coordinates": [ -122.101, 38.709 ] } },
{ "type": "Feature", "properties": { "WCRNmbr": "WCR1999-001678", "PT_30ft": 102, "BlwThreshl": "Above", "Head": 276.767, "lat": 38.71, "lon": -122.135 }, "geometry": { "type": "Point", "coordinates": [ -122.135, 38.71 ] } },
{ "type": "Feature", "properties": { "WCRNmbr": "WCR1993-002027", "PT_30ft": 161, "BlwThreshl": "Above", "Head": 261.438, "lat": 38.72, "lon": -122.124 }, "geometry": { "type": "Point", "coordinates": [ -122.124, 38.72 ] } },
{ "type": "Feature", "properties": { "WCRNmbr": "WCR1984-004689", "PT_30ft": 225, "BlwThreshl": "Above", "Head": 276.767, "lat": 38.706, "lon": -122.137 }, "geometry": { "type": "Point", "coordinates": [ -122.137, 38.706 ] } },
{ "type": "Feature", "properties": { "WCRNmbr": "WCR1990-006729", "PT_30ft": 252, "BlwThreshl": "Above", "Head": 269.095, "lat": 38.713, "lon": -122.131 }, "geometry": { "type": "Point", "coordinates": [ -122.131, 38.713 ] } },
{ "type": "Feature", "properties": { "WCRNmbr": "WCR2002-001141", "PT_30ft": 308, "BlwThreshl": "Below", "Head": 269.815, "lat": 38.715, "lon": -122.129 }, "geometry": { "type": "Point", "coordinates": [ -122.129, 38.715 ] } },
{ "type": "Feature", "properties": { "WCRNmbr": "WCR1977-000767", "PT_30ft": 185, "BlwThreshl": "Above", "Head": 261.438, "lat": 38.721, "lon": -122.122 }, "geometry": { "type": "Point", "coordinates": [ -122.122, 38.721 ] } },
{ "type": "Feature", "properties": { "WCRNmbr": "WCR1982-003290", "PT_30ft": 215, "BlwThreshl": "Above", "Head": 276.767, "lat": 38.709, "lon": -122.135 }, "geometry": { "type": "Point", "coordinates": [ -122.135, 38.709 ] } },
{ "type": "Feature", "properties": { "WCRNmbr": "WCR2001-003898", "PT_30ft": 98, "BlwThreshl": "Above", "Head": 269.095, "lat": 38.712, "lon": -122.128 }, "geometry": { "type": "Point", "coordinates": [ -122.128, 38.712 ] } },
{ "type": "Feature", "properties": { "WCRNmbr": "WCR1991-002604", "PT_30ft": 246, "BlwThreshl": "Above", "Head": 269.095, "lat": 38.719, "lon": -122.13 }, "geometry": { "type": "Point", "coordinates": [ -122.13, 38.719 ] } },
{ "type": "Feature", "properties": { "WCRNmbr": "WCR1988-004977", "PT_30ft": 161, "BlwThreshl": "Above", "Head": 269.095, "lat": 38.717, "lon": -122.126 }, "geometry": { "type": "Point", "coordinates": [ -122.126, 38.717 ] } },
{ "type": "Feature", "properties": { "WCRNmbr": "WCR1978-001781", "PT_30ft": 87, "BlwThreshl": "Above", "Head": 269.095, "lat": 38.718, "lon": -122.132 }, "geometry": { "type": "Point", "coordinates": [ -122.132, 38.718 ] } },
{ "type": "Feature", "properties": { "WCRNmbr": "WCR1988-005358", "PT_30ft": 268, "BlwThreshl": "Above", "Head": 281.642, "lat": 38.7, "lon": -122.134 }, "geometry": { "type": "Point", "coordinates": [ -122.134, 38.7 ] } },
{ "type": "Feature", "properties": { "WCRNmbr": "WCR1990-002549", "PT_30ft": 132, "BlwThreshl": "Above", "Head": 273.344, "lat": 38.704, "lon": -122.131 }, "geometry": { "type": "Point", "coordinates": [ -122.131, 38.704 ] } },
{ "type": "Feature", "properties": { "WCRNmbr": "WCR2011-004676", "PT_30ft": 277, "BlwThreshl": "Below", "Head": 265.147, "lat": 38.705, "lon": -122.122 }, "geometry": { "type": "Point", "coordinates": [ -122.122, 38.705 ] } },
{ "type": "Feature", "properties": { "WCRNmbr": "WCR2020-004344", "PT_30ft": 245, "BlwThreshl": "Above", "Head": 276.467, "lat": 38.698, "lon": -122.118 }, "geometry": { "type": "Point", "coordinates": [ -122.118, 38.698 ] } },
{ "type": "Feature", "properties": { "WCRNmbr": "WCR1971-000114", "PT_30ft": 203, "BlwThreshl": "Above", "Head": 257.465, "lat": 38.704, "lon": -122.114 }, "geometry": { "type": "Point", "coordinates": [ -122.114, 38.704 ] } },
{ "type": "Feature", "properties": { "WCRNmbr": "WCR2022-007480", "PT_30ft": 139, "BlwThreshl": "Above", "Head": 257.465, "lat": 38.697, "lon": -122.107 }, "geometry": { "type": "Point", "coordinates": [ -122.107, 38.697 ] } },
{ "type": "Feature", "properties": { "WCRNmbr": "WCR1990-005271", "PT_30ft": 117, "BlwThreshl": "Above", "Head": 266.774, "lat": 38.685, "lon": -122.084 }, "geometry": { "type": "Point", "coordinates": [ -122.084, 38.685 ] } },
{ "type": "Feature", "properties": { "WCRNmbr": "WCR2012-005299", "PT_30ft": 263, "BlwThreshl": "Above", "Head": 312.081, "lat": 38.682, "lon": -122.087 }, "geometry": { "type": "Point", "coordinates": [ -122.087, 38.682 ] } },
{ "type": "Feature", "properties": { "WCRNmbr": "WCR1996-003711", "PT_30ft": -124, "BlwThreshl": "Above", "Head": -1.34117, "lat": 38.663, "lon": -121.628 }, "geometry": { "type": "Point", "coordinates": [ -121.628, 38.663 ] } },
{ "type": "Feature", "properties": { "WCRNmbr": "WCR2007-006321", "PT_30ft": -134, "BlwThreshl": "Above", "Head": 2.60561, "lat": 38.676, "lon": -121.631 }, "geometry": { "type": "Point", "coordinates": [ -121.631, 38.676 ] } },
{ "type": "Feature", "properties": { "WCRNmbr": "WCR1992-003186", "PT_30ft": 173, "BlwThreshl": "Above", "Head": 282.676, "lat": 38.737, "lon": -122.167 }, "geometry": { "type": "Point", "coordinates": [ -122.167, 38.737 ] } },
{ "type": "Feature", "properties": { "WCRNmbr": "WCR1988-007450", "PT_30ft": 126, "BlwThreshl": "Above", "Head": 276.767, "lat": 38.709, "lon": -122.139 }, "geometry": { "type": "Point", "coordinates": [ -122.139, 38.709 ] } },
{ "type": "Feature", "properties": { "WCRNmbr": "WCR1986-007724", "PT_30ft": 248, "BlwThreshl": "Above", "Head": 274.806, "lat": 38.717, "lon": -122.14 }, "geometry": { "type": "Point", "coordinates": [ -122.14, 38.717 ] } },
{ "type": "Feature", "properties": { "WCRNmbr": "WCR1986-000568", "PT_30ft": 254, "BlwThreshl": "Above", "Head": 276.767, "lat": 38.707, "lon": -122.142 }, "geometry": { "type": "Point", "coordinates": [ -122.142, 38.707 ] } },
{ "type": "Feature", "properties": { "WCRNmbr": "WCR2011-002075", "PT_30ft": -134, "BlwThreshl": "Above", "Head": -11.4282, "lat": 38.832, "lon": -121.877 }, "geometry": { "type": "Point", "coordinates": [ -121.877, 38.832 ] } },
{ "type": "Feature", "properties": { "WCRNmbr": "WCR2020-000827", "PT_30ft": -169, "BlwThreshl": "Above", "Head": -12.1164, "lat": 38.824, "lon": -121.907 }, "geometry": { "type": "Point", "coordinates": [ -121.907, 38.824 ] } },
{ "type": "Feature", "properties": { "WCRNmbr": "WCR1995-006008", "PT_30ft": 0, "BlwThreshl": "Below", "Head": -3.62117, "lat": 38.823, "lon": -121.906 }, "geometry": { "type": "Point", "coordinates": [ -121.906, 38.823 ] } },
{ "type": "Feature", "properties": { "WCRNmbr": "WCR2000-006851", "PT_30ft": -194, "BlwThreshl": "Above", "Head": -15.4649, "lat": 38.81, "lon": -121.904 }, "geometry": { "type": "Point", "coordinates": [ -121.904, 38.81 ] } },
{ "type": "Feature", "properties": { "WCRNmbr": "WCR1986-007583", "PT_30ft": -144, "BlwThreshl": "Above", "Head": -15.0345, "lat": 38.819, "lon": -121.877 }, "geometry": { "type": "Point", "coordinates": [ -121.877, 38.819 ] } },
{ "type": "Feature", "properties": { "WCRNmbr": "WCR1992-003490", "PT_30ft": -242, "BlwThreshl": "Above", "Head": -14.3766, "lat": 38.809, "lon": -121.851 }, "geometry": { "type": "Point", "coordinates": [ -121.851, 38.809 ] } },
{ "type": "Feature", "properties": { "WCRNmbr": "WCR1994-005760", "PT_30ft": -154, "BlwThreshl": "Above", "Head": -15.424, "lat": 38.812, "lon": -121.858 }, "geometry": { "type": "Point", "coordinates": [ -121.858, 38.812 ] } },
{ "type": "Feature", "properties": { "WCRNmbr": "WCR2006-005352", "PT_30ft": -217, "BlwThreshl": "Above", "Head": -4.41976, "lat": 38.812, "lon": -121.811 }, "geometry": { "type": "Point", "coordinates": [ -121.811, 38.812 ] } },
{ "type": "Feature", "properties": { "WCRNmbr": "WCR1985-006804", "PT_30ft": -191, "BlwThreshl": "Above", "Head": -8.99177, "lat": 38.794, "lon": -121.827 }, "geometry": { "type": "Point", "coordinates": [ -121.827, 38.794 ] } },
{ "type": "Feature", "properties": { "WCRNmbr": "WCR1998-004547", "PT_30ft": -499, "BlwThreshl": "Above", "Head": -15.8964, "lat": 38.803, "lon": -121.858 }, "geometry": { "type": "Point", "coordinates": [ -121.858, 38.803 ] } },
{ "type": "Feature", "properties": { "WCRNmbr": "WCR1985-006983", "PT_30ft": -125, "BlwThreshl": "Above", "Head": -16.8465, "lat": 38.805, "lon": -121.859 }, "geometry": { "type": "Point", "coordinates": [ -121.859, 38.805 ] } },
{ "type": "Feature", "properties": { "WCRNmbr": "WCR1999-001914", "PT_30ft": -139, "BlwThreshl": "Above", "Head": -16.1599, "lat": 38.809, "lon": -121.87 }, "geometry": { "type": "Point", "coordinates": [ -121.87, 38.809 ] } },
{ "type": "Feature", "properties": { "WCRNmbr": "WCR2004-004630", "PT_30ft": -102, "BlwThreshl": "Above", "Head": -19.7414, "lat": 38.796, "lon": -121.882 }, "geometry": { "type": "Point", "coordinates": [ -121.882, 38.796 ] } },
{ "type": "Feature", "properties": { "WCRNmbr": "WCR1999-001908", "PT_30ft": -100, "BlwThreshl": "Above", "Head": -19.7414, "lat": 38.798, "lon": -121.882 }, "geometry": { "type": "Point", "coordinates": [ -121.882, 38.798 ] } },
{ "type": "Feature", "properties": { "WCRNmbr": "WCR1983-003681", "PT_30ft": -4, "BlwThreshl": "Below", "Head": -19.6934, "lat": 38.795, "lon": -121.883 }, "geometry": { "type": "Point", "coordinates": [ -121.883, 38.795 ] } },
{ "type": "Feature", "properties": { "WCRNmbr": "WCR1971-000626", "PT_30ft": 14, "BlwThreshl": "Below", "Head": -19.6934, "lat": 38.795, "lon": -121.878 }, "geometry": { "type": "Point", "coordinates": [ -121.878, 38.795 ] } },
{ "type": "Feature", "properties": { "WCRNmbr": "WCR1988-001483", "PT_30ft": -112, "BlwThreshl": "Above", "Head": -19.7414, "lat": 38.797, "lon": -121.881 }, "geometry": { "type": "Point", "coordinates": [ -121.881, 38.797 ] } },
{ "type": "Feature", "properties": { "WCRNmbr": "WCR2024-002977", "PT_30ft": -420, "BlwThreshl": "Above", "Head": -19.7414, "lat": 38.797, "lon": -121.884 }, "geometry": { "type": "Point", "coordinates": [ -121.884, 38.797 ] } },
{ "type": "Feature", "properties": { "WCRNmbr": "WCR1990-007381", "PT_30ft": -118, "BlwThreshl": "Above", "Head": -18.0459, "lat": 38.8, "lon": -121.883 }, "geometry": { "type": "Point", "coordinates": [ -121.883, 38.8 ] } },
{ "type": "Feature", "properties": { "WCRNmbr": "WCR1996-005884", "PT_30ft": -104, "BlwThreshl": "Above", "Head": -19.7414, "lat": 38.797, "lon": -121.882 }, "geometry": { "type": "Point", "coordinates": [ -121.882, 38.797 ] } },
{ "type": "Feature", "properties": { "WCRNmbr": "WCR1999-000621", "PT_30ft": -12, "BlwThreshl": "Above", "Head": -3.98566, "lat": 38.79, "lon": -121.909 }, "geometry": { "type": "Point", "coordinates": [ -121.909, 38.79 ] } },
{ "type": "Feature", "properties": { "WCRNmbr": "WCR2006-002510", "PT_30ft": -171, "BlwThreshl": "Above", "Head": 13.1964, "lat": 38.791, "lon": -121.914 }, "geometry": { "type": "Point", "coordinates": [ -121.914, 38.791 ] } },
{ "type": "Feature", "properties": { "WCRNmbr": "WCR2002-006621", "PT_30ft": 68, "BlwThreshl": "Below", "Head": 13.1964, "lat": 38.791, "lon": -121.914 }, "geometry": { "type": "Point", "coordinates": [ -121.914, 38.791 ] } },
{ "type": "Feature", "properties": { "WCRNmbr": "WCR1987-001761", "PT_30ft": -123, "BlwThreshl": "Above", "Head": -10.8165, "lat": 38.793, "lon": -121.835 }, "geometry": { "type": "Point", "coordinates": [ -121.835, 38.793 ] } },
{ "type": "Feature", "properties": { "WCRNmbr": "WCR2002-001133", "PT_30ft": -140, "BlwThreshl": "Above", "Head": -9.63327, "lat": 38.776, "lon": -121.829 }, "geometry": { "type": "Point", "coordinates": [ -121.829, 38.776 ] } },
{ "type": "Feature", "properties": { "WCRNmbr": "WCR1971-000183", "PT_30ft": -123, "BlwThreshl": "Above", "Head": -20.0335, "lat": 38.778, "lon": -121.878 }, "geometry": { "type": "Point", "coordinates": [ -121.878, 38.778 ] } },
{ "type": "Feature", "properties": { "WCRNmbr": "WCR2001-006781", "PT_30ft": -130, "BlwThreshl": "Above", "Head": -19.3143, "lat": 38.77, "lon": -121.88 }, "geometry": { "type": "Point", "coordinates": [ -121.88, 38.77 ] } },
{ "type": "Feature", "properties": { "WCRNmbr": "WCR1999-000627", "PT_30ft": -179, "BlwThreshl": "Above", "Head": -6.86944, "lat": 38.763, "lon": -121.823 }, "geometry": { "type": "Point", "coordinates": [ -121.823, 38.763 ] } },
{ "type": "Feature", "properties": { "WCRNmbr": "WCR1990-007382", "PT_30ft": -162, "BlwThreshl": "Above", "Head": 2.60761, "lat": 38.75, "lon": -121.817 }, "geometry": { "type": "Point", "coordinates": [ -121.817, 38.75 ] } },
{ "type": "Feature", "properties": { "WCRNmbr": "WCR1978-000137", "PT_30ft": -125, "BlwThreshl": "Above", "Head": -11.0901, "lat": 38.824, "lon": -121.918 }, "geometry": { "type": "Point", "coordinates": [ -121.918, 38.824 ] } },
{ "type": "Feature", "properties": { "WCRNmbr": "WCR1989-011970", "PT_30ft": -184, "BlwThreshl": "Above", "Head": -9.0988, "lat": 38.828, "lon": -121.92 }, "geometry": { "type": "Point", "coordinates": [ -121.92, 38.828 ] } },
{ "type": "Feature", "properties": { "WCRNmbr": "WCR2007-001895", "PT_30ft": -140, "BlwThreshl": "Above", "Head": -10.9331, "lat": 38.824, "lon": -121.923 }, "geometry": { "type": "Point", "coordinates": [ -121.923, 38.824 ] } },
{ "type": "Feature", "properties": { "WCRNmbr": "WCR1978-001728", "PT_30ft": -167, "BlwThreshl": "Above", "Head": -9.0988, "lat": 38.83, "lon": -121.919 }, "geometry": { "type": "Point", "coordinates": [ -121.919, 38.83 ] } },
{ "type": "Feature", "properties": { "WCRNmbr": "WCR2007-001896", "PT_30ft": -140, "BlwThreshl": "Above", "Head": -10.9331, "lat": 38.825, "lon": -121.924 }, "geometry": { "type": "Point", "coordinates": [ -121.924, 38.825 ] } },
{ "type": "Feature", "properties": { "WCRNmbr": "WCR2021-013374", "PT_30ft": -269, "BlwThreshl": "Above", "Head": -9.0988, "lat": 38.832, "lon": -121.915 }, "geometry": { "type": "Point", "coordinates": [ -121.915, 38.832 ] } },
{ "type": "Feature", "properties": { "WCRNmbr": "WCR1977-002138", "PT_30ft": -51, "BlwThreshl": "Above", "Head": -10.9331, "lat": 38.827, "lon": -121.924 }, "geometry": { "type": "Point", "coordinates": [ -121.924, 38.827 ] } },
{ "type": "Feature", "properties": { "WCRNmbr": "WCR1974-000637", "PT_30ft": -7, "BlwThreshl": "Above", "Head": -3.59359, "lat": 38.837, "lon": -121.923 }, "geometry": { "type": "Point", "coordinates": [ -121.923, 38.837 ] } },
{ "type": "Feature", "properties": { "WCRNmbr": "WCR1990-005262", "PT_30ft": -187, "BlwThreshl": "Above", "Head": -9.0988, "lat": 38.831, "lon": -121.92 }, "geometry": { "type": "Point", "coordinates": [ -121.92, 38.831 ] } },
{ "type": "Feature", "properties": { "WCRNmbr": "WCR1990-007290", "PT_30ft": -144, "BlwThreshl": "Above", "Head": -9.0988, "lat": 38.829, "lon": -121.918 }, "geometry": { "type": "Point", "coordinates": [ -121.918, 38.829 ] } },
{ "type": "Feature", "properties": { "WCRNmbr": "WCR1980-002426", "PT_30ft": -159, "BlwThreshl": "Above", "Head": -3.62625, "lat": 38.837, "lon": -121.923 }, "geometry": { "type": "Point", "coordinates": [ -121.923, 38.837 ] } },
{ "type": "Feature", "properties": { "WCRNmbr": "WCR2021-000697", "PT_30ft": -223, "BlwThreshl": "Above", "Head": -6.52314, "lat": 38.832, "lon": -121.924 }, "geometry": { "type": "Point", "coordinates": [ -121.924, 38.832 ] } },
{ "type": "Feature", "properties": { "WCRNmbr": "WCR1978-001776", "PT_30ft": -128, "BlwThreshl": "Above", "Head": -11.0901, "lat": 38.824, "lon": -121.92 }, "geometry": { "type": "Point", "coordinates": [ -121.92, 38.824 ] } },
{ "type": "Feature", "properties": { "WCRNmbr": "WCR1971-000166", "PT_30ft": 10, "BlwThreshl": "Above", "Head": 11.8136, "lat": 38.822, "lon": -121.945 }, "geometry": { "type": "Point", "coordinates": [ -121.945, 38.822 ] } },
{ "type": "Feature", "properties": { "WCRNmbr": "WCR2000-006855", "PT_30ft": -149, "BlwThreshl": "Above", "Head": -10.8605, "lat": 38.818, "lon": -121.921 }, "geometry": { "type": "Point", "coordinates": [ -121.921, 38.818 ] } },
{ "type": "Feature", "properties": { "WCRNmbr": "WCR2004-004529", "PT_30ft": -178, "BlwThreshl": "Above", "Head": -11.0901, "lat": 38.823, "lon": -121.919 }, "geometry": { "type": "Point", "coordinates": [ -121.919, 38.823 ] } },
{ "type": "Feature", "properties": { "WCRNmbr": "WCR2022-006833", "PT_30ft": -189, "BlwThreshl": "Above", "Head": -8.396, "lat": 38.818, "lon": -121.923 }, "geometry": { "type": "Point", "coordinates": [ -121.923, 38.818 ] } },
{ "type": "Feature", "properties": { "WCRNmbr": "WCR1989-008555", "PT_30ft": -137, "BlwThreshl": "Above", "Head": -10.9331, "lat": 38.821, "lon": -121.923 }, "geometry": { "type": "Point", "coordinates": [ -121.923, 38.821 ] } },
{ "type": "Feature", "properties": { "WCRNmbr": "WCR2004-004225", "PT_30ft": -238, "BlwThreshl": "Above", "Head": -11.4057, "lat": 38.799, "lon": -121.921 }, "geometry": { "type": "Point", "coordinates": [ -121.921, 38.799 ] } },
{ "type": "Feature", "properties": { "WCRNmbr": "WCR1997-001917", "PT_30ft": -256, "BlwThreshl": "Above", "Head": 108.683, "lat": 38.802, "lon": -121.98 }, "geometry": { "type": "Point", "coordinates": [ -121.98, 38.802 ] } },
{ "type": "Feature", "properties": { "WCRNmbr": "WCR2023-008533", "PT_30ft": -185, "BlwThreshl": "Above", "Head": 120.255, "lat": 38.782, "lon": -122.006 }, "geometry": { "type": "Point", "coordinates": [ -122.006, 38.782 ] } },
{ "type": "Feature", "properties": { "WCRNmbr": "WCR2002-006625", "PT_30ft": 57, "BlwThreshl": "Below", "Head": 34.6899, "lat": 38.77, "lon": -121.917 }, "geometry": { "type": "Point", "coordinates": [ -121.917, 38.77 ] } },
{ "type": "Feature", "properties": { "WCRNmbr": "WCR2016-010203", "PT_30ft": -338, "BlwThreshl": "Above", "Head": 95.0262, "lat": 38.774, "lon": -121.949 }, "geometry": { "type": "Point", "coordinates": [ -121.949, 38.774 ] } },
{ "type": "Feature", "properties": { "WCRNmbr": "WCR1987-008898", "PT_30ft": 37, "BlwThreshl": "Above", "Head": 110.177, "lat": 38.768, "lon": -121.974 }, "geometry": { "type": "Point", "coordinates": [ -121.974, 38.768 ] } },
{ "type": "Feature", "properties": { "WCRNmbr": "WCR2005-004040", "PT_30ft": 57, "BlwThreshl": "Above", "Head": 111.583, "lat": 38.752, "lon": -121.97 }, "geometry": { "type": "Point", "coordinates": [ -121.97, 38.752 ] } },
{ "type": "Feature", "properties": { "WCRNmbr": "WCR2020-013698", "PT_30ft": -134, "BlwThreshl": "Above", "Head": 7.93821, "lat": 38.802, "lon": -121.723 }, "geometry": { "type": "Point", "coordinates": [ -121.723, 38.802 ] } },
{ "type": "Feature", "properties": { "WCRNmbr": "WCR1996-002331", "PT_30ft": 10, "BlwThreshl": "Above", "Head": 16.8041, "lat": 38.797, "lon": -121.718 }, "geometry": { "type": "Point", "coordinates": [ -121.718, 38.797 ] } },
{ "type": "Feature", "properties": { "WCRNmbr": "WCR1980-002417", "PT_30ft": -141, "BlwThreshl": "Above", "Head": -2.57311, "lat": 38.793, "lon": -121.788 }, "geometry": { "type": "Point", "coordinates": [ -121.788, 38.793 ] } },
{ "type": "Feature", "properties": { "WCRNmbr": "WCR2005-005239", "PT_30ft": -180, "BlwThreshl": "Above", "Head": -0.879685, "lat": 38.793, "lon": -121.775 }, "geometry": { "type": "Point", "coordinates": [ -121.775, 38.793 ] } },
{ "type": "Feature", "properties": { "WCRNmbr": "WCR2001-001781", "PT_30ft": -178, "BlwThreshl": "Above", "Head": 1.34961, "lat": 38.793, "lon": -121.774 }, "geometry": { "type": "Point", "coordinates": [ -121.774, 38.793 ] } },
{ "type": "Feature", "properties": { "WCRNmbr": "WCR2009-006020", "PT_30ft": -816, "BlwThreshl": "Above", "Head": 4.32006, "lat": 38.783, "lon": -121.765 }, "geometry": { "type": "Point", "coordinates": [ -121.765, 38.783 ] } },
{ "type": "Feature", "properties": { "WCRNmbr": "WCR1989-008741", "PT_30ft": -288, "BlwThreshl": "Above", "Head": 8.23673, "lat": 38.784, "lon": -121.742 }, "geometry": { "type": "Point", "coordinates": [ -121.742, 38.784 ] } },
{ "type": "Feature", "properties": { "WCRNmbr": "WCR1976-001237", "PT_30ft": -130, "BlwThreshl": "Above", "Head": 12.0959, "lat": 38.781, "lon": -121.693 }, "geometry": { "type": "Point", "coordinates": [ -121.693, 38.781 ] } },
{ "type": "Feature", "properties": { "WCRNmbr": "WCR2023-013105", "PT_30ft": -163, "BlwThreshl": "Above", "Head": 7.16762, "lat": 38.766, "lon": -121.759 }, "geometry": { "type": "Point", "coordinates": [ -121.759, 38.766 ] } },
{ "type": "Feature", "properties": { "WCRNmbr": "WCR1970-000230", "PT_30ft": -101, "BlwThreshl": "Above", "Head": 2.23725, "lat": 38.777, "lon": -121.767 }, "geometry": { "type": "Point", "coordinates": [ -121.767, 38.777 ] } },
{ "type": "Feature", "properties": { "WCRNmbr": "WCR1976-001397", "PT_30ft": -111, "BlwThreshl": "Above", "Head": 2.49184, "lat": 38.764, "lon": -121.78 }, "geometry": { "type": "Point", "coordinates": [ -121.78, 38.764 ] } },
{ "type": "Feature", "properties": { "WCRNmbr": "WCR1989-003238", "PT_30ft": -60, "BlwThreshl": "Above", "Head": 2.49184, "lat": 38.765, "lon": -121.783 }, "geometry": { "type": "Point", "coordinates": [ -121.783, 38.765 ] } },
{ "type": "Feature", "properties": { "WCRNmbr": "WCR1977-001818", "PT_30ft": -113, "BlwThreshl": "Above", "Head": 1.99743, "lat": 38.753, "lon": -121.803 }, "geometry": { "type": "Point", "coordinates": [ -121.803, 38.753 ] } },
{ "type": "Feature", "properties": { "WCRNmbr": "WCR1977-001823", "PT_30ft": -245, "BlwThreshl": "Above", "Head": -1.77218, "lat": 38.763, "lon": -121.797 }, "geometry": { "type": "Point", "coordinates": [ -121.797, 38.763 ] } },
{ "type": "Feature", "properties": { "WCRNmbr": "WCR1996-002249", "PT_30ft": -178, "BlwThreshl": "Above", "Head": 8.39307, "lat": 38.752, "lon": -121.773 }, "geometry": { "type": "Point", "coordinates": [ -121.773, 38.752 ] } },
{ "type": "Feature", "properties": { "WCRNmbr": "WCR2008-005727", "PT_30ft": 101, "BlwThreshl": "Above", "Head": 244.305, "lat": 38.803, "lon": -122.082 }, "geometry": { "type": "Point", "coordinates": [ -122.082, 38.803 ] } },
{ "type": "Feature", "properties": { "WCRNmbr": "WCR1990-012287", "PT_30ft": -109, "BlwThreshl": "Above", "Head": 15.1989, "lat": 38.749, "lon": -121.661 }, "geometry": { "type": "Point", "coordinates": [ -121.661, 38.749 ] } },
{ "type": "Feature", "properties": { "WCRNmbr": "WCR2003-001287", "PT_30ft": 273, "BlwThreshl": "Above", "Head": 434.42, "lat": 38.835, "lon": -122.218 }, "geometry": { "type": "Point", "coordinates": [ -122.218, 38.835 ] } },
{ "type": "Feature", "properties": { "WCRNmbr": "WCR2023-005557", "PT_30ft": 118, "BlwThreshl": "Above", "Head": 345.682, "lat": 38.832, "lon": -122.189 }, "geometry": { "type": "Point", "coordinates": [ -122.189, 38.832 ] } },
{ "type": "Feature", "properties": { "WCRNmbr": "WCR1990-007383", "PT_30ft": 156, "BlwThreshl": "Above", "Head": 332.322, "lat": 38.827, "lon": -122.199 }, "geometry": { "type": "Point", "coordinates": [ -122.199, 38.827 ] } },
{ "type": "Feature", "properties": { "WCRNmbr": "WCR1989-003358", "PT_30ft": 312, "BlwThreshl": "Above", "Head": 332.322, "lat": 38.826, "lon": -122.199 }, "geometry": { "type": "Point", "coordinates": [ -122.199, 38.826 ] } },
{ "type": "Feature", "properties": { "WCRNmbr": "WCR1975-000926", "PT_30ft": 301, "BlwThreshl": "Above", "Head": 342.889, "lat": 38.829, "lon": -122.195 }, "geometry": { "type": "Point", "coordinates": [ -122.195, 38.829 ] } },
{ "type": "Feature", "properties": { "WCRNmbr": "WCR2023-005069", "PT_30ft": 225, "BlwThreshl": "Above", "Head": 342.889, "lat": 38.831, "lon": -122.19 }, "geometry": { "type": "Point", "coordinates": [ -122.19, 38.831 ] } },
{ "type": "Feature", "properties": { "WCRNmbr": "WCR1985-001744", "PT_30ft": 161, "BlwThreshl": "Above", "Head": 342.889, "lat": 38.832, "lon": -122.194 }, "geometry": { "type": "Point", "coordinates": [ -122.194, 38.832 ] } },
{ "type": "Feature", "properties": { "WCRNmbr": "WCR2007-001707", "PT_30ft": 155, "BlwThreshl": "Above", "Head": 332.322, "lat": 38.827, "lon": -122.198 }, "geometry": { "type": "Point", "coordinates": [ -122.198, 38.827 ] } },
{ "type": "Feature", "properties": { "WCRNmbr": "WCR2000-002954", "PT_30ft": 115, "BlwThreshl": "Above", "Head": 341.192, "lat": 38.828, "lon": -122.201 }, "geometry": { "type": "Point", "coordinates": [ -122.201, 38.828 ] } },
{ "type": "Feature", "properties": { "WCRNmbr": "WCR1977-002129", "PT_30ft": 238, "BlwThreshl": "Above", "Head": 334.709, "lat": 38.828, "lon": -122.194 }, "geometry": { "type": "Point", "coordinates": [ -122.194, 38.828 ] } },
{ "type": "Feature", "properties": { "WCRNmbr": "WCR1978-001046", "PT_30ft": 171, "BlwThreshl": "Above", "Head": 334.709, "lat": 38.826, "lon": -122.195 }, "geometry": { "type": "Point", "coordinates": [ -122.195, 38.826 ] } },
{ "type": "Feature", "properties": { "WCRNmbr": "WCR1997-001911", "PT_30ft": 239, "BlwThreshl": "Above", "Head": 342.889, "lat": 38.828, "lon": -122.192 }, "geometry": { "type": "Point", "coordinates": [ -122.192, 38.828 ] } },
{ "type": "Feature", "properties": { "WCRNmbr": "WCR2002-002217", "PT_30ft": 147, "BlwThreshl": "Above", "Head": 342.889, "lat": 38.829, "lon": -122.197 }, "geometry": { "type": "Point", "coordinates": [ -122.197, 38.829 ] } },
{ "type": "Feature", "properties": { "WCRNmbr": "WCR1989-003362", "PT_30ft": 200, "BlwThreshl": "Above", "Head": 334.709, "lat": 38.827, "lon": -122.193 }, "geometry": { "type": "Point", "coordinates": [ -122.193, 38.827 ] } },
{ "type": "Feature", "properties": { "WCRNmbr": "WCR1991-002602", "PT_30ft": 168, "BlwThreshl": "Above", "Head": 334.709, "lat": 38.827, "lon": -122.195 }, "geometry": { "type": "Point", "coordinates": [ -122.195, 38.827 ] } },
{ "type": "Feature", "properties": { "WCRNmbr": "WCR1972-000389", "PT_30ft": 338, "BlwThreshl": "Above", "Head": 342.889, "lat": 38.83, "lon": -122.192 }, "geometry": { "type": "Point", "coordinates": [ -122.192, 38.83 ] } },
{ "type": "Feature", "properties": { "WCRNmbr": "WCR1976-001543", "PT_30ft": 199, "BlwThreshl": "Above", "Head": 342.889, "lat": 38.828, "lon": -122.196 }, "geometry": { "type": "Point", "coordinates": [ -122.196, 38.828 ] } },
{ "type": "Feature", "properties": { "WCRNmbr": "WCR1980-000312", "PT_30ft": 152, "BlwThreshl": "Above", "Head": 332.322, "lat": 38.827, "lon": -122.199 }, "geometry": { "type": "Point", "coordinates": [ -122.199, 38.827 ] } },
{ "type": "Feature", "properties": { "WCRNmbr": "WCR1977-000406", "PT_30ft": 173, "BlwThreshl": "Above", "Head": 342.889, "lat": 38.828, "lon": -122.197 }, "geometry": { "type": "Point", "coordinates": [ -122.197, 38.828 ] } },
{ "type": "Feature", "properties": { "WCRNmbr": "WCR2007-002508", "PT_30ft": 128, "BlwThreshl": "Above", "Head": 334.709, "lat": 38.827, "lon": -122.194 }, "geometry": { "type": "Point", "coordinates": [ -122.194, 38.827 ] } },
{ "type": "Feature", "properties": { "WCRNmbr": "WCR1980-004511", "PT_30ft": 305, "BlwThreshl": "Above", "Head": 332.322, "lat": 38.824, "lon": -122.206 }, "geometry": { "type": "Point", "coordinates": [ -122.206, 38.824 ] } },
{ "type": "Feature", "properties": { "WCRNmbr": "WCR1972-000391", "PT_30ft": 340, "BlwThreshl": "Above", "Head": 342.889, "lat": 38.83, "lon": -122.194 }, "geometry": { "type": "Point", "coordinates": [ -122.194, 38.83 ] } },
{ "type": "Feature", "properties": { "WCRNmbr": "WCR2003-004952", "PT_30ft": 248, "BlwThreshl": "Above", "Head": 334.709, "lat": 38.827, "lon": -122.194 }, "geometry": { "type": "Point", "coordinates": [ -122.194, 38.827 ] } },
{ "type": "Feature", "properties": { "WCRNmbr": "WCR2023-007222", "PT_30ft": 102, "BlwThreshl": "Above", "Head": 342.889, "lat": 38.834, "lon": -122.197 }, "geometry": { "type": "Point", "coordinates": [ -122.197, 38.834 ] } },
{ "type": "Feature", "properties": { "WCRNmbr": "WCR1977-002135", "PT_30ft": 241, "BlwThreshl": "Above", "Head": 341.192, "lat": 38.828, "lon": -122.2 }, "geometry": { "type": "Point", "coordinates": [ -122.2, 38.828 ] } },
{ "type": "Feature", "properties": { "WCRNmbr": "WCR2000-006850", "PT_30ft": 165, "BlwThreshl": "Above", "Head": 341.192, "lat": 38.832, "lon": -122.207 }, "geometry": { "type": "Point", "coordinates": [ -122.207, 38.832 ] } },
{ "type": "Feature", "properties": { "WCRNmbr": "WCR1978-000254", "PT_30ft": 330, "BlwThreshl": "Above", "Head": 342.889, "lat": 38.829, "lon": -122.192 }, "geometry": { "type": "Point", "coordinates": [ -122.192, 38.829 ] } },
{ "type": "Feature", "properties": { "WCRNmbr": "WCR2005-005132", "PT_30ft": 143, "BlwThreshl": "Above", "Head": 342.889, "lat": 38.829, "lon": -122.194 }, "geometry": { "type": "Point", "coordinates": [ -122.194, 38.829 ] } },
{ "type": "Feature", "properties": { "WCRNmbr": "WCR2004-005001", "PT_30ft": 101, "BlwThreshl": "Above", "Head": 341.192, "lat": 38.831, "lon": -122.205 }, "geometry": { "type": "Point", "coordinates": [ -122.205, 38.831 ] } },
{ "type": "Feature", "properties": { "WCRNmbr": "WCR1977-001711", "PT_30ft": 342, "BlwThreshl": "Above", "Head": 342.889, "lat": 38.83, "lon": -122.193 }, "geometry": { "type": "Point", "coordinates": [ -122.193, 38.83 ] } },
{ "type": "Feature", "properties": { "WCRNmbr": "WCR2001-006825", "PT_30ft": 110, "BlwThreshl": "Above", "Head": 332.322, "lat": 38.826, "lon": -122.2 }, "geometry": { "type": "Point", "coordinates": [ -122.2, 38.826 ] } },
{ "type": "Feature", "properties": { "WCRNmbr": "WCR1977-002058", "PT_30ft": 188, "BlwThreshl": "Above", "Head": 402.208, "lat": 38.827, "lon": -122.211 }, "geometry": { "type": "Point", "coordinates": [ -122.211, 38.827 ] } },
{ "type": "Feature", "properties": { "WCRNmbr": "WCR2001-006433", "PT_30ft": 503, "BlwThreshl": "Below", "Head": 404.601, "lat": 38.816, "lon": -122.21 }, "geometry": { "type": "Point", "coordinates": [ -122.21, 38.816 ] } },
{ "type": "Feature", "properties": { "WCRNmbr": "WCR2000-006846", "PT_30ft": 184, "BlwThreshl": "Above", "Head": 336.356, "lat": 38.822, "lon": -122.188 }, "geometry": { "type": "Point", "coordinates": [ -122.188, 38.822 ] } },
{ "type": "Feature", "properties": { "WCRNmbr": "WCR1978-001730", "PT_30ft": 254, "BlwThreshl": "Above", "Head": 328.945, "lat": 38.82, "lon": -122.203 }, "geometry": { "type": "Point", "coordinates": [ -122.203, 38.82 ] } },
{ "type": "Feature", "properties": { "WCRNmbr": "WCR2004-004622", "PT_30ft": 142, "BlwThreshl": "Above", "Head": 328.236, "lat": 38.82, "lon": -122.193 }, "geometry": { "type": "Point", "coordinates": [ -122.193, 38.82 ] } },
{ "type": "Feature", "properties": { "WCRNmbr": "WCR2000-006842", "PT_30ft": 185, "BlwThreshl": "Above", "Head": 334.709, "lat": 38.823, "lon": -122.191 }, "geometry": { "type": "Point", "coordinates": [ -122.191, 38.823 ] } },
{ "type": "Feature", "properties": { "WCRNmbr": "WCR1979-000710", "PT_30ft": 308, "BlwThreshl": "Above", "Head": 325.537, "lat": 38.81, "lon": -122.198 }, "geometry": { "type": "Point", "coordinates": [ -122.198, 38.81 ] } },
{ "type": "Feature", "properties": { "WCRNmbr": "WCR1992-004825", "PT_30ft": 257, "BlwThreshl": "Above", "Head": 325.537, "lat": 38.81, "lon": -122.198 }, "geometry": { "type": "Point", "coordinates": [ -122.198, 38.81 ] } },
{ "type": "Feature", "properties": { "WCRNmbr": "WCR2000-001205", "PT_30ft": 154, "BlwThreshl": "Above", "Head": 328.236, "lat": 38.814, "lon": -122.195 }, "geometry": { "type": "Point", "coordinates": [ -122.195, 38.814 ] } },
{ "type": "Feature", "properties": { "WCRNmbr": "WCR1997-006887", "PT_30ft": 208, "BlwThreshl": "Above", "Head": 327.463, "lat": 38.808, "lon": -122.201 }, "geometry": { "type": "Point", "coordinates": [ -122.201, 38.808 ] } },
{ "type": "Feature", "properties": { "WCRNmbr": "WCR2000-001206", "PT_30ft": 249, "BlwThreshl": "Above", "Head": 328.945, "lat": 38.819, "lon": -122.2 }, "geometry": { "type": "Point", "coordinates": [ -122.2, 38.819 ] } },
{ "type": "Feature", "properties": { "WCRNmbr": "WCR2007-003129", "PT_30ft": 244, "BlwThreshl": "Above", "Head": 328.236, "lat": 38.815, "lon": -122.194 }, "geometry": { "type": "Point", "coordinates": [ -122.194, 38.815 ] } },
{ "type": "Feature", "properties": { "WCRNmbr": "WCR1970-000158", "PT_30ft": 65, "BlwThreshl": "Above", "Head": 328.236, "lat": 38.818, "lon": -122.198 }, "geometry": { "type": "Point", "coordinates": [ -122.198, 38.818 ] } },
{ "type": "Feature", "properties": { "WCRNmbr": "WCR2003-001291", "PT_30ft": 105, "BlwThreshl": "Above", "Head": 323.19, "lat": 38.811, "lon": -122.187 }, "geometry": { "type": "Point", "coordinates": [ -122.187, 38.811 ] } },
{ "type": "Feature", "properties": { "WCRNmbr": "WCR0301677", "PT_30ft": 168, "BlwThreshl": "Above", "Head": 336.356, "lat": 38.823, "lon": -122.18 }, "geometry": { "type": "Point", "coordinates": [ -122.18, 38.823 ] } },
{ "type": "Feature", "properties": { "WCRNmbr": "WCR2008-001153", "PT_30ft": 210, "BlwThreshl": "Above", "Head": 336.356, "lat": 38.822, "lon": -122.187 }, "geometry": { "type": "Point", "coordinates": [ -122.187, 38.822 ] } },
{ "type": "Feature", "properties": { "WCRNmbr": "WCR1990-006909", "PT_30ft": 337, "BlwThreshl": "Below", "Head": 327.733, "lat": 38.814, "lon": -122.18 }, "geometry": { "type": "Point", "coordinates": [ -122.18, 38.814 ] } },
{ "type": "Feature", "properties": { "WCRNmbr": "WCR1987-008903", "PT_30ft": 270, "BlwThreshl": "Above", "Head": 327.733, "lat": 38.815, "lon": -122.183 }, "geometry": { "type": "Point", "coordinates": [ -122.183, 38.815 ] } },
{ "type": "Feature", "properties": { "WCRNmbr": "WCR1992-001957", "PT_30ft": 229, "BlwThreshl": "Above", "Head": 336.356, "lat": 38.824, "lon": -122.188 }, "geometry": { "type": "Point", "coordinates": [ -122.188, 38.824 ] } },
{ "type": "Feature", "properties": { "WCRNmbr": "WCR2004-004224", "PT_30ft": 118, "BlwThreshl": "Above", "Head": 342.889, "lat": 38.831, "lon": -122.193 }, "geometry": { "type": "Point", "coordinates": [ -122.193, 38.831 ] } },
{ "type": "Feature", "properties": { "WCRNmbr": "WCR1996-002744", "PT_30ft": 163, "BlwThreshl": "Above", "Head": 320.292, "lat": 38.809, "lon": -122.175 }, "geometry": { "type": "Point", "coordinates": [ -122.175, 38.809 ] } },
{ "type": "Feature", "properties": { "WCRNmbr": "WCR1990-003673", "PT_30ft": 292, "BlwThreshl": "Above", "Head": 310.25, "lat": 38.797, "lon": -122.18 }, "geometry": { "type": "Point", "coordinates": [ -122.18, 38.797 ] } },
{ "type": "Feature", "properties": { "WCRNmbr": "WCR2023-005485", "PT_30ft": -19, "BlwThreshl": "Above", "Head": 293.769, "lat": 38.784, "lon": -122.186 }, "geometry": { "type": "Point", "coordinates": [ -122.186, 38.784 ] } },
{ "type": "Feature", "properties": { "WCRNmbr": "WCR1977-001844", "PT_30ft": 88, "BlwThreshl": "Above", "Head": 288.761, "lat": 38.768, "lon": -122.157 }, "geometry": { "type": "Point", "coordinates": [ -122.157, 38.768 ] } },
{ "type": "Feature", "properties": { "WCRNmbr": "WCR2022-001228", "PT_30ft": 277, "BlwThreshl": "Above", "Head": 289.77, "lat": 38.767, "lon": -122.162 }, "geometry": { "type": "Point", "coordinates": [ -122.162, 38.767 ] } },
{ "type": "Feature", "properties": { "WCRNmbr": "WCR2012-005481", "PT_30ft": 263, "BlwThreshl": "Above", "Head": 297.853, "lat": 38.772, "lon": -122.171 }, "geometry": { "type": "Point", "coordinates": [ -122.171, 38.772 ] } },
{ "type": "Feature", "properties": { "WCRNmbr": "WCR1994-000949", "PT_30ft": 357, "BlwThreshl": "NoData", "Head": null, "lat": 38.77, "lon": -122.19 }, "geometry": { "type": "Point", "coordinates": [ -122.19, 38.77 ] } },
{ "type": "Feature", "properties": { "WCRNmbr": "WCR2016-008798", "PT_30ft": 207, "BlwThreshl": "Above", "Head": 289.77, "lat": 38.763, "lon": -122.163 }, "geometry": { "type": "Point", "coordinates": [ -122.163, 38.763 ] } },
{ "type": "Feature", "properties": { "WCRNmbr": "WCR1988-005361", "PT_30ft": 291, "BlwThreshl": "Below", "Head": 288.761, "lat": 38.767, "lon": -122.155 }, "geometry": { "type": "Point", "coordinates": [ -122.155, 38.767 ] } },
{ "type": "Feature", "properties": { "WCRNmbr": "WCR1998-001161", "PT_30ft": 189, "BlwThreshl": "Above", "Head": 288.761, "lat": 38.764, "lon": -122.153 }, "geometry": { "type": "Point", "coordinates": [ -122.153, 38.764 ] } },
{ "type": "Feature", "properties": { "WCRNmbr": "WCR1974-000649", "PT_30ft": 285, "BlwThreshl": "Above", "Head": 286.846, "lat": 38.76, "lon": -122.146 }, "geometry": { "type": "Point", "coordinates": [ -122.146, 38.76 ] } },
{ "type": "Feature", "properties": { "WCRNmbr": "WCR1996-002760", "PT_30ft": 205, "BlwThreshl": "Above", "Head": 287.414, "lat": 38.76, "lon": -122.152 }, "geometry": { "type": "Point", "coordinates": [ -122.152, 38.76 ] } },
{ "type": "Feature", "properties": { "WCRNmbr": "WCR2002-001099", "PT_30ft": 274, "BlwThreshl": "Above", "Head": 288.761, "lat": 38.766, "lon": -122.153 }, "geometry": { "type": "Point", "coordinates": [ -122.153, 38.766 ] } },
{ "type": "Feature", "properties": { "WCRNmbr": "WCR1998-001254", "PT_30ft": -279, "BlwThreshl": "Above", "Head": 9.48544, "lat": 38.914, "lon": -121.843 }, "geometry": { "type": "Point", "coordinates": [ -121.843, 38.914 ] } },
{ "type": "Feature", "properties": { "WCRNmbr": "WCR2008-005645", "PT_30ft": -86, "BlwThreshl": "Above", "Head": 4.98622, "lat": 38.883, "lon": -121.819 }, "geometry": { "type": "Point", "coordinates": [ -121.819, 38.883 ] } },
{ "type": "Feature", "properties": { "WCRNmbr": "WCR2022-003565", "PT_30ft": -216, "BlwThreshl": "Above", "Head": -7.57358, "lat": 38.839, "lon": -121.909 }, "geometry": { "type": "Point", "coordinates": [ -121.909, 38.839 ] } },
{ "type": "Feature", "properties": { "WCRNmbr": "WCR1976-000468", "PT_30ft": -129, "BlwThreshl": "Above", "Head": 9.84207, "lat": 38.916, "lon": -121.947 }, "geometry": { "type": "Point", "coordinates": [ -121.947, 38.916 ] } },
{ "type": "Feature", "properties": { "WCRNmbr": "WCR1976-000463", "PT_30ft": -254, "BlwThreshl": "Above", "Head": 13.417, "lat": 38.917, "lon": -121.971 }, "geometry": { "type": "Point", "coordinates": [ -121.971, 38.917 ] } },
{ "type": "Feature", "properties": { "WCRNmbr": "WCR1988-010307", "PT_30ft": -134, "BlwThreshl": "Above", "Head": 18.2374, "lat": 38.916, "lon": -121.992 }, "geometry": { "type": "Point", "coordinates": [ -121.992, 38.916 ] } },
{ "type": "Feature", "properties": { "WCRNmbr": "WCR2002-008432", "PT_30ft": 1, "BlwThreshl": "Above", "Head": 54.9643, "lat": 38.894, "lon": -121.984 }, "geometry": { "type": "Point", "coordinates": [ -121.984, 38.894 ] } },
{ "type": "Feature", "properties": { "WCRNmbr": "WCR1980-004160", "PT_30ft": -79, "BlwThreshl": "Above", "Head": 54.9876, "lat": 38.913, "lon": -122.018 }, "geometry": { "type": "Point", "coordinates": [ -122.018, 38.913 ] } },
{ "type": "Feature", "properties": { "WCRNmbr": "WCR1986-007579", "PT_30ft": -46, "BlwThreshl": "Above", "Head": 48.1193, "lat": 38.915, "lon": -122.023 }, "geometry": { "type": "Point", "coordinates": [ -122.023, 38.915 ] } },
{ "type": "Feature", "properties": { "WCRNmbr": "WCR2002-008433", "PT_30ft": 11, "BlwThreshl": "Above", "Head": 224.91, "lat": 38.891, "lon": -121.989 }, "geometry": { "type": "Point", "coordinates": [ -121.989, 38.891 ] } },
{ "type": "Feature", "properties": { "WCRNmbr": "WCR1992-004602", "PT_30ft": -110, "BlwThreshl": "Above", "Head": 44.0231, "lat": 38.916, "lon": -122.017 }, "geometry": { "type": "Point", "coordinates": [ -122.017, 38.916 ] } },
{ "type": "Feature", "properties": { "WCRNmbr": "WCR2001-006050", "PT_30ft": 13, "BlwThreshl": "Above", "Head": 54.9876, "lat": 38.913, "lon": -122.016 }, "geometry": { "type": "Point", "coordinates": [ -122.016, 38.913 ] } },
{ "type": "Feature", "properties": { "WCRNmbr": "WCR1989-009682", "PT_30ft": -48, "BlwThreshl": "Above", "Head": 54.9876, "lat": 38.913, "lon": -122.021 }, "geometry": { "type": "Point", "coordinates": [ -122.021, 38.913 ] } },
{ "type": "Feature", "properties": { "WCRNmbr": "WCR1990-003778", "PT_30ft": -69, "BlwThreshl": "Above", "Head": 44.0231, "lat": 38.917, "lon": -122.018 }, "geometry": { "type": "Point", "coordinates": [ -122.018, 38.917 ] } },
{ "type": "Feature", "properties": { "WCRNmbr": "WCR2000-002951", "PT_30ft": -9, "BlwThreshl": "Above", "Head": 54.9876, "lat": 38.912, "lon": -122.014 }, "geometry": { "type": "Point", "coordinates": [ -122.014, 38.912 ] } },
{ "type": "Feature", "properties": { "WCRNmbr": "WCR2003-004138", "PT_30ft": -59, "BlwThreshl": "Above", "Head": 19.9508, "lat": 38.894, "lon": -121.983 }, "geometry": { "type": "Point", "coordinates": [ -121.983, 38.894 ] } },
{ "type": "Feature", "properties": { "WCRNmbr": "WCR1990-010209", "PT_30ft": -73, "BlwThreshl": "Above", "Head": 44.0231, "lat": 38.919, "lon": -122.019 }, "geometry": { "type": "Point", "coordinates": [ -122.019, 38.919 ] } },
{ "type": "Feature", "properties": { "WCRNmbr": "WCR1992-007774", "PT_30ft": -63, "BlwThreshl": "Above", "Head": 53.8018, "lat": 38.91, "lon": -122.011 }, "geometry": { "type": "Point", "coordinates": [ -122.011, 38.91 ] } },
{ "type": "Feature", "properties": { "WCRNmbr": "WCR2024-002972", "PT_30ft": -360, "BlwThreshl": "Above", "Head": 53.8018, "lat": 38.909, "lon": -122.013 }, "geometry": { "type": "Point", "coordinates": [ -122.013, 38.909 ] } },
{ "type": "Feature", "properties": { "WCRNmbr": "WCR1978-001153", "PT_30ft": -63, "BlwThreshl": "Above", "Head": 20.4904, "lat": 38.91, "lon": -121.993 }, "geometry": { "type": "Point", "coordinates": [ -121.993, 38.91 ] } },
{ "type": "Feature", "properties": { "WCRNmbr": "WCR1995-001114", "PT_30ft": -89, "BlwThreshl": "Above", "Head": 52.6895, "lat": 38.907, "lon": -122.005 }, "geometry": { "type": "Point", "coordinates": [ -122.005, 38.907 ] } },
{ "type": "Feature", "properties": { "WCRNmbr": "WCR2006-001375", "PT_30ft": -70, "BlwThreshl": "Above", "Head": 24.8894, "lat": 38.9, "lon": -121.987 }, "geometry": { "type": "Point", "coordinates": [ -121.987, 38.9 ] } },
{ "type": "Feature", "properties": { "WCRNmbr": "WCR2018-012167", "PT_30ft": -470, "BlwThreshl": "Above", "Head": 20.4904, "lat": 38.909, "lon": -121.992 }, "geometry": { "type": "Point", "coordinates": [ -121.992, 38.909 ] } },
{ "type": "Feature", "properties": { "WCRNmbr": "WCR1996-003150", "PT_30ft": -103, "BlwThreshl": "Above", "Head": 39.8455, "lat": 38.907, "lon": -122.003 }, "geometry": { "type": "Point", "coordinates": [ -122.003, 38.907 ] } },
{ "type": "Feature", "properties": { "WCRNmbr": "WCR1998-001365", "PT_30ft": -57, "BlwThreshl": "Above", "Head": 54.9643, "lat": 38.897, "lon": -121.984 }, "geometry": { "type": "Point", "coordinates": [ -121.984, 38.897 ] } },
{ "type": "Feature", "properties": { "WCRNmbr": "WCR1980-000309", "PT_30ft": 3, "BlwThreshl": "Above", "Head": 65.0177, "lat": 38.898, "lon": -121.99 }, "geometry": { "type": "Point", "coordinates": [ -121.99, 38.898 ] } },
{ "type": "Feature", "properties": { "WCRNmbr": "WCR1973-000320", "PT_30ft": -81, "BlwThreshl": "Above", "Head": 28.9339, "lat": 38.9, "lon": -121.991 }, "geometry": { "type": "Point", "coordinates": [ -121.991, 38.9 ] } },
{ "type": "Feature", "properties": { "WCRNmbr": "WCR2006-001373", "PT_30ft": -68, "BlwThreshl": "Above", "Head": 28.9339, "lat": 38.896, "lon": -121.987 }, "geometry": { "type": "Point", "coordinates": [ -121.987, 38.896 ] } },
{ "type": "Feature", "properties": { "WCRNmbr": "WCR2004-002512", "PT_30ft": -64, "BlwThreshl": "Above", "Head": 28.9339, "lat": 38.899, "lon": -121.989 }, "geometry": { "type": "Point", "coordinates": [ -121.989, 38.899 ] } },
{ "type": "Feature", "properties": { "WCRNmbr": "WCR1980-002147", "PT_30ft": -31, "BlwThreshl": "Above", "Head": 55.6023, "lat": 38.903, "lon": -121.983 }, "geometry": { "type": "Point", "coordinates": [ -121.983, 38.903 ] } },
{ "type": "Feature", "properties": { "WCRNmbr": "WCR1970-000267", "PT_30ft": -20, "BlwThreshl": "Above", "Head": 54.9643, "lat": 38.897, "lon": -121.98 }, "geometry": { "type": "Point", "coordinates": [ -121.98, 38.897 ] } },
{ "type": "Feature", "properties": { "WCRNmbr": "WCR1978-001328", "PT_30ft": -56, "BlwThreshl": "Above", "Head": 54.9643, "lat": 38.898, "lon": -121.984 }, "geometry": { "type": "Point", "coordinates": [ -121.984, 38.898 ] } },
{ "type": "Feature", "properties": { "WCRNmbr": "WCR1993-002052", "PT_30ft": -54, "BlwThreshl": "Above", "Head": 54.9643, "lat": 38.897, "lon": -121.986 }, "geometry": { "type": "Point", "coordinates": [ -121.986, 38.897 ] } },
{ "type": "Feature", "properties": { "WCRNmbr": "WCR2002-008370", "PT_30ft": -88, "BlwThreshl": "Above", "Head": 27.6049, "lat": 38.686, "lon": -121.819 }, "geometry": { "type": "Point", "coordinates": [ -121.819, 38.686 ] } },
{ "type": "Feature", "properties": { "WCRNmbr": "WCR1988-005363", "PT_30ft": -29, "BlwThreshl": "Above", "Head": 54.9643, "lat": 38.897, "lon": -121.986 }, "geometry": { "type": "Point", "coordinates": [ -121.986, 38.897 ] } },
{ "type": "Feature", "properties": { "WCRNmbr": "WCR1990-012208", "PT_30ft": -141, "BlwThreshl": "Above", "Head": 19.9508, "lat": 38.898, "lon": -121.98 }, "geometry": { "type": "Point", "coordinates": [ -121.98, 38.898 ] } },
{ "type": "Feature", "properties": { "WCRNmbr": "WCR2002-008620", "PT_30ft": -23, "BlwThreshl": "NoData", "Head": null, "lat": 38.9, "lon": -121.989 }, "geometry": { "type": "Point", "coordinates": [ -121.989, 38.9 ] } },
{ "type": "Feature", "properties": { "WCRNmbr": "WCR1976-001020", "PT_30ft": -19, "BlwThreshl": "Above", "Head": 54.9643, "lat": 38.897, "lon": -121.986 }, "geometry": { "type": "Point", "coordinates": [ -121.986, 38.897 ] } },
{ "type": "Feature", "properties": { "WCRNmbr": "WCR1972-000377", "PT_30ft": 13, "BlwThreshl": "Above", "Head": 55.6023, "lat": 38.904, "lon": -121.983 }, "geometry": { "type": "Point", "coordinates": [ -121.983, 38.904 ] } },
{ "type": "Feature", "properties": { "WCRNmbr": "WCR1977-002209", "PT_30ft": -100, "BlwThreshl": "Above", "Head": 19.9508, "lat": 38.898, "lon": -121.981 }, "geometry": { "type": "Point", "coordinates": [ -121.981, 38.898 ] } },
{ "type": "Feature", "properties": { "WCRNmbr": "WCR1977-002139", "PT_30ft": -27, "BlwThreshl": "Above", "Head": 54.9643, "lat": 38.897, "lon": -121.98 }, "geometry": { "type": "Point", "coordinates": [ -121.98, 38.897 ] } },
{ "type": "Feature", "properties": { "WCRNmbr": "WCR1996-004999", "PT_30ft": -51, "BlwThreshl": "Above", "Head": 54.9643, "lat": 38.897, "lon": -121.985 }, "geometry": { "type": "Point", "coordinates": [ -121.985, 38.897 ] } },
{ "type": "Feature", "properties": { "WCRNmbr": "WCR1993-000884", "PT_30ft": -49, "BlwThreshl": "Above", "Head": 60.4114, "lat": 38.902, "lon": -121.989 }, "geometry": { "type": "Point", "coordinates": [ -121.989, 38.902 ] } },
{ "type": "Feature", "properties": { "WCRNmbr": "WCR2006-001368", "PT_30ft": -77, "BlwThreshl": "Above", "Head": 19.7853, "lat": 38.901, "lon": -121.982 }, "geometry": { "type": "Point", "coordinates": [ -121.982, 38.901 ] } },
{ "type": "Feature", "properties": { "WCRNmbr": "WCR2004-002509", "PT_30ft": -94, "BlwThreshl": "Above", "Head": 16.8034, "lat": 38.896, "lon": -121.973 }, "geometry": { "type": "Point", "coordinates": [ -121.973, 38.896 ] } },
{ "type": "Feature", "properties": { "WCRNmbr": "WCR2003-003851", "PT_30ft": -79, "BlwThreshl": "Above", "Head": 19.7853, "lat": 38.902, "lon": -121.981 }, "geometry": { "type": "Point", "coordinates": [ -121.981, 38.902 ] } },
{ "type": "Feature", "properties": { "WCRNmbr": "WCR1997-002300", "PT_30ft": -112, "BlwThreshl": "Above", "Head": 24.8894, "lat": 38.902, "lon": -121.989 }, "geometry": { "type": "Point", "coordinates": [ -121.989, 38.902 ] } },
{ "type": "Feature", "properties": { "WCRNmbr": "WCR1996-003419", "PT_30ft": -53, "BlwThreshl": "Above", "Head": 54.9643, "lat": 38.898, "lon": -121.986 }, "geometry": { "type": "Point", "coordinates": [ -121.986, 38.898 ] } },
{ "type": "Feature", "properties": { "WCRNmbr": "WCR1992-002423", "PT_30ft": -59, "BlwThreshl": "NoData", "Head": null, "lat": 38.901, "lon": -121.981 }, "geometry": { "type": "Point", "coordinates": [ -121.981, 38.901 ] } },
{ "type": "Feature", "properties": { "WCRNmbr": "WCR1981-001975", "PT_30ft": -69, "BlwThreshl": "Above", "Head": 19.7853, "lat": 38.904, "lon": -121.985 }, "geometry": { "type": "Point", "coordinates": [ -121.985, 38.904 ] } },
{ "type": "Feature", "properties": { "WCRNmbr": "WCR2004-002500", "PT_30ft": -65, "BlwThreshl": "Above", "Head": 28.9339, "lat": 38.899, "lon": -121.989 }, "geometry": { "type": "Point", "coordinates": [ -121.989, 38.899 ] } },
{ "type": "Feature", "properties": { "WCRNmbr": "WCR1995-001185", "PT_30ft": -42, "BlwThreshl": "Above", "Head": 54.9643, "lat": 38.898, "lon": -121.986 }, "geometry": { "type": "Point", "coordinates": [ -121.986, 38.898 ] } },
{ "type": "Feature", "properties": { "WCRNmbr": "WCR2004-001961", "PT_30ft": -28, "BlwThreshl": "Above", "Head": 65.0177, "lat": 38.897, "lon": -121.987 }, "geometry": { "type": "Point", "coordinates": [ -121.987, 38.897 ] } },
{ "type": "Feature", "properties": { "WCRNmbr": "WCR1995-001184", "PT_30ft": -54, "BlwThreshl": "Above", "Head": 54.9643, "lat": 38.898, "lon": -121.986 }, "geometry": { "type": "Point", "coordinates": [ -121.986, 38.898 ] } },
{ "type": "Feature", "properties": { "WCRNmbr": "WCR2001-006068", "PT_30ft": -40, "BlwThreshl": "Above", "Head": 54.9643, "lat": 38.898, "lon": -121.981 }, "geometry": { "type": "Point", "coordinates": [ -121.981, 38.898 ] } },
{ "type": "Feature", "properties": { "WCRNmbr": "WCR0137700", "PT_30ft": -35, "BlwThreshl": "Above", "Head": 54.9643, "lat": 38.899, "lon": -121.981 }, "geometry": { "type": "Point", "coordinates": [ -121.981, 38.899 ] } },
{ "type": "Feature", "properties": { "WCRNmbr": "WCR2001-006064", "PT_30ft": -40, "BlwThreshl": "Above", "Head": 54.9643, "lat": 38.899, "lon": -121.981 }, "geometry": { "type": "Point", "coordinates": [ -121.981, 38.899 ] } },
{ "type": "Feature", "properties": { "WCRNmbr": "WCR1994-000560", "PT_30ft": -52, "BlwThreshl": "Above", "Head": 54.9643, "lat": 38.897, "lon": -121.986 }, "geometry": { "type": "Point", "coordinates": [ -121.986, 38.897 ] } },
{ "type": "Feature", "properties": { "WCRNmbr": "WCR1990-005253", "PT_30ft": -68, "BlwThreshl": "Above", "Head": 19.9508, "lat": 38.897, "lon": -121.982 }, "geometry": { "type": "Point", "coordinates": [ -121.982, 38.897 ] } },
{ "type": "Feature", "properties": { "WCRNmbr": "WCR2005-002896", "PT_30ft": -49, "BlwThreshl": "Above", "Head": 60.4114, "lat": 38.901, "lon": -121.987 }, "geometry": { "type": "Point", "coordinates": [ -121.987, 38.901 ] } },
{ "type": "Feature", "properties": { "WCRNmbr": "WCR1976-001025", "PT_30ft": -69, "BlwThreshl": "Above", "Head": 24.8894, "lat": 38.901, "lon": -121.989 }, "geometry": { "type": "Point", "coordinates": [ -121.989, 38.901 ] } },
{ "type": "Feature", "properties": { "WCRNmbr": "WCR2003-004146", "PT_30ft": -114, "BlwThreshl": "Above", "Head": 16.8034, "lat": 38.898, "lon": -121.972 }, "geometry": { "type": "Point", "coordinates": [ -121.972, 38.898 ] } },
{ "type": "Feature", "properties": { "WCRNmbr": "WCR2005-001147", "PT_30ft": -59, "BlwThreshl": "Above", "Head": 19.9508, "lat": 38.9, "lon": -121.981 }, "geometry": { "type": "Point", "coordinates": [ -121.981, 38.9 ] } },
{ "type": "Feature", "properties": { "WCRNmbr": "WCR2001-006066", "PT_30ft": -40, "BlwThreshl": "Above", "Head": 54.9643, "lat": 38.898, "lon": -121.981 }, "geometry": { "type": "Point", "coordinates": [ -121.981, 38.898 ] } },
{ "type": "Feature", "properties": { "WCRNmbr": "WCR1985-004104", "PT_30ft": -117, "BlwThreshl": "Above", "Head": 46.0059, "lat": 38.903, "lon": -121.947 }, "geometry": { "type": "Point", "coordinates": [ -121.947, 38.903 ] } },
{ "type": "Feature", "properties": { "WCRNmbr": "WCR1987-008905", "PT_30ft": -202, "BlwThreshl": "Above", "Head": 11.7233, "lat": 38.883, "lon": -121.966 }, "geometry": { "type": "Point", "coordinates": [ -121.966, 38.883 ] } },
{ "type": "Feature", "properties": { "WCRNmbr": "WCR1993-004100", "PT_30ft": -28, "BlwThreshl": "Above", "Head": 44.7639, "lat": 38.886, "lon": -121.97 }, "geometry": { "type": "Point", "coordinates": [ -121.97, 38.886 ] } },
{ "type": "Feature", "properties": { "WCRNmbr": "WCR1977-001841", "PT_30ft": -186, "BlwThreshl": "Above", "Head": 14.8199, "lat": 38.882, "lon": -121.969 }, "geometry": { "type": "Point", "coordinates": [ -121.969, 38.882 ] } },
{ "type": "Feature", "properties": { "WCRNmbr": "WCR1978-001775", "PT_30ft": -48, "BlwThreshl": "Above", "Head": 32.0208, "lat": 38.886, "lon": -121.966 }, "geometry": { "type": "Point", "coordinates": [ -121.966, 38.886 ] } },
{ "type": "Feature", "properties": { "WCRNmbr": "WCR1992-001403", "PT_30ft": -220, "BlwThreshl": "Above", "Head": 14.1138, "lat": 38.895, "lon": -121.966 }, "geometry": { "type": "Point", "coordinates": [ -121.966, 38.895 ] } },
{ "type": "Feature", "properties": { "WCRNmbr": "WCR1998-001260", "PT_30ft": -285, "BlwThreshl": "Above", "Head": 11.7233, "lat": 38.884, "lon": -121.968 }, "geometry": { "type": "Point", "coordinates": [ -121.968, 38.884 ] } },
{ "type": "Feature", "properties": { "WCRNmbr": "WCR2000-002723", "PT_30ft": -55, "BlwThreshl": "Above", "Head": 49.5691, "lat": 38.891, "lon": -121.987 }, "geometry": { "type": "Point", "coordinates": [ -121.987, 38.891 ] } },
{ "type": "Feature", "properties": { "WCRNmbr": "WCR1981-002356", "PT_30ft": -63, "BlwThreshl": "Above", "Head": 19.9508, "lat": 38.894, "lon": -121.981 }, "geometry": { "type": "Point", "coordinates": [ -121.981, 38.894 ] } },
{ "type": "Feature", "properties": { "WCRNmbr": "WCR1971-000628", "PT_30ft": -14, "BlwThreshl": "Above", "Head": 54.9643, "lat": 38.895, "lon": -121.985 }, "geometry": { "type": "Point", "coordinates": [ -121.985, 38.895 ] } },
{ "type": "Feature", "properties": { "WCRNmbr": "WCR2006-002509", "PT_30ft": -100, "BlwThreshl": "Above", "Head": 19.9508, "lat": 38.893, "lon": -121.984 }, "geometry": { "type": "Point", "coordinates": [ -121.984, 38.893 ] } },
{ "type": "Feature", "properties": { "WCRNmbr": "WCR1996-003423", "PT_30ft": -53, "BlwThreshl": "Above", "Head": 49.5691, "lat": 38.89, "lon": -121.989 }, "geometry": { "type": "Point", "coordinates": [ -121.989, 38.89 ] } },
{ "type": "Feature", "properties": { "WCRNmbr": "WCR1995-003837", "PT_30ft": -40, "BlwThreshl": "Above", "Head": 56.2163, "lat": 38.889, "lon": -121.985 }, "geometry": { "type": "Point", "coordinates": [ -121.985, 38.889 ] } },
{ "type": "Feature", "properties": { "WCRNmbr": "WCR2004-004817", "PT_30ft": -10, "BlwThreshl": "Above", "Head": 54.9643, "lat": 38.896, "lon": -121.982 }, "geometry": { "type": "Point", "coordinates": [ -121.982, 38.896 ] } },
{ "type": "Feature", "properties": { "WCRNmbr": "WCR1991-010562", "PT_30ft": -68, "BlwThreshl": "Above", "Head": 17.4653, "lat": 38.891, "lon": -121.981 }, "geometry": { "type": "Point", "coordinates": [ -121.981, 38.891 ] } },
{ "type": "Feature", "properties": { "WCRNmbr": "WCR0208331", "PT_30ft": -113, "BlwThreshl": "Above", "Head": 17.4653, "lat": 38.89, "lon": -121.986 }, "geometry": { "type": "Point", "coordinates": [ -121.986, 38.89 ] } },
{ "type": "Feature", "properties": { "WCRNmbr": "WCR1985-001147", "PT_30ft": -33, "BlwThreshl": "Above", "Head": 54.9643, "lat": 38.894, "lon": -121.981 }, "geometry": { "type": "Point", "coordinates": [ -121.981, 38.894 ] } },
{ "type": "Feature", "properties": { "WCRNmbr": "WCR2023-008831", "PT_30ft": -127, "BlwThreshl": "Above", "Head": 19.9508, "lat": 38.894, "lon": -121.986 }, "geometry": { "type": "Point", "coordinates": [ -121.986, 38.894 ] } },
{ "type": "Feature", "properties": { "WCRNmbr": "WCR1990-010278", "PT_30ft": -66, "BlwThreshl": "Above", "Head": 19.9508, "lat": 38.896, "lon": -121.978 }, "geometry": { "type": "Point", "coordinates": [ -121.978, 38.896 ] } },
{ "type": "Feature", "properties": { "WCRNmbr": "WCR1996-003153", "PT_30ft": -38, "BlwThreshl": "NoData", "Head": null, "lat": 38.892, "lon": -121.986 }, "geometry": { "type": "Point", "coordinates": [ -121.986, 38.892 ] } },
{ "type": "Feature", "properties": { "WCRNmbr": "WCR1994-003947", "PT_30ft": -43, "BlwThreshl": "Above", "Head": 56.2163, "lat": 38.89, "lon": -121.98 }, "geometry": { "type": "Point", "coordinates": [ -121.98, 38.89 ] } },
{ "type": "Feature", "properties": { "WCRNmbr": "WCR2005-004077", "PT_30ft": -74, "BlwThreshl": "Above", "Head": 28.9339, "lat": 38.894, "lon": -121.987 }, "geometry": { "type": "Point", "coordinates": [ -121.987, 38.894 ] } },
{ "type": "Feature", "properties": { "WCRNmbr": "WCR1978-001333", "PT_30ft": -36, "BlwThreshl": "Above", "Head": 224.91, "lat": 38.893, "lon": -121.987 }, "geometry": { "type": "Point", "coordinates": [ -121.987, 38.893 ] } },
{ "type": "Feature", "properties": { "WCRNmbr": "WCR1980-004059", "PT_30ft": -32, "BlwThreshl": "Above", "Head": 54.9643, "lat": 38.895, "lon": -121.981 }, "geometry": { "type": "Point", "coordinates": [ -121.981, 38.895 ] } },
{ "type": "Feature", "properties": { "WCRNmbr": "WCR2000-007391", "PT_30ft": -64, "BlwThreshl": "Above", "Head": 17.4653, "lat": 38.891, "lon": -121.98 }, "geometry": { "type": "Point", "coordinates": [ -121.98, 38.891 ] } },
{ "type": "Feature", "properties": { "WCRNmbr": "WCR2005-003705", "PT_30ft": -86, "BlwThreshl": "Above", "Head": 19.9508, "lat": 38.893, "lon": -121.986 }, "geometry": { "type": "Point", "coordinates": [ -121.986, 38.893 ] } },
{ "type": "Feature", "properties": { "WCRNmbr": "WCR2004-005626", "PT_30ft": -80, "BlwThreshl": "Above", "Head": 19.9508, "lat": 38.894, "lon": -121.984 }, "geometry": { "type": "Point", "coordinates": [ -121.984, 38.894 ] } },
{ "type": "Feature", "properties": { "WCRNmbr": "WCR1995-001113", "PT_30ft": -54, "BlwThreshl": "Above", "Head": 44.7639, "lat": 38.893, "lon": -121.976 }, "geometry": { "type": "Point", "coordinates": [ -121.976, 38.893 ] } },
{ "type": "Feature", "properties": { "WCRNmbr": "WCR2016-010655", "PT_30ft": -108, "BlwThreshl": "Above", "Head": 19.9508, "lat": 38.894, "lon": -121.984 }, "geometry": { "type": "Point", "coordinates": [ -121.984, 38.894 ] } },
{ "type": "Feature", "properties": { "WCRNmbr": "WCR2003-004460", "PT_30ft": -50, "BlwThreshl": "Above", "Head": 28.9339, "lat": 38.899, "lon": -121.987 }, "geometry": { "type": "Point", "coordinates": [ -121.987, 38.899 ] } },
{ "type": "Feature", "properties": { "WCRNmbr": "WCR1999-006111", "PT_30ft": -36, "BlwThreshl": "Above", "Head": 224.91, "lat": 38.891, "lon": -121.987 }, "geometry": { "type": "Point", "coordinates": [ -121.987, 38.891 ] } },
{ "type": "Feature", "properties": { "WCRNmbr": "WCR1980-004060", "PT_30ft": -21, "BlwThreshl": "Above", "Head": 54.9643, "lat": 38.896, "lon": -121.986 }, "geometry": { "type": "Point", "coordinates": [ -121.986, 38.896 ] } },
{ "type": "Feature", "properties": { "WCRNmbr": "WCR1981-002040", "PT_30ft": -96, "BlwThreshl": "Above", "Head": 16.8034, "lat": 38.896, "lon": -121.972 }, "geometry": { "type": "Point", "coordinates": [ -121.972, 38.896 ] } },
{ "type": "Feature", "properties": { "WCRNmbr": "WCR1973-000336", "PT_30ft": -101, "BlwThreshl": "Above", "Head": 16.8034, "lat": 38.896, "lon": -121.971 }, "geometry": { "type": "Point", "coordinates": [ -121.971, 38.896 ] } },
{ "type": "Feature", "properties": { "WCRNmbr": "WCR1971-000413", "PT_30ft": 11, "BlwThreshl": "Above", "Head": 54.9643, "lat": 38.896, "lon": -121.985 }, "geometry": { "type": "Point", "coordinates": [ -121.985, 38.896 ] } },
{ "type": "Feature", "properties": { "WCRNmbr": "WCR1970-000316", "PT_30ft": -1, "BlwThreshl": "Above", "Head": 65.0177, "lat": 38.894, "lon": -121.989 }, "geometry": { "type": "Point", "coordinates": [ -121.989, 38.894 ] } },
{ "type": "Feature", "properties": { "WCRNmbr": "WCR1980-004061", "PT_30ft": -23, "BlwThreshl": "Above", "Head": 54.9643, "lat": 38.895, "lon": -121.986 }, "geometry": { "type": "Point", "coordinates": [ -121.986, 38.895 ] } },
{ "type": "Feature", "properties": { "WCRNmbr": "WCR1990-003781", "PT_30ft": -36, "BlwThreshl": "Above", "Head": 224.91, "lat": 38.892, "lon": -121.987 }, "geometry": { "type": "Point", "coordinates": [ -121.987, 38.892 ] } },
{ "type": "Feature", "properties": { "WCRNmbr": "WCR2005-003846", "PT_30ft": -68, "BlwThreshl": "Above", "Head": 28.9339, "lat": 38.896, "lon": -121.989 }, "geometry": { "type": "Point", "coordinates": [ -121.989, 38.896 ] } },
{ "type": "Feature", "properties": { "WCRNmbr": "WCR2003-004369", "PT_30ft": -54, "BlwThreshl": "Above", "Head": 28.9339, "lat": 38.895, "lon": -121.987 }, "geometry": { "type": "Point", "coordinates": [ -121.987, 38.895 ] } },
{ "type": "Feature", "properties": { "WCRNmbr": "WCR1995-003830", "PT_30ft": -57, "BlwThreshl": "Above", "Head": 17.4653, "lat": 38.891, "lon": -121.981 }, "geometry": { "type": "Point", "coordinates": [ -121.981, 38.891 ] } },
{ "type": "Feature", "properties": { "WCRNmbr": "WCR2024-003573", "PT_30ft": -268, "BlwThreshl": "Above", "Head": 28.9339, "lat": 38.893, "lon": -121.989 }, "geometry": { "type": "Point", "coordinates": [ -121.989, 38.893 ] } },
{ "type": "Feature", "properties": { "WCRNmbr": "WCR1990-005290", "PT_30ft": -36, "BlwThreshl": "Above", "Head": 224.91, "lat": 38.889, "lon": -121.987 }, "geometry": { "type": "Point", "coordinates": [ -121.987, 38.889 ] } },
{ "type": "Feature", "properties": { "WCRNmbr": "WCR2004-002513", "PT_30ft": -81, "BlwThreshl": "Above", "Head": 17.4653, "lat": 38.89, "lon": -121.984 }, "geometry": { "type": "Point", "coordinates": [ -121.984, 38.89 ] } },
{ "type": "Feature", "properties": { "WCRNmbr": "WCR2024-002963", "PT_30ft": -120, "BlwThreshl": "Above", "Head": 19.9508, "lat": 38.895, "lon": -121.983 }, "geometry": { "type": "Point", "coordinates": [ -121.983, 38.895 ] } },
{ "type": "Feature", "properties": { "WCRNmbr": "WCR1999-001738", "PT_30ft": -35, "BlwThreshl": "NoData", "Head": null, "lat": 38.891, "lon": -121.987 }, "geometry": { "type": "Point", "coordinates": [ -121.987, 38.891 ] } },
{ "type": "Feature", "properties": { "WCRNmbr": "WCR1992-008976", "PT_30ft": -156, "BlwThreshl": "Above", "Head": 15.4819, "lat": 38.889, "lon": -121.974 }, "geometry": { "type": "Point", "coordinates": [ -121.974, 38.889 ] } },
{ "type": "Feature", "properties": { "WCRNmbr": "WCR2005-003849", "PT_30ft": -59, "BlwThreshl": "Above", "Head": 19.9508, "lat": 38.894, "lon": -121.984 }, "geometry": { "type": "Point", "coordinates": [ -121.984, 38.894 ] } },
{ "type": "Feature", "properties": { "WCRNmbr": "WCR2004-005553", "PT_30ft": -67, "BlwThreshl": "Above", "Head": 19.9508, "lat": 38.895, "lon": -121.978 }, "geometry": { "type": "Point", "coordinates": [ -121.978, 38.895 ] } },
{ "type": "Feature", "properties": { "WCRNmbr": "WCR2003-004458", "PT_30ft": -50, "BlwThreshl": "Above", "Head": 28.9339, "lat": 38.9, "lon": -121.987 }, "geometry": { "type": "Point", "coordinates": [ -121.987, 38.9 ] } },
{ "type": "Feature", "properties": { "WCRNmbr": "WCR1986-004987", "PT_30ft": -44, "BlwThreshl": "Above", "Head": 56.2163, "lat": 38.893, "lon": -121.981 }, "geometry": { "type": "Point", "coordinates": [ -121.981, 38.893 ] } },
{ "type": "Feature", "properties": { "WCRNmbr": "WCR2005-004017", "PT_30ft": -88, "BlwThreshl": "Above", "Head": 28.9339, "lat": 38.895, "lon": -121.989 }, "geometry": { "type": "Point", "coordinates": [ -121.989, 38.895 ] } },
{ "type": "Feature", "properties": { "WCRNmbr": "WCR1970-000311", "PT_30ft": -6, "BlwThreshl": "Above", "Head": 54.9643, "lat": 38.895, "lon": -121.984 }, "geometry": { "type": "Point", "coordinates": [ -121.984, 38.895 ] } },
{ "type": "Feature", "properties": { "WCRNmbr": "WCR1988-003393", "PT_30ft": -61, "BlwThreshl": "Above", "Head": 17.4653, "lat": 38.891, "lon": -121.983 }, "geometry": { "type": "Point", "coordinates": [ -121.983, 38.891 ] } },
{ "type": "Feature", "properties": { "WCRNmbr": "WCR2005-003848", "PT_30ft": -93, "BlwThreshl": "Above", "Head": 16.8034, "lat": 38.898, "lon": -121.971 }, "geometry": { "type": "Point", "coordinates": [ -121.971, 38.898 ] } },
{ "type": "Feature", "properties": { "WCRNmbr": "WCR2003-004459", "PT_30ft": -48, "BlwThreshl": "Above", "Head": 28.9339, "lat": 38.9, "lon": -121.988 }, "geometry": { "type": "Point", "coordinates": [ -121.988, 38.9 ] } },
{ "type": "Feature", "properties": { "WCRNmbr": "WCR2004-002515", "PT_30ft": -54, "BlwThreshl": "Above", "Head": 54.9643, "lat": 38.895, "lon": -121.983 }, "geometry": { "type": "Point", "coordinates": [ -121.983, 38.895 ] } },
{ "type": "Feature", "properties": { "WCRNmbr": "WCR1990-003779", "PT_30ft": -37, "BlwThreshl": "Above", "Head": 54.9643, "lat": 38.894, "lon": -121.986 }, "geometry": { "type": "Point", "coordinates": [ -121.986, 38.894 ] } },
{ "type": "Feature", "properties": { "WCRNmbr": "WCR2005-004080", "PT_30ft": -82, "BlwThreshl": "Above", "Head": 19.9508, "lat": 38.893, "lon": -121.982 }, "geometry": { "type": "Point", "coordinates": [ -121.982, 38.893 ] } },
{ "type": "Feature", "properties": { "WCRNmbr": "WCR1974-000642", "PT_30ft": -76, "BlwThreshl": "Above", "Head": 19.9508, "lat": 38.895, "lon": -121.983 }, "geometry": { "type": "Point", "coordinates": [ -121.983, 38.895 ] } },
{ "type": "Feature", "properties": { "WCRNmbr": "WCR2002-008499", "PT_30ft": -63, "BlwThreshl": "Above", "Head": 19.9508, "lat": 38.894, "lon": -121.981 }, "geometry": { "type": "Point", "coordinates": [ -121.981, 38.894 ] } },
{ "type": "Feature", "properties": { "WCRNmbr": "WCR2005-003847", "PT_30ft": -81, "BlwThreshl": "Above", "Head": 17.4653, "lat": 38.889, "lon": -121.984 }, "geometry": { "type": "Point", "coordinates": [ -121.984, 38.889 ] } },
{ "type": "Feature", "properties": { "WCRNmbr": "WCR0030495", "PT_30ft": -65, "BlwThreshl": "Above", "Head": 24.8894, "lat": 38.901, "lon": -121.989 }, "geometry": { "type": "Point", "coordinates": [ -121.989, 38.901 ] } },
{ "type": "Feature", "properties": { "WCRNmbr": "WCR1976-001022", "PT_30ft": 3, "BlwThreshl": "Above", "Head": 65.0177, "lat": 38.896, "lon": -121.988 }, "geometry": { "type": "Point", "coordinates": [ -121.988, 38.896 ] } },
{ "type": "Feature", "properties": { "WCRNmbr": "WCR1999-001916", "PT_30ft": -364, "BlwThreshl": "Above", "Head": 15.4819, "lat": 38.887, "lon": -121.975 }, "geometry": { "type": "Point", "coordinates": [ -121.975, 38.887 ] } },
{ "type": "Feature", "properties": { "WCRNmbr": "WCR2010-000145", "PT_30ft": -54, "BlwThreshl": "Above", "Head": 49.5691, "lat": 38.891, "lon": -121.993 }, "geometry": { "type": "Point", "coordinates": [ -121.993, 38.891 ] } },
{ "type": "Feature", "properties": { "WCRNmbr": "WCR1973-000528", "PT_30ft": -69, "BlwThreshl": "Above", "Head": 46.0031, "lat": 38.881, "lon": -121.972 }, "geometry": { "type": "Point", "coordinates": [ -121.972, 38.881 ] } },
{ "type": "Feature", "properties": { "WCRNmbr": "WCR2023-005786", "PT_30ft": -208, "BlwThreshl": "Above", "Head": 3.94336, "lat": 38.868, "lon": -121.938 }, "geometry": { "type": "Point", "coordinates": [ -121.938, 38.868 ] } },
{ "type": "Feature", "properties": { "WCRNmbr": "WCR2007-007094", "PT_30ft": -299, "BlwThreshl": "Above", "Head": 0.921, "lat": 38.862, "lon": -121.928 }, "geometry": { "type": "Point", "coordinates": [ -121.928, 38.862 ] } },
{ "type": "Feature", "properties": { "WCRNmbr": "WCR2015-004458", "PT_30ft": -211, "BlwThreshl": "Above", "Head": 26.8327, "lat": 38.864, "lon": -121.976 }, "geometry": { "type": "Point", "coordinates": [ -121.976, 38.864 ] } },
{ "type": "Feature", "properties": { "WCRNmbr": "WCR2012-002504", "PT_30ft": -163, "BlwThreshl": "NoData", "Head": null, "lat": 38.864, "lon": -121.791 }, "geometry": { "type": "Point", "coordinates": [ -121.791, 38.864 ] } },
{ "type": "Feature", "properties": { "WCRNmbr": "WCR1979-000785", "PT_30ft": -24, "BlwThreshl": "Above", "Head": 12.3797, "lat": 38.862, "lon": -121.791 }, "geometry": { "type": "Point", "coordinates": [ -121.791, 38.862 ] } },
{ "type": "Feature", "properties": { "WCRNmbr": "WCR1993-005146", "PT_30ft": -205, "BlwThreshl": "Above", "Head": 5.55773, "lat": 38.838, "lon": -121.732 }, "geometry": { "type": "Point", "coordinates": [ -121.732, 38.838 ] } },
{ "type": "Feature", "properties": { "WCRNmbr": "WCR1990-010270", "PT_30ft": 81, "BlwThreshl": "Above", "Head": 154.045, "lat": 38.913, "lon": -122.07 }, "geometry": { "type": "Point", "coordinates": [ -122.07, 38.913 ] } },
{ "type": "Feature", "properties": { "WCRNmbr": "WCR1993-001384", "PT_30ft": 69, "BlwThreshl": "Above", "Head": 138.05, "lat": 38.913, "lon": -122.067 }, "geometry": { "type": "Point", "coordinates": [ -122.067, 38.913 ] } },
{ "type": "Feature", "properties": { "WCRNmbr": "WCR1991-004175", "PT_30ft": 73, "BlwThreshl": "Above", "Head": 154.045, "lat": 38.912, "lon": -122.072 }, "geometry": { "type": "Point", "coordinates": [ -122.072, 38.912 ] } },
{ "type": "Feature", "properties": { "WCRNmbr": "WCR2016-013568", "PT_30ft": -42, "BlwThreshl": "Above", "Head": 184.336, "lat": 38.905, "lon": -122.088 }, "geometry": { "type": "Point", "coordinates": [ -122.088, 38.905 ] } },
{ "type": "Feature", "properties": { "WCRNmbr": "WCR1982-003300", "PT_30ft": -53, "BlwThreshl": "Above", "Head": 122.703, "lat": 38.909, "lon": -122.052 }, "geometry": { "type": "Point", "coordinates": [ -122.052, 38.909 ] } },
{ "type": "Feature", "properties": { "WCRNmbr": "WCR1985-004107", "PT_30ft": 73, "BlwThreshl": "Above", "Head": 119.231, "lat": 38.896, "lon": -122.039 }, "geometry": { "type": "Point", "coordinates": [ -122.039, 38.896 ] } },
{ "type": "Feature", "properties": { "WCRNmbr": "WCR2003-004461", "PT_30ft": 110, "BlwThreshl": "Below", "Head": 96.7949, "lat": 38.894, "lon": -122.028 }, "geometry": { "type": "Point", "coordinates": [ -122.028, 38.894 ] } },
{ "type": "Feature", "properties": { "WCRNmbr": "WCR2016-011072", "PT_30ft": -237, "BlwThreshl": "Above", "Head": 119.231, "lat": 38.897, "lon": -122.037 }, "geometry": { "type": "Point", "coordinates": [ -122.037, 38.897 ] } },
{ "type": "Feature", "properties": { "WCRNmbr": "WCR1971-000155", "PT_30ft": 25, "BlwThreshl": "Above", "Head": 119.231, "lat": 38.897, "lon": -122.034 }, "geometry": { "type": "Point", "coordinates": [ -122.034, 38.897 ] } },
{ "type": "Feature", "properties": { "WCRNmbr": "WCR2004-004628", "PT_30ft": 74, "BlwThreshl": "Above", "Head": 189.769, "lat": 38.879, "lon": -122.062 }, "geometry": { "type": "Point", "coordinates": [ -122.062, 38.879 ] } },
{ "type": "Feature", "properties": { "WCRNmbr": "WCR2016-013833", "PT_30ft": -93, "BlwThreshl": "Above", "Head": 213.782, "lat": 38.871, "lon": -122.028 }, "geometry": { "type": "Point", "coordinates": [ -122.028, 38.871 ] } },
{ "type": "Feature", "properties": { "WCRNmbr": "WCR2012-004486", "PT_30ft": 123, "BlwThreshl": "Above", "Head": 234.408, "lat": 38.861, "lon": -122.042 }, "geometry": { "type": "Point", "coordinates": [ -122.042, 38.861 ] } },
{ "type": "Feature", "properties": { "WCRNmbr": "WCR1995-004558", "PT_30ft": 360, "BlwThreshl": "Below", "Head": 320.188, "lat": 38.917, "lon": -122.15 }, "geometry": { "type": "Point", "coordinates": [ -122.15, 38.917 ] } },
{ "type": "Feature", "properties": { "WCRNmbr": "WCR1986-007589", "PT_30ft": 405, "BlwThreshl": "NoData", "Head": null, "lat": 38.886, "lon": -122.223 }, "geometry": { "type": "Point", "coordinates": [ -122.223, 38.886 ] } },
{ "type": "Feature", "properties": { "WCRNmbr": "WCR1977-000221", "PT_30ft": 331, "BlwThreshl": "Above", "Head": 397.851, "lat": 38.882, "lon": -122.228 }, "geometry": { "type": "Point", "coordinates": [ -122.228, 38.882 ] } },
{ "type": "Feature", "properties": { "WCRNmbr": "WCR2004-004621", "PT_30ft": 253, "BlwThreshl": "Above", "Head": 397.851, "lat": 38.883, "lon": -122.234 }, "geometry": { "type": "Point", "coordinates": [ -122.234, 38.883 ] } },
{ "type": "Feature", "properties": { "WCRNmbr": "WCR1977-001545", "PT_30ft": 151, "BlwThreshl": "Above", "Head": 397.851, "lat": 38.885, "lon": -122.235 }, "geometry": { "type": "Point", "coordinates": [ -122.235, 38.885 ] } },
{ "type": "Feature", "properties": { "WCRNmbr": "WCR1975-000315", "PT_30ft": 257, "BlwThreshl": "NoData", "Head": null, "lat": 38.891, "lon": -122.231 }, "geometry": { "type": "Point", "coordinates": [ -122.231, 38.891 ] } },
{ "type": "Feature", "properties": { "WCRNmbr": "WCR2018-012107", "PT_30ft": 67, "BlwThreshl": "NoData", "Head": null, "lat": 38.891, "lon": -122.235 }, "geometry": { "type": "Point", "coordinates": [ -122.235, 38.891 ] } },
{ "type": "Feature", "properties": { "WCRNmbr": "WCR1973-000338", "PT_30ft": 367, "BlwThreshl": "Above", "Head": 451.782, "lat": 38.869, "lon": -122.23 }, "geometry": { "type": "Point", "coordinates": [ -122.23, 38.869 ] } },
{ "type": "Feature", "properties": { "WCRNmbr": "WCR2000-002940", "PT_30ft": 297, "BlwThreshl": "Above", "Head": 391.054, "lat": 38.879, "lon": -122.221 }, "geometry": { "type": "Point", "coordinates": [ -122.221, 38.879 ] } },
{ "type": "Feature", "properties": { "WCRNmbr": "WCR1979-002136", "PT_30ft": 292, "BlwThreshl": "Above", "Head": 391.756, "lat": 38.876, "lon": -122.22 }, "geometry": { "type": "Point", "coordinates": [ -122.22, 38.876 ] } },
{ "type": "Feature", "properties": { "WCRNmbr": "WCR1976-000461", "PT_30ft": 235, "BlwThreshl": "Above", "Head": 391.756, "lat": 38.874, "lon": -122.225 }, "geometry": { "type": "Point", "coordinates": [ -122.225, 38.874 ] } },
{ "type": "Feature", "properties": { "WCRNmbr": "WCR1979-000722", "PT_30ft": 298, "BlwThreshl": "Above", "Head": 391.756, "lat": 38.877, "lon": -122.223 }, "geometry": { "type": "Point", "coordinates": [ -122.223, 38.877 ] } },
{ "type": "Feature", "properties": { "WCRNmbr": "WCR1988-005356", "PT_30ft": 187, "BlwThreshl": "Above", "Head": 391.756, "lat": 38.877, "lon": -122.224 }, "geometry": { "type": "Point", "coordinates": [ -122.224, 38.877 ] } },
{ "type": "Feature", "properties": { "WCRNmbr": "WCR0112010", "PT_30ft": 159, "BlwThreshl": "Above", "Head": 366.637, "lat": 38.861, "lon": -122.215 }, "geometry": { "type": "Point", "coordinates": [ -122.215, 38.861 ] } },
{ "type": "Feature", "properties": { "WCRNmbr": "WCR1984-004688", "PT_30ft": 365, "BlwThreshl": "Above", "Head": 424.768, "lat": 38.864, "lon": -122.22 }, "geometry": { "type": "Point", "coordinates": [ -122.22, 38.864 ] } },
{ "type": "Feature", "properties": { "WCRNmbr": "WCR1972-000227", "PT_30ft": 214, "BlwThreshl": "Above", "Head": 366.637, "lat": 38.857, "lon": -122.209 }, "geometry": { "type": "Point", "coordinates": [ -122.209, 38.857 ] } },
{ "type": "Feature", "properties": { "WCRNmbr": "WCR2002-001087", "PT_30ft": 152, "BlwThreshl": "Above", "Head": 352.884, "lat": 38.847, "lon": -122.215 }, "geometry": { "type": "Point", "coordinates": [ -122.215, 38.847 ] } },
{ "type": "Feature", "properties": { "WCRNmbr": "WCR1992-003794", "PT_30ft": 212, "BlwThreshl": "Above", "Head": 351.417, "lat": 38.839, "lon": -122.217 }, "geometry": { "type": "Point", "coordinates": [ -122.217, 38.839 ] } },
{ "type": "Feature", "properties": { "WCRNmbr": "WCR2022-006656", "PT_30ft": 96, "BlwThreshl": "Above", "Head": 351.417, "lat": 38.839, "lon": -122.21 }, "geometry": { "type": "Point", "coordinates": [ -122.21, 38.839 ] } },
{ "type": "Feature", "properties": { "WCRNmbr": "WCR2006-006303", "PT_30ft": 110, "BlwThreshl": "Above", "Head": 351.417, "lat": 38.842, "lon": -122.209 }, "geometry": { "type": "Point", "coordinates": [ -122.209, 38.842 ] } },
{ "type": "Feature", "properties": { "WCRNmbr": "WCR1974-000596", "PT_30ft": 247, "BlwThreshl": "Above", "Head": 352.884, "lat": 38.848, "lon": -122.209 }, "geometry": { "type": "Point", "coordinates": [ -122.209, 38.848 ] } },
{ "type": "Feature", "properties": { "WCRNmbr": "WCR2002-001183", "PT_30ft": 254, "BlwThreshl": "Above", "Head": 396.995, "lat": 38.85, "lon": -122.209 }, "geometry": { "type": "Point", "coordinates": [ -122.209, 38.85 ] } },
{ "type": "Feature", "properties": { "WCRNmbr": "WCR1988-005362", "PT_30ft": 179, "BlwThreshl": "Above", "Head": 351.417, "lat": 38.841, "lon": -122.215 }, "geometry": { "type": "Point", "coordinates": [ -122.215, 38.841 ] } },
{ "type": "Feature", "properties": { "WCRNmbr": "WCR1978-001739", "PT_30ft": 330, "BlwThreshl": "Above", "Head": 351.929, "lat": 38.845, "lon": -122.205 }, "geometry": { "type": "Point", "coordinates": [ -122.205, 38.845 ] } },
{ "type": "Feature", "properties": { "WCRNmbr": "WCR1981-003051", "PT_30ft": 232, "BlwThreshl": "Above", "Head": 351.929, "lat": 38.846, "lon": -122.206 }, "geometry": { "type": "Point", "coordinates": [ -122.206, 38.846 ] } },
{ "type": "Feature", "properties": { "WCRNmbr": "WCR1992-001959", "PT_30ft": 203, "BlwThreshl": "Above", "Head": 347.804, "lat": 38.842, "lon": -122.206 }, "geometry": { "type": "Point", "coordinates": [ -122.206, 38.842 ] } },
{ "type": "Feature", "properties": { "WCRNmbr": "WCR2001-001816", "PT_30ft": 155, "BlwThreshl": "Above", "Head": 347.804, "lat": 38.839, "lon": -122.199 }, "geometry": { "type": "Point", "coordinates": [ -122.199, 38.839 ] } },
{ "type": "Feature", "properties": { "WCRNmbr": "WCR1997-005870", "PT_30ft": -157, "BlwThreshl": "Above", "Head": 6.8911, "lat": 38.868, "lon": -121.957 }, "geometry": { "type": "Point", "coordinates": [ -121.957, 38.868 ] } },
{ "type": "Feature", "properties": { "WCRNmbr": "WCR1996-005417", "PT_30ft": -174, "BlwThreshl": "Above", "Head": 14.8199, "lat": 38.882, "lon": -121.97 }, "geometry": { "type": "Point", "coordinates": [ -121.97, 38.882 ] } },
{ "type": "Feature", "properties": { "WCRNmbr": "WCR2001-000844", "PT_30ft": 161, "BlwThreshl": "Above", "Head": 287.414, "lat": 38.761, "lon": -122.159 }, "geometry": { "type": "Point", "coordinates": [ -122.159, 38.761 ] } },
{ "type": "Feature", "properties": { "WCRNmbr": "WCR2003-008584", "PT_30ft": 106, "BlwThreshl": "Above", "Head": 282.861, "lat": 38.735, "lon": -122.149 }, "geometry": { "type": "Point", "coordinates": [ -122.149, 38.735 ] } },
{ "type": "Feature", "properties": { "WCRNmbr": "WCR2007-004072", "PT_30ft": 19, "BlwThreshl": "Above", "Head": 279.986, "lat": 38.729, "lon": -122.155 }, "geometry": { "type": "Point", "coordinates": [ -122.155, 38.729 ] } },
{ "type": "Feature", "properties": { "WCRNmbr": "WCR2001-005136", "PT_30ft": -72, "BlwThreshl": "Above", "Head": 279.424, "lat": 38.734, "lon": -122.155 }, "geometry": { "type": "Point", "coordinates": [ -122.155, 38.734 ] } },
{ "type": "Feature", "properties": { "WCRNmbr": "WCR2008-001729", "PT_30ft": -135, "BlwThreshl": "Above", "Head": 1.3888, "lat": 38.672, "lon": -121.629 }, "geometry": { "type": "Point", "coordinates": [ -121.629, 38.672 ] } },
{ "type": "Feature", "properties": { "WCRNmbr": "WCR1988-001553", "PT_30ft": -43, "BlwThreshl": "Above", "Head": 44.7639, "lat": 38.891, "lon": -121.973 }, "geometry": { "type": "Point", "coordinates": [ -121.973, 38.891 ] } },
{ "type": "Feature", "properties": { "WCRNmbr": "WCR1990-006910", "PT_30ft": 147, "BlwThreshl": "Above", "Head": 342.889, "lat": 38.829, "lon": -122.197 }, "geometry": { "type": "Point", "coordinates": [ -122.197, 38.829 ] } },
{ "type": "Feature", "properties": { "WCRNmbr": "WCR1970-000294", "PT_30ft": 286, "BlwThreshl": "Above", "Head": 345.682, "lat": 38.828, "lon": -122.184 }, "geometry": { "type": "Point", "coordinates": [ -122.184, 38.828 ] } },
{ "type": "Feature", "properties": { "WCRNmbr": "WCR1999-001928", "PT_30ft": -266, "BlwThreshl": "Above", "Head": 9.36702, "lat": 38.801, "lon": -121.719 }, "geometry": { "type": "Point", "coordinates": [ -121.719, 38.801 ] } },
{ "type": "Feature", "properties": { "WCRNmbr": "WCR1986-002218", "PT_30ft": -261, "BlwThreshl": "Above", "Head": 9.36702, "lat": 38.8, "lon": -121.717 }, "geometry": { "type": "Point", "coordinates": [ -121.717, 38.8 ] } },
{ "type": "Feature", "properties": { "WCRNmbr": "WCR1971-000107", "PT_30ft": -267, "BlwThreshl": "Above", "Head": 9.60594, "lat": 38.797, "lon": -121.717 }, "geometry": { "type": "Point", "coordinates": [ -121.717, 38.797 ] } },
{ "type": "Feature", "properties": { "WCRNmbr": "WCR1996-002768", "PT_30ft": -322, "BlwThreshl": "Above", "Head": 125.714, "lat": 38.8, "lon": -122.001 }, "geometry": { "type": "Point", "coordinates": [ -122.001, 38.8 ] } },
{ "type": "Feature", "properties": { "WCRNmbr": "WCR2004-004226", "PT_30ft": -165, "BlwThreshl": "Above", "Head": 87.4309, "lat": 38.804, "lon": -121.964 }, "geometry": { "type": "Point", "coordinates": [ -121.964, 38.804 ] } },
{ "type": "Feature", "properties": { "WCRNmbr": "WCR1993-005976", "PT_30ft": -268, "BlwThreshl": "Above", "Head": 54.196, "lat": 38.681, "lon": -121.872 }, "geometry": { "type": "Point", "coordinates": [ -121.872, 38.681 ] } },
{ "type": "Feature", "properties": { "WCRNmbr": "WCR2003-001278", "PT_30ft": -267, "BlwThreshl": "Above", "Head": 54.196, "lat": 38.678, "lon": -121.872 }, "geometry": { "type": "Point", "coordinates": [ -121.872, 38.678 ] } },
{ "type": "Feature", "properties": { "WCRNmbr": "WCR2023-002608", "PT_30ft": -251, "BlwThreshl": "Above", "Head": 48.6772, "lat": 38.677, "lon": -121.86 }, "geometry": { "type": "Point", "coordinates": [ -121.86, 38.677 ] } },
{ "type": "Feature", "properties": { "WCRNmbr": "WCR1993-002055", "PT_30ft": -30, "BlwThreshl": "Above", "Head": 87.1082, "lat": 38.517, "lon": -121.994 }, "geometry": { "type": "Point", "coordinates": [ -121.994, 38.517 ] } },
{ "type": "Feature", "properties": { "WCRNmbr": "WCR1993-002012", "PT_30ft": -117, "BlwThreshl": "Above", "Head": 36.8792, "lat": 38.594, "lon": -121.853 }, "geometry": { "type": "Point", "coordinates": [ -121.853, 38.594 ] } },
{ "type": "Feature", "properties": { "WCRNmbr": "WCR2021-003612", "PT_30ft": -296, "BlwThreshl": "Above", "Head": -9.04947, "lat": 38.605, "lon": -121.715 }, "geometry": { "type": "Point", "coordinates": [ -121.715, 38.605 ] } },
{ "type": "Feature", "properties": { "WCRNmbr": "WCR1994-000951", "PT_30ft": -185, "BlwThreshl": "Above", "Head": 29.1004, "lat": 38.664, "lon": -121.825 }, "geometry": { "type": "Point", "coordinates": [ -121.825, 38.664 ] } },
{ "type": "Feature", "properties": { "WCRNmbr": "WCR2011-006080", "PT_30ft": -297, "BlwThreshl": "Above", "Head": 9.99819, "lat": 38.544, "lon": -121.798 }, "geometry": { "type": "Point", "coordinates": [ -121.798, 38.544 ] } },
{ "type": "Feature", "properties": { "WCRNmbr": "WCR2004-004612", "PT_30ft": 5, "BlwThreshl": "Above", "Head": 123.489, "lat": 38.692, "lon": -121.993 }, "geometry": { "type": "Point", "coordinates": [ -121.993, 38.692 ] } },
{ "type": "Feature", "properties": { "WCRNmbr": "WCR1977-000046", "PT_30ft": -182, "BlwThreshl": "Above", "Head": 19.6383, "lat": 38.709, "lon": -121.753 }, "geometry": { "type": "Point", "coordinates": [ -121.753, 38.709 ] } },
{ "type": "Feature", "properties": { "WCRNmbr": "WCR1973-000520", "PT_30ft": 83, "BlwThreshl": "Above", "Head": 131.689, "lat": 38.688, "lon": -122.013 }, "geometry": { "type": "Point", "coordinates": [ -122.013, 38.688 ] } },
{ "type": "Feature", "properties": { "WCRNmbr": "WCR1979-002099", "PT_30ft": -66, "BlwThreshl": "Above", "Head": 36.9814, "lat": 38.711, "lon": -121.822 }, "geometry": { "type": "Point", "coordinates": [ -121.822, 38.711 ] } },
{ "type": "Feature", "properties": { "WCRNmbr": "WCR1986-005808", "PT_30ft": -273, "BlwThreshl": "Above", "Head": 41.4203, "lat": 38.645, "lon": -121.871 }, "geometry": { "type": "Point", "coordinates": [ -121.871, 38.645 ] } },
{ "type": "Feature", "properties": { "WCRNmbr": "WCR1990-005264", "PT_30ft": -64, "BlwThreshl": "Above", "Head": 23.0574, "lat": 38.547, "lon": -121.824 }, "geometry": { "type": "Point", "coordinates": [ -121.824, 38.547 ] } },
{ "type": "Feature", "properties": { "WCRNmbr": "WCR1996-001521", "PT_30ft": 10, "BlwThreshl": "Above", "Head": 118.603, "lat": 38.635, "lon": -121.972 }, "geometry": { "type": "Point", "coordinates": [ -121.972, 38.635 ] } },
{ "type": "Feature", "properties": { "WCRNmbr": "WCR2001-006502", "PT_30ft": -14, "BlwThreshl": "Above", "Head": 110.301, "lat": 38.651, "lon": -121.962 }, "geometry": { "type": "Point", "coordinates": [ -121.962, 38.651 ] } },
{ "type": "Feature", "properties": { "WCRNmbr": "WCR2002-006629", "PT_30ft": -53, "BlwThreshl": "Above", "Head": 29.8063, "lat": 38.59, "lon": -121.834 }, "geometry": { "type": "Point", "coordinates": [ -121.834, 38.59 ] } },
{ "type": "Feature", "properties": { "WCRNmbr": "WCR2007-006747", "PT_30ft": -356, "BlwThreshl": "Above", "Head": 31.263, "lat": 38.55, "lon": -121.838 }, "geometry": { "type": "Point", "coordinates": [ -121.838, 38.55 ] } },
{ "type": "Feature", "properties": { "WCRNmbr": "WCR2017-011781", "PT_30ft": -68, "BlwThreshl": "Above", "Head": 27.1321, "lat": 38.681, "lon": -121.82 }, "geometry": { "type": "Point", "coordinates": [ -121.82, 38.681 ] } },
{ "type": "Feature", "properties": { "WCRNmbr": "WCR2016-011420", "PT_30ft": 10, "BlwThreshl": "Above", "Head": 152.32, "lat": 38.631, "lon": -122.027 }, "geometry": { "type": "Point", "coordinates": [ -122.027, 38.631 ] } },
{ "type": "Feature", "properties": { "WCRNmbr": "WCR2024-000007", "PT_30ft": -97, "BlwThreshl": "Above", "Head": 90.4373, "lat": 38.516, "lon": -121.999 }, "geometry": { "type": "Point", "coordinates": [ -121.999, 38.516 ] } },
{ "type": "Feature", "properties": { "WCRNmbr": "WCR0001042", "PT_30ft": 45, "BlwThreshl": "Above", "Head": 142.156, "lat": 38.684, "lon": -122.032 }, "geometry": { "type": "Point", "coordinates": [ -122.032, 38.684 ] } },
{ "type": "Feature", "properties": { "WCRNmbr": "WCR1977-001822", "PT_30ft": -157, "BlwThreshl": "Above", "Head": 26.9081, "lat": 38.663, "lon": -121.812 }, "geometry": { "type": "Point", "coordinates": [ -121.812, 38.663 ] } },
{ "type": "Feature", "properties": { "WCRNmbr": "WCR1977-001824", "PT_30ft": -125, "BlwThreshl": "Above", "Head": 43.4907, "lat": 38.664, "lon": -121.858 }, "geometry": { "type": "Point", "coordinates": [ -121.858, 38.664 ] } },
{ "type": "Feature", "properties": { "WCRNmbr": "WCR1977-001831", "PT_30ft": -226, "BlwThreshl": "Above", "Head": 39.8371, "lat": 38.693, "lon": -121.835 }, "geometry": { "type": "Point", "coordinates": [ -121.835, 38.693 ] } },
{ "type": "Feature", "properties": { "WCRNmbr": "WCR1974-000186", "PT_30ft": -28, "BlwThreshl": "Above", "Head": 10.3645, "lat": 38.545, "lon": -121.798 }, "geometry": { "type": "Point", "coordinates": [ -121.798, 38.545 ] } },
{ "type": "Feature", "properties": { "WCRNmbr": "WCR1976-000262", "PT_30ft": -90, "BlwThreshl": "Above", "Head": 32.2238, "lat": 38.66, "lon": -121.835 }, "geometry": { "type": "Point", "coordinates": [ -121.835, 38.66 ] } },
{ "type": "Feature", "properties": { "WCRNmbr": "WCR1975-000595", "PT_30ft": -82, "BlwThreshl": "Above", "Head": 95.9387, "lat": 38.515, "lon": -122.015 }, "geometry": { "type": "Point", "coordinates": [ -122.015, 38.515 ] } },
{ "type": "Feature", "properties": { "WCRNmbr": "WCR1979-001276", "PT_30ft": -130, "BlwThreshl": "Above", "Head": 23.1003, "lat": 38.691, "lon": -121.803 }, "geometry": { "type": "Point", "coordinates": [ -121.803, 38.691 ] } },
{ "type": "Feature", "properties": { "WCRNmbr": "WCR1978-001661", "PT_30ft": -160, "BlwThreshl": "Above", "Head": 31.0585, "lat": 38.571, "lon": -121.842 }, "geometry": { "type": "Point", "coordinates": [ -121.842, 38.571 ] } },
{ "type": "Feature", "properties": { "WCRNmbr": "WCR1984-002546", "PT_30ft": -102, "BlwThreshl": "Above", "Head": 22.0705, "lat": 38.685, "lon": -121.802 }, "geometry": { "type": "Point", "coordinates": [ -121.802, 38.685 ] } },
{ "type": "Feature", "properties": { "WCRNmbr": "WCR1986-005849", "PT_30ft": -47, "BlwThreshl": "Above", "Head": 45.9327, "lat": 38.67, "lon": -121.861 }, "geometry": { "type": "Point", "coordinates": [ -121.861, 38.67 ] } },
{ "type": "Feature", "properties": { "WCRNmbr": "WCR2001-006441", "PT_30ft": -223, "BlwThreshl": "Above", "Head": -4.89319, "lat": 38.527, "lon": -121.693 }, "geometry": { "type": "Point", "coordinates": [ -121.693, 38.527 ] } },
{ "type": "Feature", "properties": { "WCRNmbr": "WCR2000-001204", "PT_30ft": 20, "BlwThreshl": "Above", "Head": 143.118, "lat": 38.683, "lon": -122.033 }, "geometry": { "type": "Point", "coordinates": [ -122.033, 38.683 ] } },
{ "type": "Feature", "properties": { "WCRNmbr": "WCR2023-004389", "PT_30ft": -111, "BlwThreshl": "Above", "Head": 125.956, "lat": 38.602, "lon": -121.988 }, "geometry": { "type": "Point", "coordinates": [ -121.988, 38.602 ] } },
{ "type": "Feature", "properties": { "WCRNmbr": "WCR1977-002069", "PT_30ft": -137, "BlwThreshl": "Above", "Head": 84.133, "lat": 38.531, "lon": -121.973 }, "geometry": { "type": "Point", "coordinates": [ -121.973, 38.531 ] } },
{ "type": "Feature", "properties": { "WCRNmbr": "WCR1988-001430", "PT_30ft": 51, "BlwThreshl": "Above", "Head": 138.329, "lat": 38.704, "lon": -122.04 }, "geometry": { "type": "Point", "coordinates": [ -122.04, 38.704 ] } },
{ "type": "Feature", "properties": { "WCRNmbr": "WCR1986-000711", "PT_30ft": -95, "BlwThreshl": "Above", "Head": 45.9327, "lat": 38.67, "lon": -121.863 }, "geometry": { "type": "Point", "coordinates": [ -121.863, 38.67 ] } },
{ "type": "Feature", "properties": { "WCRNmbr": "WCR1989-003243", "PT_30ft": 92, "BlwThreshl": "Above", "Head": 215.261, "lat": 38.671, "lon": -122.054 }, "geometry": { "type": "Point", "coordinates": [ -122.054, 38.671 ] } },
{ "type": "Feature", "properties": { "WCRNmbr": "WCR2000-006823", "PT_30ft": -89, "BlwThreshl": "Above", "Head": 46.0735, "lat": 38.654, "lon": -121.87 }, "geometry": { "type": "Point", "coordinates": [ -121.87, 38.654 ] } },
{ "type": "Feature", "properties": { "WCRNmbr": "WCR2003-001234", "PT_30ft": -279, "BlwThreshl": "Above", "Head": 31.6345, "lat": 38.638, "lon": -121.822 }, "geometry": { "type": "Point", "coordinates": [ -121.822, 38.638 ] } },
{ "type": "Feature", "properties": { "WCRNmbr": "WCR2013-002491", "PT_30ft": -303, "BlwThreshl": "Above", "Head": 9.99819, "lat": 38.544, "lon": -121.8 }, "geometry": { "type": "Point", "coordinates": [ -121.8, 38.544 ] } },
{ "type": "Feature", "properties": { "WCRNmbr": "WCR2019-004041", "PT_30ft": -305, "BlwThreshl": "Above", "Head": 31.0585, "lat": 38.573, "lon": -121.84 }, "geometry": { "type": "Point", "coordinates": [ -121.84, 38.573 ] } },
{ "type": "Feature", "properties": { "WCRNmbr": "WCR2017-011371", "PT_30ft": -92, "BlwThreshl": "Above", "Head": 98.2368, "lat": 38.523, "lon": -122.017 }, "geometry": { "type": "Point", "coordinates": [ -122.017, 38.523 ] } },
{ "type": "Feature", "properties": { "WCRNmbr": "WCR2023-004170", "PT_30ft": 44, "BlwThreshl": "Above", "Head": 130.001, "lat": 38.593, "lon": -122.01 }, "geometry": { "type": "Point", "coordinates": [ -122.01, 38.593 ] } },
{ "type": "Feature", "properties": { "WCRNmbr": "WCR0167429", "PT_30ft": -124, "BlwThreshl": "Above", "Head": 31.0339, "lat": 38.686, "lon": -121.823 }, "geometry": { "type": "Point", "coordinates": [ -121.823, 38.686 ] } },
{ "type": "Feature", "properties": { "WCRNmbr": "WCR1978-001052", "PT_30ft": -160, "BlwThreshl": "Above", "Head": 19.6375, "lat": 38.634, "lon": -121.785 }, "geometry": { "type": "Point", "coordinates": [ -121.785, 38.634 ] } },
{ "type": "Feature", "properties": { "WCRNmbr": "WCR1988-004107", "PT_30ft": -37, "BlwThreshl": "Above", "Head": 149.093, "lat": 38.679, "lon": -122.04 }, "geometry": { "type": "Point", "coordinates": [ -122.04, 38.679 ] } },
{ "type": "Feature", "properties": { "WCRNmbr": "WCR1990-010282", "PT_30ft": 11, "BlwThreshl": "Above", "Head": 93.8929, "lat": 38.516, "lon": -122.005 }, "geometry": { "type": "Point", "coordinates": [ -122.005, 38.516 ] } },
{ "type": "Feature", "properties": { "WCRNmbr": "WCR1995-002785", "PT_30ft": -154, "BlwThreshl": "Above", "Head": 100.717, "lat": 38.605, "lon": -121.964 }, "geometry": { "type": "Point", "coordinates": [ -121.964, 38.605 ] } },
{ "type": "Feature", "properties": { "WCRNmbr": "WCR2007-001044", "PT_30ft": -175, "BlwThreshl": "Above", "Head": 26.0647, "lat": 38.716, "lon": -121.762 }, "geometry": { "type": "Point", "coordinates": [ -121.762, 38.716 ] } },
{ "type": "Feature", "properties": { "WCRNmbr": "WCR2013-002914", "PT_30ft": -351, "BlwThreshl": "Above", "Head": 81.9753, "lat": 38.535, "lon": -121.964 }, "geometry": { "type": "Point", "coordinates": [ -121.964, 38.535 ] } },
{ "type": "Feature", "properties": { "WCRNmbr": "WCR2014-002179", "PT_30ft": -253, "BlwThreshl": "Above", "Head": 45.9327, "lat": 38.673, "lon": -121.86 }, "geometry": { "type": "Point", "coordinates": [ -121.86, 38.673 ] } },
{ "type": "Feature", "properties": { "WCRNmbr": "WCR2023-008209", "PT_30ft": -258, "BlwThreshl": "Above", "Head": 45.9327, "lat": 38.668, "lon": -121.859 }, "geometry": { "type": "Point", "coordinates": [ -121.859, 38.668 ] } },
{ "type": "Feature", "properties": { "WCRNmbr": "WCR1978-000255", "PT_30ft": 164, "BlwThreshl": "Below", "Head": 145.833, "lat": 38.708, "lon": -122.049 }, "geometry": { "type": "Point", "coordinates": [ -122.049, 38.708 ] } },
{ "type": "Feature", "properties": { "WCRNmbr": "WCR1982-000002", "PT_30ft": 84, "BlwThreshl": "Above", "Head": 151.522, "lat": 38.65, "lon": -121.999 }, "geometry": { "type": "Point", "coordinates": [ -121.999, 38.65 ] } },
{ "type": "Feature", "properties": { "WCRNmbr": "WCR1999-000628", "PT_30ft": -75, "BlwThreshl": "Above", "Head": 37.5004, "lat": 38.657, "lon": -121.849 }, "geometry": { "type": "Point", "coordinates": [ -121.849, 38.657 ] } },
{ "type": "Feature", "properties": { "WCRNmbr": "WCR2002-006616", "PT_30ft": 214, "BlwThreshl": "Above", "Head": 266.774, "lat": 38.685, "lon": -122.081 }, "geometry": { "type": "Point", "coordinates": [ -122.081, 38.685 ] } },
{ "type": "Feature", "properties": { "WCRNmbr": "WCR2005-003852", "PT_30ft": -64, "BlwThreshl": "Above", "Head": 45.9327, "lat": 38.672, "lon": -121.86 }, "geometry": { "type": "Point", "coordinates": [ -121.86, 38.672 ] } },
{ "type": "Feature", "properties": { "WCRNmbr": "WCR2004-004611", "PT_30ft": -70, "BlwThreshl": "Above", "Head": 22.4152, "lat": 38.583, "lon": -121.805 }, "geometry": { "type": "Point", "coordinates": [ -121.805, 38.583 ] } },
{ "type": "Feature", "properties": { "WCRNmbr": "WCR2003-001277", "PT_30ft": 3, "BlwThreshl": "Above", "Head": 142.156, "lat": 38.688, "lon": -122.028 }, "geometry": { "type": "Point", "coordinates": [ -122.028, 38.688 ] } },
{ "type": "Feature", "properties": { "WCRNmbr": "WCR2017-008067", "PT_30ft": -184, "BlwThreshl": "Above", "Head": 31.0585, "lat": 38.57, "lon": -121.841 }, "geometry": { "type": "Point", "coordinates": [ -121.841, 38.57 ] } },
{ "type": "Feature", "properties": { "WCRNmbr": "WCR2024-000013", "PT_30ft": -131, "BlwThreshl": "Above", "Head": 93.8929, "lat": 38.52, "lon": -122.011 }, "geometry": { "type": "Point", "coordinates": [ -122.011, 38.52 ] } },
{ "type": "Feature", "properties": { "WCRNmbr": "WCR0303141", "PT_30ft": -42, "BlwThreshl": "Above", "Head": 39.5582, "lat": 38.686, "lon": -121.841 }, "geometry": { "type": "Point", "coordinates": [ -121.841, 38.686 ] } },
{ "type": "Feature", "properties": { "WCRNmbr": "WCR1973-000132", "PT_30ft": 10, "BlwThreshl": "NoData", "Head": null, "lat": 38.5, "lon": -122.031 }, "geometry": { "type": "Point", "coordinates": [ -122.031, 38.5 ] } },
{ "type": "Feature", "properties": { "WCRNmbr": "WCR1975-000185", "PT_30ft": -68, "BlwThreshl": "Above", "Head": -9.45279, "lat": 38.575, "lon": -121.683 }, "geometry": { "type": "Point", "coordinates": [ -121.683, 38.575 ] } },
{ "type": "Feature", "properties": { "WCRNmbr": "WCR1971-000623", "PT_30ft": -29, "BlwThreshl": "Above", "Head": 43.8665, "lat": 38.569, "lon": -121.859 }, "geometry": { "type": "Point", "coordinates": [ -121.859, 38.569 ] } },
{ "type": "Feature", "properties": { "WCRNmbr": "WCR1971-000629", "PT_30ft": -49, "BlwThreshl": "Above", "Head": 31.0597, "lat": 38.686, "lon": -121.822 }, "geometry": { "type": "Point", "coordinates": [ -121.822, 38.686 ] } },
{ "type": "Feature", "properties": { "WCRNmbr": "WCR1981-000171", "PT_30ft": -13, "BlwThreshl": "Above", "Head": 150.203, "lat": 38.618, "lon": -122.008 }, "geometry": { "type": "Point", "coordinates": [ -122.008, 38.618 ] } },
{ "type": "Feature", "properties": { "WCRNmbr": "WCR1990-010274", "PT_30ft": -142, "BlwThreshl": "Above", "Head": 58.0146, "lat": 38.664, "lon": -121.884 }, "geometry": { "type": "Point", "coordinates": [ -121.884, 38.664 ] } },
{ "type": "Feature", "properties": { "WCRNmbr": "WCR1992-004563", "PT_30ft": 15, "BlwThreshl": "Above", "Head": 150.403, "lat": 38.635, "lon": -121.993 }, "geometry": { "type": "Point", "coordinates": [ -121.993, 38.635 ] } },
{ "type": "Feature", "properties": { "WCRNmbr": "WCR2000-006363", "PT_30ft": -256, "BlwThreshl": "Above", "Head": 4.03846, "lat": 38.573, "lon": -121.77 }, "geometry": { "type": "Point", "coordinates": [ -121.77, 38.573 ] } },
{ "type": "Feature", "properties": { "WCRNmbr": "WCR2002-006656", "PT_30ft": 44, "BlwThreshl": "Above", "Head": 59.9102, "lat": 38.669, "lon": -121.881 }, "geometry": { "type": "Point", "coordinates": [ -121.881, 38.669 ] } },
{ "type": "Feature", "properties": { "WCRNmbr": "WCR2000-006242", "PT_30ft": -117, "BlwThreshl": "Above", "Head": 10.7697, "lat": 38.59, "lon": -121.779 }, "geometry": { "type": "Point", "coordinates": [ -121.779, 38.59 ] } },
{ "type": "Feature", "properties": { "WCRNmbr": "WCR2014-004335", "PT_30ft": -115, "BlwThreshl": "Above", "Head": 138.329, "lat": 38.704, "lon": -122.037 }, "geometry": { "type": "Point", "coordinates": [ -122.037, 38.704 ] } },
{ "type": "Feature", "properties": { "WCRNmbr": "WCR2015-010913", "PT_30ft": -238, "BlwThreshl": "Above", "Head": 5.52929, "lat": 38.537, "lon": -121.709 }, "geometry": { "type": "Point", "coordinates": [ -121.709, 38.537 ] } },
{ "type": "Feature", "properties": { "WCRNmbr": "WCR2005-003844", "PT_30ft": 21, "BlwThreshl": "Above", "Head": 254.854, "lat": 38.681, "lon": -122.065 }, "geometry": { "type": "Point", "coordinates": [ -122.065, 38.681 ] } },
{ "type": "Feature", "properties": { "WCRNmbr": "WCR2007-001789", "PT_30ft": -40, "BlwThreshl": "Above", "Head": 87.5501, "lat": 38.651, "lon": -121.957 }, "geometry": { "type": "Point", "coordinates": [ -121.957, 38.651 ] } },
{ "type": "Feature", "properties": { "WCRNmbr": "WCR2005-001149", "PT_30ft": -123, "BlwThreshl": "Above", "Head": 149.093, "lat": 38.678, "lon": -122.035 }, "geometry": { "type": "Point", "coordinates": [ -122.035, 38.678 ] } },
{ "type": "Feature", "properties": { "WCRNmbr": "WCR2008-001522", "PT_30ft": 102, "BlwThreshl": "Above", "Head": 254.854, "lat": 38.682, "lon": -122.061 }, "geometry": { "type": "Point", "coordinates": [ -122.061, 38.682 ] } },
{ "type": "Feature", "properties": { "WCRNmbr": "WCR2015-011956", "PT_30ft": -718, "BlwThreshl": "Above", "Head": -3.97408, "lat": 38.524, "lon": -121.689 }, "geometry": { "type": "Point", "coordinates": [ -121.689, 38.524 ] } },
{ "type": "Feature", "properties": { "WCRNmbr": "WCR1972-000381", "PT_30ft": 43, "BlwThreshl": "Above", "Head": 69.0736, "lat": 38.541, "lon": -121.926 }, "geometry": { "type": "Point", "coordinates": [ -121.926, 38.541 ] } },
{ "type": "Feature", "properties": { "WCRNmbr": "WCR1984-004703", "PT_30ft": 71, "BlwThreshl": "Above", "Head": 139.099, "lat": 38.716, "lon": -122.048 }, "geometry": { "type": "Point", "coordinates": [ -122.048, 38.716 ] } },
{ "type": "Feature", "properties": { "WCRNmbr": "WCR1975-000641", "PT_30ft": -241, "BlwThreshl": "Above", "Head": 14.636, "lat": 38.547, "lon": -121.806 }, "geometry": { "type": "Point", "coordinates": [ -121.806, 38.547 ] } },
{ "type": "Feature", "properties": { "WCRNmbr": "WCR1977-001315", "PT_30ft": 35, "BlwThreshl": "Above", "Head": 204.422, "lat": 38.681, "lon": -122.051 }, "geometry": { "type": "Point", "coordinates": [ -122.051, 38.681 ] } },
{ "type": "Feature", "properties": { "WCRNmbr": "WCR1977-001836", "PT_30ft": -136, "BlwThreshl": "Above", "Head": 43.4907, "lat": 38.663, "lon": -121.859 }, "geometry": { "type": "Point", "coordinates": [ -121.859, 38.663 ] } },
{ "type": "Feature", "properties": { "WCRNmbr": "WCR1978-001706", "PT_30ft": -105, "BlwThreshl": "Above", "Head": 9.81862, "lat": 38.619, "lon": -121.77 }, "geometry": { "type": "Point", "coordinates": [ -121.77, 38.619 ] } },
{ "type": "Feature", "properties": { "WCRNmbr": "WCR1994-000930", "PT_30ft": -131, "BlwThreshl": "Above", "Head": 67.1634, "lat": 38.663, "lon": -121.887 }, "geometry": { "type": "Point", "coordinates": [ -121.887, 38.663 ] } },
{ "type": "Feature", "properties": { "WCRNmbr": "WCR1994-003874", "PT_30ft": -312, "BlwThreshl": "Above", "Head": -5.29599, "lat": 38.617, "lon": -121.731 }, "geometry": { "type": "Point", "coordinates": [ -121.731, 38.617 ] } },
{ "type": "Feature", "properties": { "WCRNmbr": "WCR1991-009527", "PT_30ft": 65, "BlwThreshl": "Above", "Head": 128.986, "lat": 38.663, "lon": -121.984 }, "geometry": { "type": "Point", "coordinates": [ -121.984, 38.663 ] } },
{ "type": "Feature", "properties": { "WCRNmbr": "WCR2005-003704", "PT_30ft": -276, "BlwThreshl": "Above", "Head": 43.4907, "lat": 38.664, "lon": -121.863 }, "geometry": { "type": "Point", "coordinates": [ -121.863, 38.664 ] } },
{ "type": "Feature", "properties": { "WCRNmbr": "WCR2018-003745", "PT_30ft": -45, "BlwThreshl": "Above", "Head": 104.399, "lat": 38.551, "lon": -122.019 }, "geometry": { "type": "Point", "coordinates": [ -122.019, 38.551 ] } },
{ "type": "Feature", "properties": { "WCRNmbr": "WCR2022-010765", "PT_30ft": -228, "BlwThreshl": "Above", "Head": 42.5472, "lat": 38.575, "lon": -121.859 }, "geometry": { "type": "Point", "coordinates": [ -121.859, 38.575 ] } },
{ "type": "Feature", "properties": { "WCRNmbr": "WCR2015-004461", "PT_30ft": -343, "BlwThreshl": "Above", "Head": 45.9327, "lat": 38.671, "lon": -121.859 }, "geometry": { "type": "Point", "coordinates": [ -121.859, 38.671 ] } },
{ "type": "Feature", "properties": { "WCRNmbr": "WCR1980-000050", "PT_30ft": -261, "BlwThreshl": "Above", "Head": 4.03846, "lat": 38.573, "lon": -121.769 }, "geometry": { "type": "Point", "coordinates": [ -121.769, 38.573 ] } },
{ "type": "Feature", "properties": { "WCRNmbr": "WCR1977-002043", "PT_30ft": -100, "BlwThreshl": "Above", "Head": 48.6772, "lat": 38.678, "lon": -121.866 }, "geometry": { "type": "Point", "coordinates": [ -121.866, 38.678 ] } },
{ "type": "Feature", "properties": { "WCRNmbr": "WCR1979-000642", "PT_30ft": 13, "BlwThreshl": "Above", "Head": 93.8929, "lat": 38.519, "lon": -122.012 }, "geometry": { "type": "Point", "coordinates": [ -122.012, 38.519 ] } },
{ "type": "Feature", "properties": { "WCRNmbr": "WCR1991-011931", "PT_30ft": -273, "BlwThreshl": "NoData", "Head": null, "lat": 38.537, "lon": -121.854 }, "geometry": { "type": "Point", "coordinates": [ -121.854, 38.537 ] } },
{ "type": "Feature", "properties": { "WCRNmbr": "WCR1984-002540", "PT_30ft": -93, "BlwThreshl": "Above", "Head": 14.2809, "lat": 38.656, "lon": -121.775 }, "geometry": { "type": "Point", "coordinates": [ -121.775, 38.656 ] } },
{ "type": "Feature", "properties": { "WCRNmbr": "WCR1983-001859", "PT_30ft": -127, "BlwThreshl": "Above", "Head": 38.4946, "lat": 38.548, "lon": -121.84 }, "geometry": { "type": "Point", "coordinates": [ -121.84, 38.548 ] } },
{ "type": "Feature", "properties": { "WCRNmbr": "WCR2022-011410", "PT_30ft": -216, "BlwThreshl": "Above", "Head": 45.7842, "lat": 38.543, "lon": -121.842 }, "geometry": { "type": "Point", "coordinates": [ -121.842, 38.543 ] } },
{ "type": "Feature", "properties": { "WCRNmbr": "WCR2013-003866", "PT_30ft": -97, "BlwThreshl": "Above", "Head": 27.1321, "lat": 38.677, "lon": -121.819 }, "geometry": { "type": "Point", "coordinates": [ -121.819, 38.677 ] } },
{ "type": "Feature", "properties": { "WCRNmbr": "WCR2014-000102", "PT_30ft": -144, "BlwThreshl": "Above", "Head": 7.74832, "lat": 38.65, "lon": -121.765 }, "geometry": { "type": "Point", "coordinates": [ -121.765, 38.65 ] } },
{ "type": "Feature", "properties": { "WCRNmbr": "WCR2015-011870", "PT_30ft": -182, "BlwThreshl": "Above", "Head": 49.5659, "lat": 38.667, "lon": -121.867 }, "geometry": { "type": "Point", "coordinates": [ -121.867, 38.667 ] } },
{ "type": "Feature", "properties": { "WCRNmbr": "WCR0311718", "PT_30ft": -135, "BlwThreshl": "Above", "Head": 41.2278, "lat": 38.59, "lon": -121.86 }, "geometry": { "type": "Point", "coordinates": [ -121.86, 38.59 ] } },
{ "type": "Feature", "properties": { "WCRNmbr": "WCR1973-000532", "PT_30ft": -55, "BlwThreshl": "Above", "Head": 26.8292, "lat": 38.574, "lon": -121.834 }, "geometry": { "type": "Point", "coordinates": [ -121.834, 38.574 ] } },
{ "type": "Feature", "properties": { "WCRNmbr": "WCR1977-001826", "PT_30ft": -143, "BlwThreshl": "Above", "Head": 32.1114, "lat": 38.663, "lon": -121.831 }, "geometry": { "type": "Point", "coordinates": [ -121.831, 38.663 ] } },
{ "type": "Feature", "properties": { "WCRNmbr": "WCR1974-000267", "PT_30ft": -306, "BlwThreshl": "Above", "Head": 10.3645, "lat": 38.546, "lon": -121.797 }, "geometry": { "type": "Point", "coordinates": [ -121.797, 38.546 ] } },
{ "type": "Feature", "properties": { "WCRNmbr": "WCR0220288", "PT_30ft": -136, "BlwThreshl": "Above", "Head": 41.7596, "lat": 38.587, "lon": -121.86 }, "geometry": { "type": "Point", "coordinates": [ -121.86, 38.587 ] } },
{ "type": "Feature", "properties": { "WCRNmbr": "WCR1978-001170", "PT_30ft": -43, "BlwThreshl": "Above", "Head": 79.2239, "lat": 38.585, "lon": -121.932 }, "geometry": { "type": "Point", "coordinates": [ -121.932, 38.585 ] } },
{ "type": "Feature", "properties": { "WCRNmbr": "WCR1985-006461", "PT_30ft": -6, "BlwThreshl": "Above", "Head": 45.9327, "lat": 38.669, "lon": -121.862 }, "geometry": { "type": "Point", "coordinates": [ -121.862, 38.669 ] } },
{ "type": "Feature", "properties": { "WCRNmbr": "WCR2005-004039", "PT_30ft": -139, "BlwThreshl": "Above", "Head": 31.0585, "lat": 38.571, "lon": -121.846 }, "geometry": { "type": "Point", "coordinates": [ -121.846, 38.571 ] } },
{ "type": "Feature", "properties": { "WCRNmbr": "WCR2002-002207", "PT_30ft": -70, "BlwThreshl": "Above", "Head": 31.263, "lat": 38.549, "lon": -121.833 }, "geometry": { "type": "Point", "coordinates": [ -121.833, 38.549 ] } },
{ "type": "Feature", "properties": { "WCRNmbr": "WCR2000-004277", "PT_30ft": -88, "BlwThreshl": "Above", "Head": 41.8909, "lat": 38.652, "lon": -121.869 }, "geometry": { "type": "Point", "coordinates": [ -121.869, 38.652 ] } },
{ "type": "Feature", "properties": { "WCRNmbr": "WCR2002-008368", "PT_30ft": -136, "BlwThreshl": "Above", "Head": 91.1065, "lat": 38.547, "lon": -121.97 }, "geometry": { "type": "Point", "coordinates": [ -121.97, 38.547 ] } },
{ "type": "Feature", "properties": { "WCRNmbr": "WCR2012-003588", "PT_30ft": -402, "BlwThreshl": "Above", "Head": 131.689, "lat": 38.685, "lon": -122.014 }, "geometry": { "type": "Point", "coordinates": [ -122.014, 38.685 ] } },
{ "type": "Feature", "properties": { "WCRNmbr": "WCR2017-008105", "PT_30ft": -171, "BlwThreshl": "Above", "Head": 43.8665, "lat": 38.57, "lon": -121.859 }, "geometry": { "type": "Point", "coordinates": [ -121.859, 38.57 ] } },
{ "type": "Feature", "properties": { "WCRNmbr": "WCR2008-001849", "PT_30ft": -199, "BlwThreshl": "Above", "Head": 73.1981, "lat": 38.656, "lon": -121.899 }, "geometry": { "type": "Point", "coordinates": [ -121.899, 38.656 ] } },
{ "type": "Feature", "properties": { "WCRNmbr": "WCR2022-005098", "PT_30ft": -261, "BlwThreshl": "Above", "Head": 4.03846, "lat": 38.573, "lon": -121.77 }, "geometry": { "type": "Point", "coordinates": [ -121.77, 38.573 ] } },
{ "type": "Feature", "properties": { "WCRNmbr": "WCR2023-007066", "PT_30ft": -394, "BlwThreshl": "Above", "Head": 25.8042, "lat": 38.544, "lon": -121.826 }, "geometry": { "type": "Point", "coordinates": [ -121.826, 38.544 ] } },
{ "type": "Feature", "properties": { "WCRNmbr": "WCR1977-002215", "PT_30ft": -154, "BlwThreshl": "Above", "Head": 24.6202, "lat": 38.681, "lon": -121.809 }, "geometry": { "type": "Point", "coordinates": [ -121.809, 38.681 ] } },
{ "type": "Feature", "properties": { "WCRNmbr": "WCR1979-002098", "PT_30ft": -30, "BlwThreshl": "Above", "Head": 45.6283, "lat": 38.59, "lon": -121.868 }, "geometry": { "type": "Point", "coordinates": [ -121.868, 38.59 ] } },
{ "type": "Feature", "properties": { "WCRNmbr": "WCR1975-000226", "PT_30ft": 114, "BlwThreshl": "Above", "Head": 148.803, "lat": 38.502, "lon": -122.036 }, "geometry": { "type": "Point", "coordinates": [ -122.036, 38.502 ] } },
{ "type": "Feature", "properties": { "WCRNmbr": "WCR1977-000407", "PT_30ft": -208, "BlwThreshl": "Above", "Head": 29.1004, "lat": 38.664, "lon": -121.822 }, "geometry": { "type": "Point", "coordinates": [ -121.822, 38.664 ] } },
{ "type": "Feature", "properties": { "WCRNmbr": "WCR1976-000719", "PT_30ft": -146, "BlwThreshl": "Above", "Head": 23.1084, "lat": 38.694, "lon": -121.804 }, "geometry": { "type": "Point", "coordinates": [ -121.804, 38.694 ] } },
{ "type": "Feature", "properties": { "WCRNmbr": "WCR1999-006128", "PT_30ft": -150, "BlwThreshl": "Above", "Head": -11.0996, "lat": 38.589, "lon": -121.682 }, "geometry": { "type": "Point", "coordinates": [ -121.682, 38.589 ] } },
{ "type": "Feature", "properties": { "WCRNmbr": "WCR1990-012205", "PT_30ft": 78, "BlwThreshl": "Above", "Head": 140.301, "lat": 38.704, "lon": -122.046 }, "geometry": { "type": "Point", "coordinates": [ -122.046, 38.704 ] } },
{ "type": "Feature", "properties": { "WCRNmbr": "WCR1995-001341", "PT_30ft": -79, "BlwThreshl": "Above", "Head": 26.3959, "lat": 38.553, "lon": -121.833 }, "geometry": { "type": "Point", "coordinates": [ -121.833, 38.553 ] } },
{ "type": "Feature", "properties": { "WCRNmbr": "WCR2015-004441", "PT_30ft": -319, "BlwThreshl": "Above", "Head": 49.5659, "lat": 38.664, "lon": -121.87 }, "geometry": { "type": "Point", "coordinates": [ -121.87, 38.664 ] } },
{ "type": "Feature", "properties": { "WCRNmbr": "WCR2015-010250", "PT_30ft": -176, "BlwThreshl": "Above", "Head": 94.3849, "lat": 38.527, "lon": -122.011 }, "geometry": { "type": "Point", "coordinates": [ -122.011, 38.527 ] } },
{ "type": "Feature", "properties": { "WCRNmbr": "WCR2005-005215", "PT_30ft": 53, "BlwThreshl": "Above", "Head": 138.065, "lat": 38.713, "lon": -122.046 }, "geometry": { "type": "Point", "coordinates": [ -122.046, 38.713 ] } },
{ "type": "Feature", "properties": { "WCRNmbr": "WCR2007-007219", "PT_30ft": -120, "BlwThreshl": "Above", "Head": 39.1597, "lat": 38.572, "lon": -121.849 }, "geometry": { "type": "Point", "coordinates": [ -121.849, 38.572 ] } },
{ "type": "Feature", "properties": { "WCRNmbr": "WCR2009-005137", "PT_30ft": -77, "BlwThreshl": "Above", "Head": 93.3832, "lat": 38.514, "lon": -122.007 }, "geometry": { "type": "Point", "coordinates": [ -122.007, 38.514 ] } },
{ "type": "Feature", "properties": { "WCRNmbr": "WCR2023-007554", "PT_30ft": -60, "BlwThreshl": "Above", "Head": 67.314, "lat": 38.547, "lon": -121.911 }, "geometry": { "type": "Point", "coordinates": [ -121.911, 38.547 ] } },
{ "type": "Feature", "properties": { "WCRNmbr": "WCR2023-004430", "PT_30ft": -136, "BlwThreshl": "Above", "Head": 120.24, "lat": 38.591, "lon": -121.99 }, "geometry": { "type": "Point", "coordinates": [ -121.99, 38.591 ] } },
{ "type": "Feature", "properties": { "WCRNmbr": "WCR1977-000059", "PT_30ft": -28, "BlwThreshl": "Above", "Head": 112.581, "lat": 38.604, "lon": -121.973 }, "geometry": { "type": "Point", "coordinates": [ -121.973, 38.604 ] } },
{ "type": "Feature", "properties": { "WCRNmbr": "WCR1978-001187", "PT_30ft": -114, "BlwThreshl": "Above", "Head": 35.3442, "lat": 38.674, "lon": -121.84 }, "geometry": { "type": "Point", "coordinates": [ -121.84, 38.674 ] } },
{ "type": "Feature", "properties": { "WCRNmbr": "WCR2000-002158", "PT_30ft": -59, "BlwThreshl": "Above", "Head": 18.1445, "lat": 38.561, "lon": -121.805 }, "geometry": { "type": "Point", "coordinates": [ -121.805, 38.561 ] } },
{ "type": "Feature", "properties": { "WCRNmbr": "WCR1989-008737", "PT_30ft": 4, "BlwThreshl": "Above", "Head": 110.184, "lat": 38.525, "lon": -122.014 }, "geometry": { "type": "Point", "coordinates": [ -122.014, 38.525 ] } },
{ "type": "Feature", "properties": { "WCRNmbr": "WCR1996-002752", "PT_30ft": -92, "BlwThreshl": "Above", "Head": 42.6467, "lat": 38.624, "lon": -121.872 }, "geometry": { "type": "Point", "coordinates": [ -121.872, 38.624 ] } },
{ "type": "Feature", "properties": { "WCRNmbr": "WCR2005-005124", "PT_30ft": -87, "BlwThreshl": "Above", "Head": 27.1321, "lat": 38.681, "lon": -121.821 }, "geometry": { "type": "Point", "coordinates": [ -121.821, 38.681 ] } },
{ "type": "Feature", "properties": { "WCRNmbr": "WCR2012-005836", "PT_30ft": -305, "BlwThreshl": "Above", "Head": 17.6629, "lat": 38.709, "lon": -121.758 }, "geometry": { "type": "Point", "coordinates": [ -121.758, 38.709 ] } },
{ "type": "Feature", "properties": { "WCRNmbr": "WCR2001-006456", "PT_30ft": -131, "BlwThreshl": "Above", "Head": 48.6772, "lat": 38.677, "lon": -121.861 }, "geometry": { "type": "Point", "coordinates": [ -121.861, 38.677 ] } },
{ "type": "Feature", "properties": { "WCRNmbr": "WCR2023-008074", "PT_30ft": -83, "BlwThreshl": "Above", "Head": 98.2368, "lat": 38.52, "lon": -122.021 }, "geometry": { "type": "Point", "coordinates": [ -122.021, 38.52 ] } },
{ "type": "Feature", "properties": { "WCRNmbr": "WCR1976-000044", "PT_30ft": -176, "BlwThreshl": "Above", "Head": 24.6268, "lat": 38.71, "lon": -121.814 }, "geometry": { "type": "Point", "coordinates": [ -121.814, 38.71 ] } },
{ "type": "Feature", "properties": { "WCRNmbr": "WCR1979-000600", "PT_30ft": -74, "BlwThreshl": "Above", "Head": 31.8322, "lat": 38.576, "lon": -121.841 }, "geometry": { "type": "Point", "coordinates": [ -121.841, 38.576 ] } },
{ "type": "Feature", "properties": { "WCRNmbr": "WCR1978-001332", "PT_30ft": 98, "BlwThreshl": "Above", "Head": 101.206, "lat": 38.681, "lon": -121.935 }, "geometry": { "type": "Point", "coordinates": [ -121.935, 38.681 ] } },
{ "type": "Feature", "properties": { "WCRNmbr": "WCR1977-000173", "PT_30ft": 126, "BlwThreshl": "Below", "Head": 100.246, "lat": 38.525, "lon": -122.014 }, "geometry": { "type": "Point", "coordinates": [ -122.014, 38.525 ] } },
{ "type": "Feature", "properties": { "WCRNmbr": "WCR1977-000409", "PT_30ft": 86, "BlwThreshl": "Above", "Head": 118.591, "lat": 38.635, "lon": -121.971 }, "geometry": { "type": "Point", "coordinates": [ -121.971, 38.635 ] } },
{ "type": "Feature", "properties": { "WCRNmbr": "WCR1973-000517", "PT_30ft": -64, "BlwThreshl": "Above", "Head": 20.6468, "lat": 38.692, "lon": -121.79 }, "geometry": { "type": "Point", "coordinates": [ -121.79, 38.692 ] } },
{ "type": "Feature", "properties": { "WCRNmbr": "WCR1975-000020", "PT_30ft": 27, "BlwThreshl": "Above", "Head": 151.868, "lat": 38.656, "lon": -122.0 }, "geometry": { "type": "Point", "coordinates": [ -122.0, 38.656 ] } },
{ "type": "Feature", "properties": { "WCRNmbr": "WCR1972-000756", "PT_30ft": -49, "BlwThreshl": "Above", "Head": 78.9514, "lat": 38.53, "lon": -121.957 }, "geometry": { "type": "Point", "coordinates": [ -121.957, 38.53 ] } },
{ "type": "Feature", "properties": { "WCRNmbr": "WCR1972-000650", "PT_30ft": -371, "BlwThreshl": "Above", "Head": 17.6629, "lat": 38.706, "lon": -121.76 }, "geometry": { "type": "Point", "coordinates": [ -121.76, 38.706 ] } },
{ "type": "Feature", "properties": { "WCRNmbr": "WCR1976-000970", "PT_30ft": -117, "BlwThreshl": "Above", "Head": 31.0585, "lat": 38.572, "lon": -121.848 }, "geometry": { "type": "Point", "coordinates": [ -121.848, 38.572 ] } },
{ "type": "Feature", "properties": { "WCRNmbr": "WCR1976-001013", "PT_30ft": 85, "BlwThreshl": "Above", "Head": 149.369, "lat": 38.625, "lon": -121.99 }, "geometry": { "type": "Point", "coordinates": [ -121.99, 38.625 ] } },
{ "type": "Feature", "properties": { "WCRNmbr": "WCR1993-005193", "PT_30ft": -275, "BlwThreshl": "Above", "Head": -9.08712, "lat": 38.592, "lon": -121.713 }, "geometry": { "type": "Point", "coordinates": [ -121.713, 38.592 ] } },
{ "type": "Feature", "properties": { "WCRNmbr": "WCR1987-008894", "PT_30ft": -137, "BlwThreshl": "Above", "Head": 65.2043, "lat": 38.656, "lon": -121.887 }, "geometry": { "type": "Point", "coordinates": [ -121.887, 38.656 ] } },
{ "type": "Feature", "properties": { "WCRNmbr": "WCR1982-001388", "PT_30ft": 25, "BlwThreshl": "Above", "Head": 94.3849, "lat": 38.528, "lon": -122.011 }, "geometry": { "type": "Point", "coordinates": [ -122.011, 38.528 ] } },
{ "type": "Feature", "properties": { "WCRNmbr": "WCR1991-009573", "PT_30ft": -138, "BlwThreshl": "Above", "Head": 22.846, "lat": 38.719, "lon": -121.787 }, "geometry": { "type": "Point", "coordinates": [ -121.787, 38.719 ] } },
{ "type": "Feature", "properties": { "WCRNmbr": "WCR1985-000452", "PT_30ft": -70, "BlwThreshl": "Above", "Head": 45.9327, "lat": 38.67, "lon": -121.86 }, "geometry": { "type": "Point", "coordinates": [ -121.86, 38.67 ] } },
{ "type": "Feature", "properties": { "WCRNmbr": "WCR2007-002610", "PT_30ft": -47, "BlwThreshl": "Above", "Head": 66.1783, "lat": 38.542, "lon": -121.897 }, "geometry": { "type": "Point", "coordinates": [ -121.897, 38.542 ] } },
{ "type": "Feature", "properties": { "WCRNmbr": "WCR1999-005853", "PT_30ft": -92, "BlwThreshl": "Above", "Head": 41.8909, "lat": 38.652, "lon": -121.868 }, "geometry": { "type": "Point", "coordinates": [ -121.868, 38.652 ] } },
{ "type": "Feature", "properties": { "WCRNmbr": "WCR1998-003689", "PT_30ft": -89, "BlwThreshl": "Above", "Head": 41.7596, "lat": 38.584, "lon": -121.864 }, "geometry": { "type": "Point", "coordinates": [ -121.864, 38.584 ] } },
{ "type": "Feature", "properties": { "WCRNmbr": "WCR2005-005214", "PT_30ft": -129, "BlwThreshl": "Above", "Head": 215.335, "lat": 38.672, "lon": -122.052 }, "geometry": { "type": "Point", "coordinates": [ -122.052, 38.672 ] } },
{ "type": "Feature", "properties": { "WCRNmbr": "WCR1997-001915", "PT_30ft": -87, "BlwThreshl": "Above", "Head": 38.4162, "lat": 38.665, "lon": -121.854 }, "geometry": { "type": "Point", "coordinates": [ -121.854, 38.665 ] } },
{ "type": "Feature", "properties": { "WCRNmbr": "WCR2020-002853", "PT_30ft": -241, "BlwThreshl": "Above", "Head": -3.05938, "lat": 38.54, "lon": -121.693 }, "geometry": { "type": "Point", "coordinates": [ -121.693, 38.54 ] } },
{ "type": "Feature", "properties": { "WCRNmbr": "WCR2011-005731", "PT_30ft": -152, "BlwThreshl": "Above", "Head": -6.27003, "lat": 38.597, "lon": -121.731 }, "geometry": { "type": "Point", "coordinates": [ -121.731, 38.597 ] } },
{ "type": "Feature", "properties": { "WCRNmbr": "WCR1973-000334", "PT_30ft": 264, "BlwThreshl": "Below", "Head": 255.007, "lat": 38.678, "lon": -122.067 }, "geometry": { "type": "Point", "coordinates": [ -122.067, 38.678 ] } },
{ "type": "Feature", "properties": { "WCRNmbr": "WCR1973-000321", "PT_30ft": -94, "BlwThreshl": "Above", "Head": 67.1634, "lat": 38.663, "lon": -121.891 }, "geometry": { "type": "Point", "coordinates": [ -121.891, 38.663 ] } },
{ "type": "Feature", "properties": { "WCRNmbr": "WCR1990-004548", "PT_30ft": -108, "BlwThreshl": "Above", "Head": 21.4046, "lat": 38.699, "lon": -121.798 }, "geometry": { "type": "Point", "coordinates": [ -121.798, 38.699 ] } },
{ "type": "Feature", "properties": { "WCRNmbr": "WCR1991-004168", "PT_30ft": -126, "BlwThreshl": "Above", "Head": 42.2642, "lat": 38.677, "lon": -121.857 }, "geometry": { "type": "Point", "coordinates": [ -121.857, 38.677 ] } },
{ "type": "Feature", "properties": { "WCRNmbr": "WCR1977-000272", "PT_30ft": -64, "BlwThreshl": "Above", "Head": 46.0735, "lat": 38.656, "lon": -121.867 }, "geometry": { "type": "Point", "coordinates": [ -121.867, 38.656 ] } },
{ "type": "Feature", "properties": { "WCRNmbr": "WCR2005-005128", "PT_30ft": -226, "BlwThreshl": "Above", "Head": 125.956, "lat": 38.599, "lon": -121.995 }, "geometry": { "type": "Point", "coordinates": [ -121.995, 38.599 ] } },
{ "type": "Feature", "properties": { "WCRNmbr": "WCR2006-001371", "PT_30ft": -101, "BlwThreshl": "Above", "Head": 13.5159, "lat": 38.646, "lon": -121.775 }, "geometry": { "type": "Point", "coordinates": [ -121.775, 38.646 ] } },
{ "type": "Feature", "properties": { "WCRNmbr": "WCR2000-006244", "PT_30ft": 26, "BlwThreshl": "Above", "Head": 68.72, "lat": 38.569, "lon": -121.912 }, "geometry": { "type": "Point", "coordinates": [ -121.912, 38.569 ] } },
{ "type": "Feature", "properties": { "WCRNmbr": "WCR1998-001248", "PT_30ft": -75, "BlwThreshl": "Above", "Head": 45.2278, "lat": 38.584, "lon": -121.867 }, "geometry": { "type": "Point", "coordinates": [ -121.867, 38.584 ] } },
{ "type": "Feature", "properties": { "WCRNmbr": "WCR1997-003350", "PT_30ft": -610, "BlwThreshl": "Above", "Head": 27.9981, "lat": 38.53, "lon": -121.817 }, "geometry": { "type": "Point", "coordinates": [ -121.817, 38.53 ] } },
{ "type": "Feature", "properties": { "WCRNmbr": "WCR2014-014043", "PT_30ft": 58, "BlwThreshl": "Above", "Head": 168.622, "lat": 38.522, "lon": -122.034 }, "geometry": { "type": "Point", "coordinates": [ -122.034, 38.522 ] } },
{ "type": "Feature", "properties": { "WCRNmbr": "WCR2022-013478", "PT_30ft": -242, "BlwThreshl": "Above", "Head": 41.0608, "lat": 38.657, "lon": -121.867 }, "geometry": { "type": "Point", "coordinates": [ -121.867, 38.657 ] } },
{ "type": "Feature", "properties": { "WCRNmbr": "WCR2023-008855", "PT_30ft": -342, "BlwThreshl": "Above", "Head": 41.0608, "lat": 38.659, "lon": -121.863 }, "geometry": { "type": "Point", "coordinates": [ -121.863, 38.659 ] } },
{ "type": "Feature", "properties": { "WCRNmbr": "WCR1986-005009", "PT_30ft": -102, "BlwThreshl": "Above", "Head": 19.3097, "lat": 38.553, "lon": -121.812 }, "geometry": { "type": "Point", "coordinates": [ -121.812, 38.553 ] } },
{ "type": "Feature", "properties": { "WCRNmbr": "WCR1978-001724", "PT_30ft": -82, "BlwThreshl": "Above", "Head": 27.1321, "lat": 38.678, "lon": -121.817 }, "geometry": { "type": "Point", "coordinates": [ -121.817, 38.678 ] } },
{ "type": "Feature", "properties": { "WCRNmbr": "WCR1975-000193", "PT_30ft": -84, "BlwThreshl": "Above", "Head": 31.8322, "lat": 38.574, "lon": -121.847 }, "geometry": { "type": "Point", "coordinates": [ -121.847, 38.574 ] } },
{ "type": "Feature", "properties": { "WCRNmbr": "WCR1971-000412", "PT_30ft": 3, "BlwThreshl": "Above", "Head": 21.6259, "lat": 38.696, "lon": -121.802 }, "geometry": { "type": "Point", "coordinates": [ -121.802, 38.696 ] } },
{ "type": "Feature", "properties": { "WCRNmbr": "WCR2004-004240", "PT_30ft": -104, "BlwThreshl": "Above", "Head": 11.5212, "lat": 38.655, "lon": -121.767 }, "geometry": { "type": "Point", "coordinates": [ -121.767, 38.655 ] } },
{ "type": "Feature", "properties": { "WCRNmbr": "WCR2002-002942", "PT_30ft": -11, "BlwThreshl": "Above", "Head": 100.868, "lat": 38.567, "lon": -121.974 }, "geometry": { "type": "Point", "coordinates": [ -121.974, 38.567 ] } },
{ "type": "Feature", "properties": { "WCRNmbr": "WCR2002-001129", "PT_30ft": -152, "BlwThreshl": "Above", "Head": 26.0647, "lat": 38.715, "lon": -121.76 }, "geometry": { "type": "Point", "coordinates": [ -121.76, 38.715 ] } },
{ "type": "Feature", "properties": { "WCRNmbr": "WCR1999-001679", "PT_30ft": 86, "BlwThreshl": "Above", "Head": 186.424, "lat": 38.685, "lon": -122.056 }, "geometry": { "type": "Point", "coordinates": [ -122.056, 38.685 ] } },
{ "type": "Feature", "properties": { "WCRNmbr": "WCR2001-001840", "PT_30ft": -182, "BlwThreshl": "Above", "Head": -8.701, "lat": 38.581, "lon": -121.704 }, "geometry": { "type": "Point", "coordinates": [ -121.704, 38.581 ] } },
{ "type": "Feature", "properties": { "WCRNmbr": "WCR2016-009167", "PT_30ft": -316, "BlwThreshl": "Above", "Head": 41.4481, "lat": 38.563, "lon": -121.85 }, "geometry": { "type": "Point", "coordinates": [ -121.85, 38.563 ] } },
{ "type": "Feature", "properties": { "WCRNmbr": "WCR2015-007680", "PT_30ft": -14, "BlwThreshl": "Above", "Head": 154.493, "lat": 38.707, "lon": -122.051 }, "geometry": { "type": "Point", "coordinates": [ -122.051, 38.707 ] } },
{ "type": "Feature", "properties": { "WCRNmbr": "WCR0209590", "PT_30ft": -135, "BlwThreshl": "Above", "Head": 12.1748, "lat": 38.606, "lon": -121.78 }, "geometry": { "type": "Point", "coordinates": [ -121.78, 38.606 ] } },
{ "type": "Feature", "properties": { "WCRNmbr": "WCR0236033", "PT_30ft": -206, "BlwThreshl": "Above", "Head": 31.8322, "lat": 38.575, "lon": -121.841 }, "geometry": { "type": "Point", "coordinates": [ -121.841, 38.575 ] } },
{ "type": "Feature", "properties": { "WCRNmbr": "WCR1971-000249", "PT_30ft": -154, "BlwThreshl": "Above", "Head": 4.84082, "lat": 38.574, "lon": -121.768 }, "geometry": { "type": "Point", "coordinates": [ -121.768, 38.574 ] } },
{ "type": "Feature", "properties": { "WCRNmbr": "WCR1983-003700", "PT_30ft": -38, "BlwThreshl": "Above", "Head": 87.0058, "lat": 38.569, "lon": -121.943 }, "geometry": { "type": "Point", "coordinates": [ -121.943, 38.569 ] } },
{ "type": "Feature", "properties": { "WCRNmbr": "WCR1976-001230", "PT_30ft": -152, "BlwThreshl": "Above", "Head": 39.8514, "lat": 38.699, "lon": -121.826 }, "geometry": { "type": "Point", "coordinates": [ -121.826, 38.699 ] } },
{ "type": "Feature", "properties": { "WCRNmbr": "WCR1979-002102", "PT_30ft": -64, "BlwThreshl": "Above", "Head": 58.0146, "lat": 38.663, "lon": -121.885 }, "geometry": { "type": "Point", "coordinates": [ -121.885, 38.663 ] } },
{ "type": "Feature", "properties": { "WCRNmbr": "WCR1988-011228", "PT_30ft": -84, "BlwThreshl": "Above", "Head": 49.5659, "lat": 38.664, "lon": -121.868 }, "geometry": { "type": "Point", "coordinates": [ -121.868, 38.664 ] } },
{ "type": "Feature", "properties": { "WCRNmbr": "WCR2016-014573", "PT_30ft": -315, "BlwThreshl": "Above", "Head": 31.0585, "lat": 38.571, "lon": -121.84 }, "geometry": { "type": "Point", "coordinates": [ -121.84, 38.571 ] } },
{ "type": "Feature", "properties": { "WCRNmbr": "WCR1984-002583", "PT_30ft": -77, "BlwThreshl": "Above", "Head": 26.8292, "lat": 38.575, "lon": -121.837 }, "geometry": { "type": "Point", "coordinates": [ -121.837, 38.575 ] } },
{ "type": "Feature", "properties": { "WCRNmbr": "WCR1988-003405", "PT_30ft": -26, "BlwThreshl": "Above", "Head": 31.0585, "lat": 38.573, "lon": -121.84 }, "geometry": { "type": "Point", "coordinates": [ -121.84, 38.573 ] } },
{ "type": "Feature", "properties": { "WCRNmbr": "WCR1970-000247", "PT_30ft": -49, "BlwThreshl": "Above", "Head": 39.1597, "lat": 38.568, "lon": -121.853 }, "geometry": { "type": "Point", "coordinates": [ -121.853, 38.568 ] } },
{ "type": "Feature", "properties": { "WCRNmbr": "WCR1976-001080", "PT_30ft": -85, "BlwThreshl": "Above", "Head": 31.0585, "lat": 38.573, "lon": -121.841 }, "geometry": { "type": "Point", "coordinates": [ -121.841, 38.573 ] } },
{ "type": "Feature", "properties": { "WCRNmbr": "WCR1970-000244", "PT_30ft": -72, "BlwThreshl": "Above", "Head": 39.1597, "lat": 38.568, "lon": -121.855 }, "geometry": { "type": "Point", "coordinates": [ -121.855, 38.568 ] } },
{ "type": "Feature", "properties": { "WCRNmbr": "WCR1976-000950", "PT_30ft": -84, "BlwThreshl": "Above", "Head": 31.0585, "lat": 38.571, "lon": -121.847 }, "geometry": { "type": "Point", "coordinates": [ -121.847, 38.571 ] } },
{ "type": "Feature", "properties": { "WCRNmbr": "WCR2007-006579", "PT_30ft": -203, "BlwThreshl": "Above", "Head": 31.0585, "lat": 38.571, "lon": -121.841 }, "geometry": { "type": "Point", "coordinates": [ -121.841, 38.571 ] } },
{ "type": "Feature", "properties": { "WCRNmbr": "WCR1976-000618", "PT_30ft": -124, "BlwThreshl": "Above", "Head": 31.0585, "lat": 38.57, "lon": -121.845 }, "geometry": { "type": "Point", "coordinates": [ -121.845, 38.57 ] } },
{ "type": "Feature", "properties": { "WCRNmbr": "WCR1978-001065", "PT_30ft": -6, "BlwThreshl": "Above", "Head": 26.8292, "lat": 38.575, "lon": -121.839 }, "geometry": { "type": "Point", "coordinates": [ -121.839, 38.575 ] } },
{ "type": "Feature", "properties": { "WCRNmbr": "WCR1970-000245", "PT_30ft": -8, "BlwThreshl": "Above", "Head": 41.4481, "lat": 38.565, "lon": -121.85 }, "geometry": { "type": "Point", "coordinates": [ -121.85, 38.565 ] } },
{ "type": "Feature", "properties": { "WCRNmbr": "WCR1974-000716", "PT_30ft": -79, "BlwThreshl": "Above", "Head": 41.4481, "lat": 38.565, "lon": -121.856 }, "geometry": { "type": "Point", "coordinates": [ -121.856, 38.565 ] } },
{ "type": "Feature", "properties": { "WCRNmbr": "WCR1972-000207", "PT_30ft": -196, "BlwThreshl": "Above", "Head": 41.4481, "lat": 38.563, "lon": -121.854 }, "geometry": { "type": "Point", "coordinates": [ -121.854, 38.563 ] } },
{ "type": "Feature", "properties": { "WCRNmbr": "WCR2023-004424", "PT_30ft": -271, "BlwThreshl": "Above", "Head": 43.8665, "lat": 38.572, "lon": -121.86 }, "geometry": { "type": "Point", "coordinates": [ -121.86, 38.572 ] } },
{ "type": "Feature", "properties": { "WCRNmbr": "WCR2016-013487", "PT_30ft": -612, "BlwThreshl": "Above", "Head": 48.0355, "lat": 38.574, "lon": -121.872 }, "geometry": { "type": "Point", "coordinates": [ -121.872, 38.574 ] } },
{ "type": "Feature", "properties": { "WCRNmbr": "WCR2016-015686", "PT_30ft": -360, "BlwThreshl": "Above", "Head": 46.5263, "lat": 38.574, "lon": -121.873 }, "geometry": { "type": "Point", "coordinates": [ -121.873, 38.574 ] } },
{ "type": "Feature", "properties": { "WCRNmbr": "WCR1977-001905", "PT_30ft": -81, "BlwThreshl": "Above", "Head": 48.0355, "lat": 38.57, "lon": -121.87 }, "geometry": { "type": "Point", "coordinates": [ -121.87, 38.57 ] } },
{ "type": "Feature", "properties": { "WCRNmbr": "WCR1979-000125", "PT_30ft": -168, "BlwThreshl": "Above", "Head": 42.5472, "lat": 38.575, "lon": -121.863 }, "geometry": { "type": "Point", "coordinates": [ -121.863, 38.575 ] } },
{ "type": "Feature", "properties": { "WCRNmbr": "WCR2023-006076", "PT_30ft": -461, "BlwThreshl": "Above", "Head": 42.5472, "lat": 38.574, "lon": -121.863 }, "geometry": { "type": "Point", "coordinates": [ -121.863, 38.574 ] } },
{ "type": "Feature", "properties": { "WCRNmbr": "WCR2017-000063", "PT_30ft": -152, "BlwThreshl": "Above", "Head": 43.8665, "lat": 38.572, "lon": -121.864 }, "geometry": { "type": "Point", "coordinates": [ -121.864, 38.572 ] } },
{ "type": "Feature", "properties": { "WCRNmbr": "WCR2001-001819", "PT_30ft": -154, "BlwThreshl": "Above", "Head": 48.0355, "lat": 38.569, "lon": -121.873 }, "geometry": { "type": "Point", "coordinates": [ -121.873, 38.569 ] } },
{ "type": "Feature", "properties": { "WCRNmbr": "WCR2023-001917", "PT_30ft": -249, "BlwThreshl": "Above", "Head": 42.5472, "lat": 38.576, "lon": -121.859 }, "geometry": { "type": "Point", "coordinates": [ -121.859, 38.576 ] } },
{ "type": "Feature", "properties": { "WCRNmbr": "WCR1986-001329", "PT_30ft": -46, "BlwThreshl": "Above", "Head": 46.5263, "lat": 38.574, "lon": -121.87 }, "geometry": { "type": "Point", "coordinates": [ -121.87, 38.574 ] } },
{ "type": "Feature", "properties": { "WCRNmbr": "WCR1974-000061", "PT_30ft": -85, "BlwThreshl": "Above", "Head": 46.5263, "lat": 38.576, "lon": -121.873 }, "geometry": { "type": "Point", "coordinates": [ -121.873, 38.576 ] } },
{ "type": "Feature", "properties": { "WCRNmbr": "WCR2003-004889", "PT_30ft": -18, "BlwThreshl": "Above", "Head": 43.8665, "lat": 38.571, "lon": -121.859 }, "geometry": { "type": "Point", "coordinates": [ -121.859, 38.571 ] } },
{ "type": "Feature", "properties": { "WCRNmbr": "WCR2002-006615", "PT_30ft": 15, "BlwThreshl": "Above", "Head": 68.7313, "lat": 38.562, "lon": -121.905 }, "geometry": { "type": "Point", "coordinates": [ -121.905, 38.562 ] } },
{ "type": "Feature", "properties": { "WCRNmbr": "WCR2003-001338", "PT_30ft": 12, "BlwThreshl": "Above", "Head": 68.3452, "lat": 38.548, "lon": -121.915 }, "geometry": { "type": "Point", "coordinates": [ -121.915, 38.548 ] } },
{ "type": "Feature", "properties": { "WCRNmbr": "WCR2023-011626", "PT_30ft": -323, "BlwThreshl": "Above", "Head": 63.5694, "lat": 38.549, "lon": -121.873 }, "geometry": { "type": "Point", "coordinates": [ -121.873, 38.549 ] } },
{ "type": "Feature", "properties": { "WCRNmbr": "WCR1990-004837", "PT_30ft": -72, "BlwThreshl": "Above", "Head": 63.5694, "lat": 38.548, "lon": -121.874 }, "geometry": { "type": "Point", "coordinates": [ -121.874, 38.548 ] } },
{ "type": "Feature", "properties": { "WCRNmbr": "WCR1997-001918", "PT_30ft": -107, "BlwThreshl": "Above", "Head": 56.0525, "lat": 38.547, "lon": -121.86 }, "geometry": { "type": "Point", "coordinates": [ -121.86, 38.547 ] } },
{ "type": "Feature", "properties": { "WCRNmbr": "WCR1997-001755", "PT_30ft": -78, "BlwThreshl": "Above", "Head": 49.7175, "lat": 38.548, "lon": -121.857 }, "geometry": { "type": "Point", "coordinates": [ -121.857, 38.548 ] } },
{ "type": "Feature", "properties": { "WCRNmbr": "WCR1971-000501", "PT_30ft": -168, "BlwThreshl": "Above", "Head": 41.4481, "lat": 38.561, "lon": -121.854 }, "geometry": { "type": "Point", "coordinates": [ -121.854, 38.561 ] } },
{ "type": "Feature", "properties": { "WCRNmbr": "WCR1973-000455", "PT_30ft": -55, "BlwThreshl": "Above", "Head": 41.4481, "lat": 38.561, "lon": -121.85 }, "geometry": { "type": "Point", "coordinates": [ -121.85, 38.561 ] } },
{ "type": "Feature", "properties": { "WCRNmbr": "WCR2023-013365", "PT_30ft": -425, "BlwThreshl": "Above", "Head": 23.0574, "lat": 38.546, "lon": -121.824 }, "geometry": { "type": "Point", "coordinates": [ -121.824, 38.546 ] } },
{ "type": "Feature", "properties": { "WCRNmbr": "WCR1976-000755", "PT_30ft": -195, "BlwThreshl": "Above", "Head": 33.27, "lat": 38.558, "lon": -121.84 }, "geometry": { "type": "Point", "coordinates": [ -121.84, 38.558 ] } },
{ "type": "Feature", "properties": { "WCRNmbr": "WCR1990-006721", "PT_30ft": -210, "BlwThreshl": "Above", "Head": 26.3959, "lat": 38.553, "lon": -121.835 }, "geometry": { "type": "Point", "coordinates": [ -121.835, 38.553 ] } },
{ "type": "Feature", "properties": { "WCRNmbr": "WCR1976-000241", "PT_30ft": -77, "BlwThreshl": "Above", "Head": 21.9186, "lat": 38.559, "lon": -121.822 }, "geometry": { "type": "Point", "coordinates": [ -121.822, 38.559 ] } },
{ "type": "Feature", "properties": { "WCRNmbr": "WCR2023-004602", "PT_30ft": -294, "BlwThreshl": "Above", "Head": 33.27, "lat": 38.557, "lon": -121.84 }, "geometry": { "type": "Point", "coordinates": [ -121.84, 38.557 ] } },
{ "type": "Feature", "properties": { "WCRNmbr": "WCR1978-001165", "PT_30ft": -106, "BlwThreshl": "Above", "Head": 21.8494, "lat": 38.56, "lon": -121.823 }, "geometry": { "type": "Point", "coordinates": [ -121.823, 38.56 ] } },
{ "type": "Feature", "properties": { "WCRNmbr": "WCR1974-000006", "PT_30ft": -89, "BlwThreshl": "Above", "Head": 31.263, "lat": 38.552, "lon": -121.832 }, "geometry": { "type": "Point", "coordinates": [ -121.832, 38.552 ] } },
{ "type": "Feature", "properties": { "WCRNmbr": "WCR1994-002321", "PT_30ft": -94, "BlwThreshl": "Above", "Head": 33.27, "lat": 38.559, "lon": -121.84 }, "geometry": { "type": "Point", "coordinates": [ -121.84, 38.559 ] } },
{ "type": "Feature", "properties": { "WCRNmbr": "WCR2005-005125", "PT_30ft": -198, "BlwThreshl": "Above", "Head": 26.3959, "lat": 38.554, "lon": -121.834 }, "geometry": { "type": "Point", "coordinates": [ -121.834, 38.554 ] } },
{ "type": "Feature", "properties": { "WCRNmbr": "WCR2005-005123", "PT_30ft": -158, "BlwThreshl": "Above", "Head": 26.3959, "lat": 38.554, "lon": -121.834 }, "geometry": { "type": "Point", "coordinates": [ -121.834, 38.554 ] } },
{ "type": "Feature", "properties": { "WCRNmbr": "WCR1970-000241", "PT_30ft": -152, "BlwThreshl": "Above", "Head": 31.263, "lat": 38.551, "lon": -121.835 }, "geometry": { "type": "Point", "coordinates": [ -121.835, 38.551 ] } },
{ "type": "Feature", "properties": { "WCRNmbr": "WCR2023-010199", "PT_30ft": -519, "BlwThreshl": "Above", "Head": 31.263, "lat": 38.549, "lon": -121.835 }, "geometry": { "type": "Point", "coordinates": [ -121.835, 38.549 ] } },
{ "type": "Feature", "properties": { "WCRNmbr": "WCR1977-001338", "PT_30ft": -161, "BlwThreshl": "Above", "Head": 31.263, "lat": 38.551, "lon": -121.834 }, "geometry": { "type": "Point", "coordinates": [ -121.834, 38.551 ] } },
{ "type": "Feature", "properties": { "WCRNmbr": "WCR0293293", "PT_30ft": -142, "BlwThreshl": "Above", "Head": 14.636, "lat": 38.548, "lon": -121.807 }, "geometry": { "type": "Point", "coordinates": [ -121.807, 38.548 ] } },
{ "type": "Feature", "properties": { "WCRNmbr": "WCR2023-006068", "PT_30ft": -339, "BlwThreshl": "Above", "Head": 19.3097, "lat": 38.555, "lon": -121.819 }, "geometry": { "type": "Point", "coordinates": [ -121.819, 38.555 ] } },
{ "type": "Feature", "properties": { "WCRNmbr": "WCR2006-004944", "PT_30ft": -181, "BlwThreshl": "Above", "Head": 14.636, "lat": 38.549, "lon": -121.812 }, "geometry": { "type": "Point", "coordinates": [ -121.812, 38.549 ] } },
{ "type": "Feature", "properties": { "WCRNmbr": "WCR1999-000624", "PT_30ft": -57, "BlwThreshl": "Above", "Head": 15.8998, "lat": 38.557, "lon": -121.803 }, "geometry": { "type": "Point", "coordinates": [ -121.803, 38.557 ] } },
{ "type": "Feature", "properties": { "WCRNmbr": "WCR2024-000298", "PT_30ft": -406, "BlwThreshl": "Above", "Head": 23.0574, "lat": 38.546, "lon": -121.822 }, "geometry": { "type": "Point", "coordinates": [ -121.822, 38.546 ] } },
{ "type": "Feature", "properties": { "WCRNmbr": "WCR2023-007227", "PT_30ft": -447, "BlwThreshl": "Above", "Head": 23.0574, "lat": 38.546, "lon": -121.825 }, "geometry": { "type": "Point", "coordinates": [ -121.825, 38.546 ] } },
{ "type": "Feature", "properties": { "WCRNmbr": "WCR2011-002988", "PT_30ft": -178, "BlwThreshl": "Above", "Head": 25.8042, "lat": 38.54, "lon": -121.823 }, "geometry": { "type": "Point", "coordinates": [ -121.823, 38.54 ] } },
{ "type": "Feature", "properties": { "WCRNmbr": "WCR2011-004764", "PT_30ft": -162, "BlwThreshl": "Above", "Head": 25.8042, "lat": 38.544, "lon": -121.823 }, "geometry": { "type": "Point", "coordinates": [ -121.823, 38.544 ] } },
{ "type": "Feature", "properties": { "WCRNmbr": "WCR2001-001753", "PT_30ft": -166, "BlwThreshl": "Above", "Head": 23.0574, "lat": 38.546, "lon": -121.823 }, "geometry": { "type": "Point", "coordinates": [ -121.823, 38.546 ] } },
{ "type": "Feature", "properties": { "WCRNmbr": "WCR1990-013173", "PT_30ft": -172, "BlwThreshl": "Above", "Head": 25.8042, "lat": 38.541, "lon": -121.822 }, "geometry": { "type": "Point", "coordinates": [ -121.822, 38.541 ] } },
{ "type": "Feature", "properties": { "WCRNmbr": "WCR1990-010284", "PT_30ft": -93, "BlwThreshl": "Above", "Head": 23.0574, "lat": 38.547, "lon": -121.827 }, "geometry": { "type": "Point", "coordinates": [ -121.827, 38.547 ] } },
{ "type": "Feature", "properties": { "WCRNmbr": "WCR1990-012495", "PT_30ft": -243, "BlwThreshl": "Above", "Head": 25.8042, "lat": 38.543, "lon": -121.823 }, "geometry": { "type": "Point", "coordinates": [ -121.823, 38.543 ] } },
{ "type": "Feature", "properties": { "WCRNmbr": "WCR1978-001043", "PT_30ft": -170, "BlwThreshl": "Above", "Head": 25.8042, "lat": 38.543, "lon": -121.822 }, "geometry": { "type": "Point", "coordinates": [ -121.822, 38.543 ] } },
{ "type": "Feature", "properties": { "WCRNmbr": "WCR1975-000676", "PT_30ft": -96, "BlwThreshl": "Above", "Head": 23.0574, "lat": 38.545, "lon": -121.822 }, "geometry": { "type": "Point", "coordinates": [ -121.822, 38.545 ] } },
{ "type": "Feature", "properties": { "WCRNmbr": "WCR1973-000452", "PT_30ft": -153, "BlwThreshl": "Above", "Head": 23.0574, "lat": 38.547, "lon": -121.822 }, "geometry": { "type": "Point", "coordinates": [ -121.822, 38.547 ] } },
{ "type": "Feature", "properties": { "WCRNmbr": "WCR2023-008737", "PT_30ft": -245, "BlwThreshl": "Above", "Head": 54.8072, "lat": 38.539, "lon": -121.858 }, "geometry": { "type": "Point", "coordinates": [ -121.858, 38.539 ] } },
{ "type": "Feature", "properties": { "WCRNmbr": "WCR1976-000849", "PT_30ft": -100, "BlwThreshl": "Above", "Head": 64.8466, "lat": 38.539, "lon": -121.862 }, "geometry": { "type": "Point", "coordinates": [ -121.862, 38.539 ] } },
{ "type": "Feature", "properties": { "WCRNmbr": "WCR1995-001340", "PT_30ft": -98, "BlwThreshl": "Above", "Head": 64.8466, "lat": 38.539, "lon": -121.86 }, "geometry": { "type": "Point", "coordinates": [ -121.86, 38.539 ] } },
{ "type": "Feature", "properties": { "WCRNmbr": "WCR1977-000759", "PT_30ft": -71, "BlwThreshl": "Above", "Head": 64.7048, "lat": 38.536, "lon": -121.894 }, "geometry": { "type": "Point", "coordinates": [ -121.894, 38.536 ] } },
{ "type": "Feature", "properties": { "WCRNmbr": "WCR2003-001293", "PT_30ft": -38, "BlwThreshl": "Above", "Head": 66.518, "lat": 38.546, "lon": -121.904 }, "geometry": { "type": "Point", "coordinates": [ -121.904, 38.546 ] } },
{ "type": "Feature", "properties": { "WCRNmbr": "WCR1990-005265", "PT_30ft": -43, "BlwThreshl": "Above", "Head": 66.4859, "lat": 38.535, "lon": -121.896 }, "geometry": { "type": "Point", "coordinates": [ -121.896, 38.535 ] } },
{ "type": "Feature", "properties": { "WCRNmbr": "WCR2022-005644", "PT_30ft": -378, "BlwThreshl": "Above", "Head": 73.7818, "lat": 38.569, "lon": -121.925 }, "geometry": { "type": "Point", "coordinates": [ -121.925, 38.569 ] } },
{ "type": "Feature", "properties": { "WCRNmbr": "WCR2001-003906", "PT_30ft": 5, "BlwThreshl": "Above", "Head": 87.0058, "lat": 38.568, "lon": -121.943 }, "geometry": { "type": "Point", "coordinates": [ -121.943, 38.568 ] } },
{ "type": "Feature", "properties": { "WCRNmbr": "WCR2001-006059", "PT_30ft": -13, "BlwThreshl": "Above", "Head": 100.868, "lat": 38.568, "lon": -121.971 }, "geometry": { "type": "Point", "coordinates": [ -121.971, 38.568 ] } },
{ "type": "Feature", "properties": { "WCRNmbr": "WCR1973-000333", "PT_30ft": 106, "BlwThreshl": "Below", "Head": 104.399, "lat": 38.548, "lon": -122.021 }, "geometry": { "type": "Point", "coordinates": [ -122.021, 38.548 ] } },
{ "type": "Feature", "properties": { "WCRNmbr": "WCR1972-000712", "PT_30ft": -102, "BlwThreshl": "Above", "Head": 94.367, "lat": 38.553, "lon": -121.974 }, "geometry": { "type": "Point", "coordinates": [ -121.974, 38.553 ] } },
{ "type": "Feature", "properties": { "WCRNmbr": "WCR1999-005846", "PT_30ft": -9, "BlwThreshl": "Above", "Head": 91.1065, "lat": 38.549, "lon": -121.975 }, "geometry": { "type": "Point", "coordinates": [ -121.975, 38.549 ] } },
{ "type": "Feature", "properties": { "WCRNmbr": "WCR2001-006052", "PT_30ft": -1, "BlwThreshl": "Above", "Head": 85.7609, "lat": 38.552, "lon": -121.954 }, "geometry": { "type": "Point", "coordinates": [ -121.954, 38.552 ] } },
{ "type": "Feature", "properties": { "WCRNmbr": "WCR1975-000645", "PT_30ft": 98, "BlwThreshl": "Below", "Head": 91.3209, "lat": 38.551, "lon": -121.971 }, "geometry": { "type": "Point", "coordinates": [ -121.971, 38.551 ] } },
{ "type": "Feature", "properties": { "WCRNmbr": "WCR2012-003440", "PT_30ft": -141, "BlwThreshl": "Above", "Head": 83.5987, "lat": 38.554, "lon": -121.944 }, "geometry": { "type": "Point", "coordinates": [ -121.944, 38.554 ] } },
{ "type": "Feature", "properties": { "WCRNmbr": "WCR2007-001790", "PT_30ft": -16, "BlwThreshl": "Above", "Head": 87.9175, "lat": 38.556, "lon": -121.952 }, "geometry": { "type": "Point", "coordinates": [ -121.952, 38.556 ] } },
{ "type": "Feature", "properties": { "WCRNmbr": "WCR2000-006833", "PT_30ft": 22, "BlwThreshl": "Above", "Head": 68.3452, "lat": 38.548, "lon": -121.915 }, "geometry": { "type": "Point", "coordinates": [ -121.915, 38.548 ] } },
{ "type": "Feature", "properties": { "WCRNmbr": "WCR2000-002098", "PT_30ft": -12, "BlwThreshl": "Above", "Head": 75.6173, "lat": 38.544, "lon": -121.933 }, "geometry": { "type": "Point", "coordinates": [ -121.933, 38.544 ] } },
{ "type": "Feature", "properties": { "WCRNmbr": "WCR1988-001357", "PT_30ft": 47, "BlwThreshl": "Above", "Head": 66.2533, "lat": 38.535, "lon": -121.926 }, "geometry": { "type": "Point", "coordinates": [ -121.926, 38.535 ] } },
{ "type": "Feature", "properties": { "WCRNmbr": "WCR1979-000777", "PT_30ft": -12, "BlwThreshl": "Above", "Head": 83.0474, "lat": 38.539, "lon": -121.954 }, "geometry": { "type": "Point", "coordinates": [ -121.954, 38.539 ] } },
{ "type": "Feature", "properties": { "WCRNmbr": "WCR1976-001087", "PT_30ft": -77, "BlwThreshl": "Above", "Head": 87.7153, "lat": 38.545, "lon": -121.97 }, "geometry": { "type": "Point", "coordinates": [ -121.97, 38.545 ] } },
{ "type": "Feature", "properties": { "WCRNmbr": "WCR2015-012707", "PT_30ft": -257, "BlwThreshl": "Above", "Head": 87.7153, "lat": 38.54, "lon": -121.971 }, "geometry": { "type": "Point", "coordinates": [ -121.971, 38.54 ] } },
{ "type": "Feature", "properties": { "WCRNmbr": "WCR2016-008804", "PT_30ft": -89, "BlwThreshl": "Above", "Head": 110.184, "lat": 38.528, "lon": -122.02 }, "geometry": { "type": "Point", "coordinates": [ -122.02, 38.528 ] } },
{ "type": "Feature", "properties": { "WCRNmbr": "WCR2016-009168", "PT_30ft": -261, "BlwThreshl": "Above", "Head": 135.797, "lat": 38.524, "lon": -122.024 }, "geometry": { "type": "Point", "coordinates": [ -122.024, 38.524 ] } },
{ "type": "Feature", "properties": { "WCRNmbr": "WCR2022-005285", "PT_30ft": -291, "BlwThreshl": "NoData", "Head": null, "lat": 38.521, "lon": -122.024 }, "geometry": { "type": "Point", "coordinates": [ -122.024, 38.521 ] } },
{ "type": "Feature", "properties": { "WCRNmbr": "WCR2022-014480", "PT_30ft": -125, "BlwThreshl": "Above", "Head": 95.6716, "lat": 38.532, "lon": -122.009 }, "geometry": { "type": "Point", "coordinates": [ -122.009, 38.532 ] } },
{ "type": "Feature", "properties": { "WCRNmbr": "WCR2015-002982", "PT_30ft": -164, "BlwThreshl": "Above", "Head": 94.3849, "lat": 38.53, "lon": -122.01 }, "geometry": { "type": "Point", "coordinates": [ -122.01, 38.53 ] } },
{ "type": "Feature", "properties": { "WCRNmbr": "WCR2015-008063", "PT_30ft": -157, "BlwThreshl": "Above", "Head": 98.2368, "lat": 38.519, "lon": -122.016 }, "geometry": { "type": "Point", "coordinates": [ -122.016, 38.519 ] } },
{ "type": "Feature", "properties": { "WCRNmbr": "WCR2014-003773", "PT_30ft": -54, "BlwThreshl": "Above", "Head": 110.184, "lat": 38.526, "lon": -122.02 }, "geometry": { "type": "Point", "coordinates": [ -122.02, 38.526 ] } },
{ "type": "Feature", "properties": { "WCRNmbr": "WCR2013-001058", "PT_30ft": -13, "BlwThreshl": "Above", "Head": 95.6716, "lat": 38.531, "lon": -122.013 }, "geometry": { "type": "Point", "coordinates": [ -122.013, 38.531 ] } },
{ "type": "Feature", "properties": { "WCRNmbr": "WCR2009-004804", "PT_30ft": -137, "BlwThreshl": "Above", "Head": 114.777, "lat": 38.532, "lon": -122.016 }, "geometry": { "type": "Point", "coordinates": [ -122.016, 38.532 ] } },
{ "type": "Feature", "properties": { "WCRNmbr": "WCR2009-004708", "PT_30ft": -99, "BlwThreshl": "Above", "Head": 110.184, "lat": 38.525, "lon": -122.017 }, "geometry": { "type": "Point", "coordinates": [ -122.017, 38.525 ] } },
{ "type": "Feature", "properties": { "WCRNmbr": "WCR2004-004639", "PT_30ft": -83, "BlwThreshl": "Above", "Head": 110.184, "lat": 38.524, "lon": -122.018 }, "geometry": { "type": "Point", "coordinates": [ -122.018, 38.524 ] } },
{ "type": "Feature", "properties": { "WCRNmbr": "WCR1994-003955", "PT_30ft": -35, "BlwThreshl": "Above", "Head": 93.8929, "lat": 38.521, "lon": -122.011 }, "geometry": { "type": "Point", "coordinates": [ -122.011, 38.521 ] } },
{ "type": "Feature", "properties": { "WCRNmbr": "WCR1979-001300", "PT_30ft": -5, "BlwThreshl": "Above", "Head": 93.8929, "lat": 38.522, "lon": -122.008 }, "geometry": { "type": "Point", "coordinates": [ -122.008, 38.522 ] } },
{ "type": "Feature", "properties": { "WCRNmbr": "WCR1988-007449", "PT_30ft": -28, "BlwThreshl": "Above", "Head": 94.3849, "lat": 38.526, "lon": -122.012 }, "geometry": { "type": "Point", "coordinates": [ -122.012, 38.526 ] } },
{ "type": "Feature", "properties": { "WCRNmbr": "WCR1977-001906", "PT_30ft": 118, "BlwThreshl": "Below", "Head": 100.246, "lat": 38.526, "lon": -122.017 }, "geometry": { "type": "Point", "coordinates": [ -122.017, 38.526 ] } },
{ "type": "Feature", "properties": { "WCRNmbr": "WCR1977-002003", "PT_30ft": 95, "BlwThreshl": "Below", "Head": 93.8929, "lat": 38.523, "lon": -122.011 }, "geometry": { "type": "Point", "coordinates": [ -122.011, 38.523 ] } },
{ "type": "Feature", "properties": { "WCRNmbr": "WCR2021-005359", "PT_30ft": -55, "BlwThreshl": "Above", "Head": 87.1082, "lat": 38.519, "lon": -121.99 }, "geometry": { "type": "Point", "coordinates": [ -121.99, 38.519 ] } },
{ "type": "Feature", "properties": { "WCRNmbr": "WCR1975-000677", "PT_30ft": 33, "BlwThreshl": "Above", "Head": 90.9739, "lat": 38.525, "lon": -121.996 }, "geometry": { "type": "Point", "coordinates": [ -121.996, 38.525 ] } },
{ "type": "Feature", "properties": { "WCRNmbr": "WCR2016-011331", "PT_30ft": -186, "BlwThreshl": "Above", "Head": 83.1572, "lat": 38.516, "lon": -121.984 }, "geometry": { "type": "Point", "coordinates": [ -121.984, 38.516 ] } },
{ "type": "Feature", "properties": { "WCRNmbr": "WCR2023-002674", "PT_30ft": -279, "BlwThreshl": "Above", "Head": 84.133, "lat": 38.532, "lon": -121.97 }, "geometry": { "type": "Point", "coordinates": [ -121.97, 38.532 ] } },
{ "type": "Feature", "properties": { "WCRNmbr": "WCR2024-000155", "PT_30ft": -102, "BlwThreshl": "Above", "Head": 83.1572, "lat": 38.516, "lon": -121.986 }, "geometry": { "type": "Point", "coordinates": [ -121.986, 38.516 ] } },
{ "type": "Feature", "properties": { "WCRNmbr": "WCR2023-005785", "PT_30ft": -140, "BlwThreshl": "Above", "Head": 87.0905, "lat": 38.516, "lon": -121.989 }, "geometry": { "type": "Point", "coordinates": [ -121.989, 38.516 ] } },
{ "type": "Feature", "properties": { "WCRNmbr": "WCR2022-009646", "PT_30ft": -200, "BlwThreshl": "Above", "Head": 90.444, "lat": 38.518, "lon": -121.997 }, "geometry": { "type": "Point", "coordinates": [ -121.997, 38.518 ] } },
{ "type": "Feature", "properties": { "WCRNmbr": "WCR2005-001164", "PT_30ft": -21, "BlwThreshl": "Above", "Head": 90.4373, "lat": 38.514, "lon": -121.998 }, "geometry": { "type": "Point", "coordinates": [ -121.998, 38.514 ] } },
{ "type": "Feature", "properties": { "WCRNmbr": "WCR1978-001637", "PT_30ft": 61, "BlwThreshl": "Above", "Head": 87.1082, "lat": 38.517, "lon": -121.993 }, "geometry": { "type": "Point", "coordinates": [ -121.993, 38.517 ] } },
{ "type": "Feature", "properties": { "WCRNmbr": "WCR1971-000441", "PT_30ft": 51, "BlwThreshl": "Above", "Head": 90.444, "lat": 38.516, "lon": -122.001 }, "geometry": { "type": "Point", "coordinates": [ -122.001, 38.516 ] } },
{ "type": "Feature", "properties": { "WCRNmbr": "WCR2016-015985", "PT_30ft": -146, "BlwThreshl": "Above", "Head": 93.3832, "lat": 38.509, "lon": -122.008 }, "geometry": { "type": "Point", "coordinates": [ -122.008, 38.509 ] } },
{ "type": "Feature", "properties": { "WCRNmbr": "WCR1994-005764", "PT_30ft": 37, "BlwThreshl": "Above", "Head": 94.1644, "lat": 38.507, "lon": -122.008 }, "geometry": { "type": "Point", "coordinates": [ -122.008, 38.507 ] } },
{ "type": "Feature", "properties": { "WCRNmbr": "WCR1977-000058", "PT_30ft": -131, "BlwThreshl": "Above", "Head": 98.2368, "lat": 38.517, "lon": -122.018 }, "geometry": { "type": "Point", "coordinates": [ -122.018, 38.517 ] } },
{ "type": "Feature", "properties": { "WCRNmbr": "WCR1992-001963", "PT_30ft": -4, "BlwThreshl": "Above", "Head": 98.2443, "lat": 38.498, "lon": -122.019 }, "geometry": { "type": "Point", "coordinates": [ -122.019, 38.498 ] } },
{ "type": "Feature", "properties": { "WCRNmbr": "WCR2006-001372", "PT_30ft": -20, "BlwThreshl": "Above", "Head": 91.6051, "lat": 38.502, "lon": -122.001 }, "geometry": { "type": "Point", "coordinates": [ -122.001, 38.502 ] } },
{ "type": "Feature", "properties": { "WCRNmbr": "WCR2017-001254", "PT_30ft": -186, "BlwThreshl": "Above", "Head": 4.03846, "lat": 38.573, "lon": -121.771 }, "geometry": { "type": "Point", "coordinates": [ -121.771, 38.573 ] } },
{ "type": "Feature", "properties": { "WCRNmbr": "WCR2008-003609", "PT_30ft": -258, "BlwThreshl": "Above", "Head": 4.84082, "lat": 38.575, "lon": -121.77 }, "geometry": { "type": "Point", "coordinates": [ -121.77, 38.575 ] } },
{ "type": "Feature", "properties": { "WCRNmbr": "WCR1976-000236", "PT_30ft": -88, "BlwThreshl": "Above", "Head": 4.84082, "lat": 38.574, "lon": -121.771 }, "geometry": { "type": "Point", "coordinates": [ -121.771, 38.574 ] } },
{ "type": "Feature", "properties": { "WCRNmbr": "WCR1972-000003", "PT_30ft": -270, "BlwThreshl": "Above", "Head": 4.03846, "lat": 38.574, "lon": -121.773 }, "geometry": { "type": "Point", "coordinates": [ -121.773, 38.574 ] } },
{ "type": "Feature", "properties": { "WCRNmbr": "WCR1977-001043", "PT_30ft": -196, "BlwThreshl": "Above", "Head": 2.99848, "lat": 38.564, "lon": -121.772 }, "geometry": { "type": "Point", "coordinates": [ -121.772, 38.564 ] } },
{ "type": "Feature", "properties": { "WCRNmbr": "WCR1973-000811", "PT_30ft": -198, "BlwThreshl": "Above", "Head": 4.84082, "lat": 38.575, "lon": -121.772 }, "geometry": { "type": "Point", "coordinates": [ -121.772, 38.575 ] } },
{ "type": "Feature", "properties": { "WCRNmbr": "WCR1973-000134", "PT_30ft": -220, "BlwThreshl": "Above", "Head": 4.03846, "lat": 38.573, "lon": -121.772 }, "geometry": { "type": "Point", "coordinates": [ -121.772, 38.573 ] } },
{ "type": "Feature", "properties": { "WCRNmbr": "WCR1978-001777", "PT_30ft": -80, "BlwThreshl": "Above", "Head": 4.84082, "lat": 38.574, "lon": -121.771 }, "geometry": { "type": "Point", "coordinates": [ -121.771, 38.574 ] } },
{ "type": "Feature", "properties": { "WCRNmbr": "WCR1975-000200", "PT_30ft": -218, "BlwThreshl": "Above", "Head": 4.84082, "lat": 38.575, "lon": -121.774 }, "geometry": { "type": "Point", "coordinates": [ -121.774, 38.575 ] } },
{ "type": "Feature", "properties": { "WCRNmbr": "WCR1976-000611", "PT_30ft": -81, "BlwThreshl": "Above", "Head": 4.03846, "lat": 38.573, "lon": -121.769 }, "geometry": { "type": "Point", "coordinates": [ -121.769, 38.573 ] } },
{ "type": "Feature", "properties": { "WCRNmbr": "WCR1976-001018", "PT_30ft": -178, "BlwThreshl": "Above", "Head": 4.84082, "lat": 38.575, "lon": -121.771 }, "geometry": { "type": "Point", "coordinates": [ -121.771, 38.575 ] } },
{ "type": "Feature", "properties": { "WCRNmbr": "WCR1973-000846", "PT_30ft": -219, "BlwThreshl": "Above", "Head": 4.03846, "lat": 38.573, "lon": -121.772 }, "geometry": { "type": "Point", "coordinates": [ -121.772, 38.573 ] } },
{ "type": "Feature", "properties": { "WCRNmbr": "WCR1977-000089", "PT_30ft": -159, "BlwThreshl": "Above", "Head": 4.84082, "lat": 38.575, "lon": -121.772 }, "geometry": { "type": "Point", "coordinates": [ -121.772, 38.575 ] } },
{ "type": "Feature", "properties": { "WCRNmbr": "WCR1999-000641", "PT_30ft": -259, "BlwThreshl": "Above", "Head": 4.84082, "lat": 38.575, "lon": -121.773 }, "geometry": { "type": "Point", "coordinates": [ -121.773, 38.575 ] } },
{ "type": "Feature", "properties": { "WCRNmbr": "WCR1970-000265", "PT_30ft": -38, "BlwThreshl": "Above", "Head": 4.84082, "lat": 38.575, "lon": -121.77 }, "geometry": { "type": "Point", "coordinates": [ -121.77, 38.575 ] } },
{ "type": "Feature", "properties": { "WCRNmbr": "WCR1998-004439", "PT_30ft": -160, "BlwThreshl": "Above", "Head": 4.84082, "lat": 38.574, "lon": -121.772 }, "geometry": { "type": "Point", "coordinates": [ -121.772, 38.574 ] } },
{ "type": "Feature", "properties": { "WCRNmbr": "WCR1991-001905", "PT_30ft": -160, "BlwThreshl": "Above", "Head": 2.99848, "lat": 38.562, "lon": -121.773 }, "geometry": { "type": "Point", "coordinates": [ -121.773, 38.562 ] } },
{ "type": "Feature", "properties": { "WCRNmbr": "WCR1980-000315", "PT_30ft": -45, "BlwThreshl": "Above", "Head": 4.84082, "lat": 38.575, "lon": -121.77 }, "geometry": { "type": "Point", "coordinates": [ -121.77, 38.575 ] } },
{ "type": "Feature", "properties": { "WCRNmbr": "WCR1993-005147", "PT_30ft": -230, "BlwThreshl": "Above", "Head": -4.89319, "lat": 38.527, "lon": -121.696 }, "geometry": { "type": "Point", "coordinates": [ -121.696, 38.527 ] } },
{ "type": "Feature", "properties": { "WCRNmbr": "WCR2024-004708", "PT_30ft": -303, "BlwThreshl": "Above", "Head": 9.99819, "lat": 38.544, "lon": -121.8 }, "geometry": { "type": "Point", "coordinates": [ -121.8, 38.544 ] } },
{ "type": "Feature", "properties": { "WCRNmbr": "WCR2012-001478", "PT_30ft": -298, "BlwThreshl": "Above", "Head": 9.99819, "lat": 38.544, "lon": -121.799 }, "geometry": { "type": "Point", "coordinates": [ -121.799, 38.544 ] } },
{ "type": "Feature", "properties": { "WCRNmbr": "WCR2002-001091", "PT_30ft": -228, "BlwThreshl": "Above", "Head": -1.75955, "lat": 38.537, "lon": -121.693 }, "geometry": { "type": "Point", "coordinates": [ -121.693, 38.537 ] } },
{ "type": "Feature", "properties": { "WCRNmbr": "WCR2015-006514", "PT_30ft": -304, "BlwThreshl": "Above", "Head": 9.99819, "lat": 38.544, "lon": -121.798 }, "geometry": { "type": "Point", "coordinates": [ -121.798, 38.544 ] } },
{ "type": "Feature", "properties": { "WCRNmbr": "WCR1978-000127", "PT_30ft": -105, "BlwThreshl": "Above", "Head": 10.3645, "lat": 38.546, "lon": -121.799 }, "geometry": { "type": "Point", "coordinates": [ -121.799, 38.546 ] } },
{ "type": "Feature", "properties": { "WCRNmbr": "WCR1975-000671", "PT_30ft": -104, "BlwThreshl": "Above", "Head": 10.3645, "lat": 38.546, "lon": -121.798 }, "geometry": { "type": "Point", "coordinates": [ -121.798, 38.546 ] } },
{ "type": "Feature", "properties": { "WCRNmbr": "WCR1975-000208", "PT_30ft": -105, "BlwThreshl": "Above", "Head": 10.3645, "lat": 38.546, "lon": -121.802 }, "geometry": { "type": "Point", "coordinates": [ -121.802, 38.546 ] } },
{ "type": "Feature", "properties": { "WCRNmbr": "WCR1973-000171", "PT_30ft": -106, "BlwThreshl": "Above", "Head": 10.3645, "lat": 38.546, "lon": -121.802 }, "geometry": { "type": "Point", "coordinates": [ -121.802, 38.546 ] } },
{ "type": "Feature", "properties": { "WCRNmbr": "WCR1973-000129", "PT_30ft": -105, "BlwThreshl": "Above", "Head": 10.3645, "lat": 38.546, "lon": -121.802 }, "geometry": { "type": "Point", "coordinates": [ -121.802, 38.546 ] } },
{ "type": "Feature", "properties": { "WCRNmbr": "WCR1972-000088", "PT_30ft": -221, "BlwThreshl": "Above", "Head": 10.3645, "lat": 38.545, "lon": -121.797 }, "geometry": { "type": "Point", "coordinates": [ -121.797, 38.545 ] } },
{ "type": "Feature", "properties": { "WCRNmbr": "WCR1978-000006", "PT_30ft": 53, "BlwThreshl": "Above", "Head": 112.737, "lat": 38.524, "lon": -122.026 }, "geometry": { "type": "Point", "coordinates": [ -122.026, 38.524 ] } },
{ "type": "Feature", "properties": { "WCRNmbr": "WCR2016-011665", "PT_30ft": -47, "BlwThreshl": "Above", "Head": 135.797, "lat": 38.525, "lon": -122.029 }, "geometry": { "type": "Point", "coordinates": [ -122.029, 38.525 ] } },
{ "type": "Feature", "properties": { "WCRNmbr": "WCR2001-001800", "PT_30ft": 21, "BlwThreshl": "Above", "Head": 107.229, "lat": 38.52, "lon": -122.031 }, "geometry": { "type": "Point", "coordinates": [ -122.031, 38.52 ] } },
{ "type": "Feature", "properties": { "WCRNmbr": "WCR1980-000316", "PT_30ft": 60, "BlwThreshl": "Above", "Head": 100.246, "lat": 38.528, "lon": -122.022 }, "geometry": { "type": "Point", "coordinates": [ -122.022, 38.528 ] } },
{ "type": "Feature", "properties": { "WCRNmbr": "WCR2017-008583", "PT_30ft": -66, "BlwThreshl": "NoData", "Head": null, "lat": 38.5, "lon": -122.031 }, "geometry": { "type": "Point", "coordinates": [ -122.031, 38.5 ] } },
{ "type": "Feature", "properties": { "WCRNmbr": "WCR2015-004995", "PT_30ft": -56, "BlwThreshl": "NoData", "Head": null, "lat": 38.501, "lon": -122.036 }, "geometry": { "type": "Point", "coordinates": [ -122.036, 38.501 ] } },
{ "type": "Feature", "properties": { "WCRNmbr": "WCR1997-006270", "PT_30ft": -15, "BlwThreshl": "NoData", "Head": null, "lat": 38.499, "lon": -122.034 }, "geometry": { "type": "Point", "coordinates": [ -122.034, 38.499 ] } },
{ "type": "Feature", "properties": { "WCRNmbr": "WCR1993-002016", "PT_30ft": -21, "BlwThreshl": "NoData", "Head": null, "lat": 38.501, "lon": -122.034 }, "geometry": { "type": "Point", "coordinates": [ -122.034, 38.501 ] } },
{ "type": "Feature", "properties": { "WCRNmbr": "WCR1978-000604", "PT_30ft": -89, "BlwThreshl": "NoData", "Head": null, "lat": 38.501, "lon": -122.029 }, "geometry": { "type": "Point", "coordinates": [ -122.029, 38.501 ] } },
{ "type": "Feature", "properties": { "WCRNmbr": "WCR1976-001061", "PT_30ft": 37, "BlwThreshl": "Above", "Head": 148.803, "lat": 38.502, "lon": -122.033 }, "geometry": { "type": "Point", "coordinates": [ -122.033, 38.502 ] } },
{ "type": "Feature", "properties": { "WCRNmbr": "WCR1988-007796", "PT_30ft": -21, "BlwThreshl": "NoData", "Head": null, "lat": 38.501, "lon": -122.035 }, "geometry": { "type": "Point", "coordinates": [ -122.035, 38.501 ] } },
{ "type": "Feature", "properties": { "WCRNmbr": "WCR1972-000747", "PT_30ft": 65, "BlwThreshl": "NoData", "Head": null, "lat": 38.501, "lon": -122.035 }, "geometry": { "type": "Point", "coordinates": [ -122.035, 38.501 ] } },
{ "type": "Feature", "properties": { "WCRNmbr": "WCR2004-005109", "PT_30ft": -250, "BlwThreshl": "Above", "Head": -8.83274, "lat": 38.561, "lon": -121.643 }, "geometry": { "type": "Point", "coordinates": [ -121.643, 38.561 ] } },
{ "type": "Feature", "properties": { "WCRNmbr": "WCR1977-001829", "PT_30ft": -193, "BlwThreshl": "Above", "Head": -10.1425, "lat": 38.574, "lon": -121.674 }, "geometry": { "type": "Point", "coordinates": [ -121.674, 38.574 ] } },
{ "type": "Feature", "properties": { "WCRNmbr": "WCR2016-010562", "PT_30ft": -260, "BlwThreshl": "Above", "Head": -8.81042, "lat": 38.568, "lon": -121.691 }, "geometry": { "type": "Point", "coordinates": [ -121.691, 38.568 ] } },
{ "type": "Feature", "properties": { "WCRNmbr": "WCR1972-000211", "PT_30ft": -127, "BlwThreshl": "Above", "Head": -9.80618, "lat": 38.575, "lon": -121.68 }, "geometry": { "type": "Point", "coordinates": [ -121.68, 38.575 ] } },
{ "type": "Feature", "properties": { "WCRNmbr": "WCR2003-001233", "PT_30ft": -194, "BlwThreshl": "Above", "Head": -7.96163, "lat": 38.557, "lon": -121.673 }, "geometry": { "type": "Point", "coordinates": [ -121.673, 38.557 ] } },
{ "type": "Feature", "properties": { "WCRNmbr": "WCR2017-008615", "PT_30ft": -226, "BlwThreshl": "Above", "Head": -1.75955, "lat": 38.532, "lon": -121.693 }, "geometry": { "type": "Point", "coordinates": [ -121.693, 38.532 ] } },
{ "type": "Feature", "properties": { "WCRNmbr": "WCR2016-014494", "PT_30ft": -393, "BlwThreshl": "Above", "Head": 0.430818, "lat": 38.538, "lon": -121.704 }, "geometry": { "type": "Point", "coordinates": [ -121.704, 38.538 ] } },
{ "type": "Feature", "properties": { "WCRNmbr": "WCR2004-004642", "PT_30ft": -227, "BlwThreshl": "Above", "Head": -1.75955, "lat": 38.536, "lon": -121.694 }, "geometry": { "type": "Point", "coordinates": [ -121.694, 38.536 ] } },
{ "type": "Feature", "properties": { "WCRNmbr": "WCR2018-009777", "PT_30ft": -231, "BlwThreshl": "Above", "Head": -4.74052, "lat": 38.539, "lon": -121.692 }, "geometry": { "type": "Point", "coordinates": [ -121.692, 38.539 ] } },
{ "type": "Feature", "properties": { "WCRNmbr": "WCR1991-001908", "PT_30ft": -237, "BlwThreshl": "Above", "Head": -1.75955, "lat": 38.538, "lon": -121.693 }, "geometry": { "type": "Point", "coordinates": [ -121.693, 38.538 ] } },
{ "type": "Feature", "properties": { "WCRNmbr": "WCR1979-001538", "PT_30ft": -236, "BlwThreshl": "Above", "Head": -4.86113, "lat": 38.52, "lon": -121.693 }, "geometry": { "type": "Point", "coordinates": [ -121.693, 38.52 ] } },
{ "type": "Feature", "properties": { "WCRNmbr": "WCR2017-008780", "PT_30ft": -204, "BlwThreshl": "Above", "Head": -7.96163, "lat": 38.556, "lon": -121.673 }, "geometry": { "type": "Point", "coordinates": [ -121.673, 38.556 ] } },
{ "type": "Feature", "properties": { "WCRNmbr": "WCR1995-002775", "PT_30ft": -212, "BlwThreshl": "Above", "Head": 4.94654, "lat": 38.512, "lon": -121.694 }, "geometry": { "type": "Point", "coordinates": [ -121.694, 38.512 ] } },
{ "type": "Feature", "properties": { "WCRNmbr": "WCR2021-002878", "PT_30ft": -48, "BlwThreshl": "Above", "Head": 24.6293, "lat": 38.663, "lon": -121.804 }, "geometry": { "type": "Point", "coordinates": [ -121.804, 38.663 ] } },
{ "type": "Feature", "properties": { "WCRNmbr": "WCR2021-002978", "PT_30ft": -110, "BlwThreshl": "Above", "Head": 27.7077, "lat": 38.655, "lon": -121.813 }, "geometry": { "type": "Point", "coordinates": [ -121.813, 38.655 ] } },
{ "type": "Feature", "properties": { "WCRNmbr": "WCR1983-003698", "PT_30ft": -60, "BlwThreshl": "Above", "Head": 32.7443, "lat": 38.649, "lon": -121.835 }, "geometry": { "type": "Point", "coordinates": [ -121.835, 38.649 ] } },
{ "type": "Feature", "properties": { "WCRNmbr": "WCR1976-000266", "PT_30ft": -104, "BlwThreshl": "Above", "Head": 32.1114, "lat": 38.663, "lon": -121.836 }, "geometry": { "type": "Point", "coordinates": [ -121.836, 38.663 ] } },
{ "type": "Feature", "properties": { "WCRNmbr": "WCR2001-001818", "PT_30ft": -291, "BlwThreshl": "Above", "Head": 36.7052, "lat": 38.65, "lon": -121.849 }, "geometry": { "type": "Point", "coordinates": [ -121.849, 38.65 ] } },
{ "type": "Feature", "properties": { "WCRNmbr": "WCR1994-003872", "PT_30ft": -56, "BlwThreshl": "Above", "Head": 36.7052, "lat": 38.653, "lon": -121.85 }, "geometry": { "type": "Point", "coordinates": [ -121.85, 38.653 ] } },
{ "type": "Feature", "properties": { "WCRNmbr": "WCR1987-004075", "PT_30ft": -54, "BlwThreshl": "Above", "Head": 34.4098, "lat": 38.658, "lon": -121.849 }, "geometry": { "type": "Point", "coordinates": [ -121.849, 38.658 ] } },
{ "type": "Feature", "properties": { "WCRNmbr": "WCR1986-007585", "PT_30ft": -26, "BlwThreshl": "Above", "Head": 37.5004, "lat": 38.66, "lon": -121.856 }, "geometry": { "type": "Point", "coordinates": [ -121.856, 38.66 ] } },
{ "type": "Feature", "properties": { "WCRNmbr": "WCR1977-001842", "PT_30ft": -163, "BlwThreshl": "Above", "Head": 38.4162, "lat": 38.663, "lon": -121.853 }, "geometry": { "type": "Point", "coordinates": [ -121.853, 38.663 ] } },
{ "type": "Feature", "properties": { "WCRNmbr": "WCR1976-000267", "PT_30ft": -148, "BlwThreshl": "Above", "Head": 34.954, "lat": 38.662, "lon": -121.84 }, "geometry": { "type": "Point", "coordinates": [ -121.84, 38.662 ] } },
{ "type": "Feature", "properties": { "WCRNmbr": "WCR1972-000210", "PT_30ft": -231, "BlwThreshl": "Above", "Head": 34.954, "lat": 38.663, "lon": -121.845 }, "geometry": { "type": "Point", "coordinates": [ -121.845, 38.663 ] } },
{ "type": "Feature", "properties": { "WCRNmbr": "WCR1972-000061", "PT_30ft": -213, "BlwThreshl": "Above", "Head": 34.954, "lat": 38.663, "lon": -121.843 }, "geometry": { "type": "Point", "coordinates": [ -121.843, 38.663 ] } },
{ "type": "Feature", "properties": { "WCRNmbr": "WCR2022-006912", "PT_30ft": -219, "BlwThreshl": "Above", "Head": 46.0735, "lat": 38.658, "lon": -121.868 }, "geometry": { "type": "Point", "coordinates": [ -121.868, 38.658 ] } },
{ "type": "Feature", "properties": { "WCRNmbr": "WCR2023-005581", "PT_30ft": -283, "BlwThreshl": "Above", "Head": 49.5659, "lat": 38.662, "lon": -121.869 }, "geometry": { "type": "Point", "coordinates": [ -121.869, 38.662 ] } },
{ "type": "Feature", "properties": { "WCRNmbr": "WCR2023-005010", "PT_30ft": -251, "BlwThreshl": "Above", "Head": 41.0608, "lat": 38.655, "lon": -121.864 }, "geometry": { "type": "Point", "coordinates": [ -121.864, 38.655 ] } },
{ "type": "Feature", "properties": { "WCRNmbr": "WCR2023-005454", "PT_30ft": -294, "BlwThreshl": "Above", "Head": 49.5659, "lat": 38.661, "lon": -121.869 }, "geometry": { "type": "Point", "coordinates": [ -121.869, 38.661 ] } },
{ "type": "Feature", "properties": { "WCRNmbr": "WCR2022-014016", "PT_30ft": -274, "BlwThreshl": "Above", "Head": 41.0608, "lat": 38.658, "lon": -121.866 }, "geometry": { "type": "Point", "coordinates": [ -121.866, 38.658 ] } },
{ "type": "Feature", "properties": { "WCRNmbr": "WCR2023-009724", "PT_30ft": -318, "BlwThreshl": "Above", "Head": 43.4907, "lat": 38.663, "lon": -121.865 }, "geometry": { "type": "Point", "coordinates": [ -121.865, 38.663 ] } },
{ "type": "Feature", "properties": { "WCRNmbr": "WCR2022-012507", "PT_30ft": -300, "BlwThreshl": "Above", "Head": 41.0608, "lat": 38.66, "lon": -121.865 }, "geometry": { "type": "Point", "coordinates": [ -121.865, 38.66 ] } },
{ "type": "Feature", "properties": { "WCRNmbr": "WCR2017-008187", "PT_30ft": -193, "BlwThreshl": "Above", "Head": 46.0735, "lat": 38.66, "lon": -121.871 }, "geometry": { "type": "Point", "coordinates": [ -121.871, 38.66 ] } },
{ "type": "Feature", "properties": { "WCRNmbr": "WCR2022-011676", "PT_30ft": -237, "BlwThreshl": "Above", "Head": 46.0735, "lat": 38.658, "lon": -121.868 }, "geometry": { "type": "Point", "coordinates": [ -121.868, 38.658 ] } },
{ "type": "Feature", "properties": { "WCRNmbr": "WCR2020-011374", "PT_30ft": -278, "BlwThreshl": "Above", "Head": 41.8909, "lat": 38.649, "lon": -121.873 }, "geometry": { "type": "Point", "coordinates": [ -121.873, 38.649 ] } },
{ "type": "Feature", "properties": { "WCRNmbr": "WCR2001-006058", "PT_30ft": -76, "BlwThreshl": "Above", "Head": 41.8909, "lat": 38.649, "lon": -121.871 }, "geometry": { "type": "Point", "coordinates": [ -121.871, 38.649 ] } },
{ "type": "Feature", "properties": { "WCRNmbr": "WCR1999-005784", "PT_30ft": -77, "BlwThreshl": "Above", "Head": 46.0735, "lat": 38.658, "lon": -121.869 }, "geometry": { "type": "Point", "coordinates": [ -121.869, 38.658 ] } },
{ "type": "Feature", "properties": { "WCRNmbr": "WCR2000-006821", "PT_30ft": -116, "BlwThreshl": "Above", "Head": 41.8909, "lat": 38.653, "lon": -121.868 }, "geometry": { "type": "Point", "coordinates": [ -121.868, 38.653 ] } },
{ "type": "Feature", "properties": { "WCRNmbr": "WCR2004-002517", "PT_30ft": -117, "BlwThreshl": "Above", "Head": 49.5659, "lat": 38.663, "lon": -121.871 }, "geometry": { "type": "Point", "coordinates": [ -121.871, 38.663 ] } },
{ "type": "Feature", "properties": { "WCRNmbr": "WCR2002-008371", "PT_30ft": -74, "BlwThreshl": "Above", "Head": 46.0735, "lat": 38.655, "lon": -121.869 }, "geometry": { "type": "Point", "coordinates": [ -121.869, 38.655 ] } },
{ "type": "Feature", "properties": { "WCRNmbr": "WCR2002-008619", "PT_30ft": -173, "BlwThreshl": "Above", "Head": 41.0608, "lat": 38.659, "lon": -121.86 }, "geometry": { "type": "Point", "coordinates": [ -121.86, 38.659 ] } },
{ "type": "Feature", "properties": { "WCRNmbr": "WCR2001-006509", "PT_30ft": -57, "BlwThreshl": "Above", "Head": 46.0735, "lat": 38.654, "lon": -121.871 }, "geometry": { "type": "Point", "coordinates": [ -121.871, 38.654 ] } },
{ "type": "Feature", "properties": { "WCRNmbr": "WCR2002-008500", "PT_30ft": -99, "BlwThreshl": "Above", "Head": 41.8909, "lat": 38.649, "lon": -121.869 }, "geometry": { "type": "Point", "coordinates": [ -121.869, 38.649 ] } },
{ "type": "Feature", "properties": { "WCRNmbr": "WCR2000-006830", "PT_30ft": -65, "BlwThreshl": "Above", "Head": 41.8909, "lat": 38.653, "lon": -121.871 }, "geometry": { "type": "Point", "coordinates": [ -121.871, 38.653 ] } },
{ "type": "Feature", "properties": { "WCRNmbr": "WCR1990-006914", "PT_30ft": -268, "BlwThreshl": "Above", "Head": 41.0608, "lat": 38.658, "lon": -121.865 }, "geometry": { "type": "Point", "coordinates": [ -121.865, 38.658 ] } },
{ "type": "Feature", "properties": { "WCRNmbr": "WCR1987-005341", "PT_30ft": -66, "BlwThreshl": "Above", "Head": 41.0608, "lat": 38.656, "lon": -121.862 }, "geometry": { "type": "Point", "coordinates": [ -121.862, 38.656 ] } },
{ "type": "Feature", "properties": { "WCRNmbr": "WCR1985-001097", "PT_30ft": -51, "BlwThreshl": "Above", "Head": 41.0608, "lat": 38.659, "lon": -121.866 }, "geometry": { "type": "Point", "coordinates": [ -121.866, 38.659 ] } },
{ "type": "Feature", "properties": { "WCRNmbr": "WCR1986-007584", "PT_30ft": -240, "BlwThreshl": "Above", "Head": 43.4907, "lat": 38.662, "lon": -121.86 }, "geometry": { "type": "Point", "coordinates": [ -121.86, 38.662 ] } },
{ "type": "Feature", "properties": { "WCRNmbr": "WCR1984-000382", "PT_30ft": -81, "BlwThreshl": "Above", "Head": 49.5659, "lat": 38.663, "lon": -121.872 }, "geometry": { "type": "Point", "coordinates": [ -121.872, 38.663 ] } },
{ "type": "Feature", "properties": { "WCRNmbr": "WCR1986-005807", "PT_30ft": -184, "BlwThreshl": "Above", "Head": 41.0608, "lat": 38.66, "lon": -121.863 }, "geometry": { "type": "Point", "coordinates": [ -121.863, 38.66 ] } },
{ "type": "Feature", "properties": { "WCRNmbr": "WCR1988-004161", "PT_30ft": -107, "BlwThreshl": "Above", "Head": 41.0608, "lat": 38.656, "lon": -121.864 }, "geometry": { "type": "Point", "coordinates": [ -121.864, 38.656 ] } },
{ "type": "Feature", "properties": { "WCRNmbr": "WCR1987-004072", "PT_30ft": -236, "BlwThreshl": "Above", "Head": 43.4907, "lat": 38.663, "lon": -121.861 }, "geometry": { "type": "Point", "coordinates": [ -121.861, 38.663 ] } },
{ "type": "Feature", "properties": { "WCRNmbr": "WCR1984-000726", "PT_30ft": -89, "BlwThreshl": "Above", "Head": 49.5659, "lat": 38.662, "lon": -121.87 }, "geometry": { "type": "Point", "coordinates": [ -121.87, 38.662 ] } },
{ "type": "Feature", "properties": { "WCRNmbr": "WCR1979-000781", "PT_30ft": -221, "BlwThreshl": "Above", "Head": 41.0608, "lat": 38.66, "lon": -121.859 }, "geometry": { "type": "Point", "coordinates": [ -121.859, 38.66 ] } },
{ "type": "Feature", "properties": { "WCRNmbr": "WCR1976-001489", "PT_30ft": -198, "BlwThreshl": "Above", "Head": 49.5659, "lat": 38.663, "lon": -121.869 }, "geometry": { "type": "Point", "coordinates": [ -121.869, 38.663 ] } },
{ "type": "Feature", "properties": { "WCRNmbr": "WCR1979-000782", "PT_30ft": -241, "BlwThreshl": "Above", "Head": 41.0608, "lat": 38.661, "lon": -121.859 }, "geometry": { "type": "Point", "coordinates": [ -121.859, 38.661 ] } },
{ "type": "Feature", "properties": { "WCRNmbr": "WCR1976-000249", "PT_30ft": -69, "BlwThreshl": "Above", "Head": 46.0735, "lat": 38.655, "lon": -121.867 }, "geometry": { "type": "Point", "coordinates": [ -121.867, 38.655 ] } },
{ "type": "Feature", "properties": { "WCRNmbr": "WCR1976-000258", "PT_30ft": -78, "BlwThreshl": "Above", "Head": 39.2724, "lat": 38.649, "lon": -121.867 }, "geometry": { "type": "Point", "coordinates": [ -121.867, 38.649 ] } },
{ "type": "Feature", "properties": { "WCRNmbr": "WCR1976-000264", "PT_30ft": -74, "BlwThreshl": "Above", "Head": 43.4907, "lat": 38.662, "lon": -121.866 }, "geometry": { "type": "Point", "coordinates": [ -121.866, 38.662 ] } },
{ "type": "Feature", "properties": { "WCRNmbr": "WCR1979-000549", "PT_30ft": -232, "BlwThreshl": "Above", "Head": 43.4907, "lat": 38.662, "lon": -121.866 }, "geometry": { "type": "Point", "coordinates": [ -121.866, 38.662 ] } },
{ "type": "Feature", "properties": { "WCRNmbr": "WCR1976-000257", "PT_30ft": -9, "BlwThreshl": "Above", "Head": 39.2724, "lat": 38.65, "lon": -121.865 }, "geometry": { "type": "Point", "coordinates": [ -121.865, 38.65 ] } },
{ "type": "Feature", "properties": { "WCRNmbr": "WCR1978-001726", "PT_30ft": -58, "BlwThreshl": "Above", "Head": 46.0735, "lat": 38.66, "lon": -121.869 }, "geometry": { "type": "Point", "coordinates": [ -121.869, 38.66 ] } },
{ "type": "Feature", "properties": { "WCRNmbr": "WCR1976-000250", "PT_30ft": -121, "BlwThreshl": "Above", "Head": 39.2724, "lat": 38.65, "lon": -121.859 }, "geometry": { "type": "Point", "coordinates": [ -121.859, 38.65 ] } },
{ "type": "Feature", "properties": { "WCRNmbr": "WCR1975-000590", "PT_30ft": -198, "BlwThreshl": "Above", "Head": 43.4907, "lat": 38.662, "lon": -121.864 }, "geometry": { "type": "Point", "coordinates": [ -121.864, 38.662 ] } },
{ "type": "Feature", "properties": { "WCRNmbr": "WCR1975-000182", "PT_30ft": 11, "BlwThreshl": "Above", "Head": 39.2724, "lat": 38.649, "lon": -121.864 }, "geometry": { "type": "Point", "coordinates": [ -121.864, 38.649 ] } },
{ "type": "Feature", "properties": { "WCRNmbr": "WCR1976-000242", "PT_30ft": -47, "BlwThreshl": "Above", "Head": 41.0608, "lat": 38.657, "lon": -121.865 }, "geometry": { "type": "Point", "coordinates": [ -121.865, 38.657 ] } },
{ "type": "Feature", "properties": { "WCRNmbr": "WCR1972-000122", "PT_30ft": -69, "BlwThreshl": "Above", "Head": 49.5659, "lat": 38.661, "lon": -121.867 }, "geometry": { "type": "Point", "coordinates": [ -121.867, 38.661 ] } },
{ "type": "Feature", "properties": { "WCRNmbr": "WCR1973-000331", "PT_30ft": 71, "BlwThreshl": "Below", "Head": 41.8909, "lat": 38.649, "lon": -121.874 }, "geometry": { "type": "Point", "coordinates": [ -121.874, 38.649 ] } },
{ "type": "Feature", "properties": { "WCRNmbr": "WCR1971-000112", "PT_30ft": -72, "BlwThreshl": "Above", "Head": 49.5659, "lat": 38.661, "lon": -121.869 }, "geometry": { "type": "Point", "coordinates": [ -121.869, 38.661 ] } },
{ "type": "Feature", "properties": { "WCRNmbr": "WCR2001-001803", "PT_30ft": -200, "BlwThreshl": "Above", "Head": 65.2043, "lat": 38.66, "lon": -121.892 }, "geometry": { "type": "Point", "coordinates": [ -121.892, 38.66 ] } },
{ "type": "Feature", "properties": { "WCRNmbr": "WCR1977-001839", "PT_30ft": -139, "BlwThreshl": "Above", "Head": 67.1634, "lat": 38.663, "lon": -121.889 }, "geometry": { "type": "Point", "coordinates": [ -121.889, 38.663 ] } },
{ "type": "Feature", "properties": { "WCRNmbr": "WCR1973-000322", "PT_30ft": -72, "BlwThreshl": "Above", "Head": 67.1634, "lat": 38.663, "lon": -121.892 }, "geometry": { "type": "Point", "coordinates": [ -121.892, 38.663 ] } },
{ "type": "Feature", "properties": { "WCRNmbr": "WCR2008-003251", "PT_30ft": -167, "BlwThreshl": "Above", "Head": 76.7838, "lat": 38.656, "lon": -121.906 }, "geometry": { "type": "Point", "coordinates": [ -121.906, 38.656 ] } },
{ "type": "Feature", "properties": { "WCRNmbr": "WCR2005-004015", "PT_30ft": -38, "BlwThreshl": "Above", "Head": 66.71, "lat": 38.638, "lon": -121.895 }, "geometry": { "type": "Point", "coordinates": [ -121.895, 38.638 ] } },
{ "type": "Feature", "properties": { "WCRNmbr": "WCR2005-005206", "PT_30ft": -117, "BlwThreshl": "Above", "Head": 66.71, "lat": 38.638, "lon": -121.895 }, "geometry": { "type": "Point", "coordinates": [ -121.895, 38.638 ] } },
{ "type": "Feature", "properties": { "WCRNmbr": "WCR1976-000259", "PT_30ft": -68, "BlwThreshl": "Above", "Head": 54.6312, "lat": 38.647, "lon": -121.877 }, "geometry": { "type": "Point", "coordinates": [ -121.877, 38.647 ] } },
{ "type": "Feature", "properties": { "WCRNmbr": "WCR2023-005114", "PT_30ft": -303, "BlwThreshl": "Above", "Head": 41.4203, "lat": 38.644, "lon": -121.872 }, "geometry": { "type": "Point", "coordinates": [ -121.872, 38.644 ] } },
{ "type": "Feature", "properties": { "WCRNmbr": "WCR2022-008009", "PT_30ft": -275, "BlwThreshl": "Above", "Head": 41.8909, "lat": 38.648, "lon": -121.875 }, "geometry": { "type": "Point", "coordinates": [ -121.875, 38.648 ] } },
{ "type": "Feature", "properties": { "WCRNmbr": "WCR1987-004067", "PT_30ft": -203, "BlwThreshl": "Above", "Head": 41.4203, "lat": 38.646, "lon": -121.871 }, "geometry": { "type": "Point", "coordinates": [ -121.871, 38.646 ] } },
{ "type": "Feature", "properties": { "WCRNmbr": "WCR1978-001731", "PT_30ft": -210, "BlwThreshl": "Above", "Head": 41.4203, "lat": 38.645, "lon": -121.873 }, "geometry": { "type": "Point", "coordinates": [ -121.873, 38.645 ] } },
{ "type": "Feature", "properties": { "WCRNmbr": "WCR1991-004179", "PT_30ft": -178, "BlwThreshl": "Above", "Head": 41.4203, "lat": 38.646, "lon": -121.875 }, "geometry": { "type": "Point", "coordinates": [ -121.875, 38.646 ] } },
{ "type": "Feature", "properties": { "WCRNmbr": "WCR1978-001821", "PT_30ft": -119, "BlwThreshl": "Above", "Head": 41.8909, "lat": 38.648, "lon": -121.873 }, "geometry": { "type": "Point", "coordinates": [ -121.873, 38.648 ] } },
{ "type": "Feature", "properties": { "WCRNmbr": "WCR1971-000385", "PT_30ft": -80, "BlwThreshl": "Above", "Head": 41.8909, "lat": 38.647, "lon": -121.874 }, "geometry": { "type": "Point", "coordinates": [ -121.874, 38.647 ] } },
{ "type": "Feature", "properties": { "WCRNmbr": "WCR2002-006619", "PT_30ft": -106, "BlwThreshl": "Above", "Head": 32.7443, "lat": 38.647, "lon": -121.838 }, "geometry": { "type": "Point", "coordinates": [ -121.838, 38.647 ] } },
{ "type": "Feature", "properties": { "WCRNmbr": "WCR1997-004667", "PT_30ft": -76, "BlwThreshl": "Above", "Head": 27.7158, "lat": 38.633, "lon": -121.811 }, "geometry": { "type": "Point", "coordinates": [ -121.811, 38.633 ] } },
{ "type": "Feature", "properties": { "WCRNmbr": "WCR2023-011621", "PT_30ft": -357, "BlwThreshl": "Above", "Head": 31.4078, "lat": 38.624, "lon": -121.823 }, "geometry": { "type": "Point", "coordinates": [ -121.823, 38.624 ] } },
{ "type": "Feature", "properties": { "WCRNmbr": "WCR2011-006691", "PT_30ft": -36, "BlwThreshl": "Above", "Head": 31.5889, "lat": 38.625, "lon": -121.826 }, "geometry": { "type": "Point", "coordinates": [ -121.826, 38.625 ] } },
{ "type": "Feature", "properties": { "WCRNmbr": "WCR2005-005242", "PT_30ft": -119, "BlwThreshl": "Above", "Head": 60.6616, "lat": 38.626, "lon": -121.891 }, "geometry": { "type": "Point", "coordinates": [ -121.891, 38.626 ] } },
{ "type": "Feature", "properties": { "WCRNmbr": "WCR2004-004633", "PT_30ft": -135, "BlwThreshl": "Above", "Head": 54.0485, "lat": 38.626, "lon": -121.877 }, "geometry": { "type": "Point", "coordinates": [ -121.877, 38.626 ] } },
{ "type": "Feature", "properties": { "WCRNmbr": "WCR2008-006309", "PT_30ft": -113, "BlwThreshl": "Above", "Head": 65.0515, "lat": 38.627, "lon": -121.897 }, "geometry": { "type": "Point", "coordinates": [ -121.897, 38.627 ] } },
{ "type": "Feature", "properties": { "WCRNmbr": "WCR1981-000019", "PT_30ft": -3, "BlwThreshl": "Above", "Head": 72.0765, "lat": 38.621, "lon": -121.916 }, "geometry": { "type": "Point", "coordinates": [ -121.916, 38.621 ] } },
{ "type": "Feature", "properties": { "WCRNmbr": "WCR2004-004625", "PT_30ft": -170, "BlwThreshl": "Above", "Head": 68.224, "lat": 38.613, "lon": -121.913 }, "geometry": { "type": "Point", "coordinates": [ -121.913, 38.613 ] } },
{ "type": "Feature", "properties": { "WCRNmbr": "WCR1976-001032", "PT_30ft": -10, "BlwThreshl": "Above", "Head": 68.3621, "lat": 38.62, "lon": -121.905 }, "geometry": { "type": "Point", "coordinates": [ -121.905, 38.62 ] } },
{ "type": "Feature", "properties": { "WCRNmbr": "WCR1996-003410", "PT_30ft": -56, "BlwThreshl": "Above", "Head": 39.4788, "lat": 38.605, "lon": -121.86 }, "geometry": { "type": "Point", "coordinates": [ -121.86, 38.605 ] } },
{ "type": "Feature", "properties": { "WCRNmbr": "WCR1979-001521", "PT_30ft": -122, "BlwThreshl": "Above", "Head": 34.1172, "lat": 38.607, "lon": -121.847 }, "geometry": { "type": "Point", "coordinates": [ -121.847, 38.607 ] } },
{ "type": "Feature", "properties": { "WCRNmbr": "WCR1990-012209", "PT_30ft": -1, "BlwThreshl": "Above", "Head": 26.6831, "lat": 38.606, "lon": -121.808 }, "geometry": { "type": "Point", "coordinates": [ -121.808, 38.606 ] } },
{ "type": "Feature", "properties": { "WCRNmbr": "WCR1996-002759", "PT_30ft": 5, "BlwThreshl": "Above", "Head": 41.204, "lat": 38.605, "lon": -121.806 }, "geometry": { "type": "Point", "coordinates": [ -121.806, 38.605 ] } },
{ "type": "Feature", "properties": { "WCRNmbr": "WCR1998-003734", "PT_30ft": -142, "BlwThreshl": "Above", "Head": 36.8792, "lat": 38.592, "lon": -121.85 }, "geometry": { "type": "Point", "coordinates": [ -121.85, 38.592 ] } },
{ "type": "Feature", "properties": { "WCRNmbr": "WCR1999-000615", "PT_30ft": -29, "BlwThreshl": "Above", "Head": 45.6283, "lat": 38.591, "lon": -121.868 }, "geometry": { "type": "Point", "coordinates": [ -121.868, 38.591 ] } },
{ "type": "Feature", "properties": { "WCRNmbr": "WCR1972-000052", "PT_30ft": 81, "BlwThreshl": "Below", "Head": 41.2278, "lat": 38.591, "lon": -121.864 }, "geometry": { "type": "Point", "coordinates": [ -121.864, 38.591 ] } },
{ "type": "Feature", "properties": { "WCRNmbr": "WCR2023-007233", "PT_30ft": -462, "BlwThreshl": "Above", "Head": 58.5993, "lat": 38.593, "lon": -121.877 }, "geometry": { "type": "Point", "coordinates": [ -121.877, 38.593 ] } },
{ "type": "Feature", "properties": { "WCRNmbr": "WCR1975-000201", "PT_30ft": 20, "BlwThreshl": "Above", "Head": 56.7134, "lat": 38.605, "lon": -121.878 }, "geometry": { "type": "Point", "coordinates": [ -121.878, 38.605 ] } },
{ "type": "Feature", "properties": { "WCRNmbr": "WCR1972-000392", "PT_30ft": 52, "BlwThreshl": "Above", "Head": 58.5993, "lat": 38.596, "lon": -121.879 }, "geometry": { "type": "Point", "coordinates": [ -121.879, 38.596 ] } },
{ "type": "Feature", "properties": { "WCRNmbr": "WCR1990-000880", "PT_30ft": -116, "BlwThreshl": "Above", "Head": 68.6059, "lat": 38.583, "lon": -121.905 }, "geometry": { "type": "Point", "coordinates": [ -121.905, 38.583 ] } },
{ "type": "Feature", "properties": { "WCRNmbr": "WCR1972-000328", "PT_30ft": 28, "BlwThreshl": "Above", "Head": 68.6033, "lat": 38.59, "lon": -121.912 }, "geometry": { "type": "Point", "coordinates": [ -121.912, 38.59 ] } },
{ "type": "Feature", "properties": { "WCRNmbr": "WCR2022-003572", "PT_30ft": -457, "BlwThreshl": "Above", "Head": 46.5263, "lat": 38.577, "lon": -121.873 }, "geometry": { "type": "Point", "coordinates": [ -121.873, 38.577 ] } },
{ "type": "Feature", "properties": { "WCRNmbr": "WCR2005-004076", "PT_30ft": -102, "BlwThreshl": "Above", "Head": 41.7596, "lat": 38.584, "lon": -121.864 }, "geometry": { "type": "Point", "coordinates": [ -121.864, 38.584 ] } },
{ "type": "Feature", "properties": { "WCRNmbr": "WCR1999-006108", "PT_30ft": -109, "BlwThreshl": "Above", "Head": 41.7596, "lat": 38.583, "lon": -121.864 }, "geometry": { "type": "Point", "coordinates": [ -121.864, 38.583 ] } },
{ "type": "Feature", "properties": { "WCRNmbr": "WCR1999-005833", "PT_30ft": -69, "BlwThreshl": "Above", "Head": 41.7596, "lat": 38.583, "lon": -121.867 }, "geometry": { "type": "Point", "coordinates": [ -121.867, 38.583 ] } },
{ "type": "Feature", "properties": { "WCRNmbr": "WCR1999-005855", "PT_30ft": -129, "BlwThreshl": "Above", "Head": 41.7596, "lat": 38.583, "lon": -121.863 }, "geometry": { "type": "Point", "coordinates": [ -121.863, 38.583 ] } },
{ "type": "Feature", "properties": { "WCRNmbr": "WCR1987-001803", "PT_30ft": 6, "BlwThreshl": "Above", "Head": 41.2278, "lat": 38.59, "lon": -121.863 }, "geometry": { "type": "Point", "coordinates": [ -121.863, 38.59 ] } },
{ "type": "Feature", "properties": { "WCRNmbr": "WCR1979-000715", "PT_30ft": -20, "BlwThreshl": "Above", "Head": 41.7596, "lat": 38.586, "lon": -121.861 }, "geometry": { "type": "Point", "coordinates": [ -121.861, 38.586 ] } },
{ "type": "Feature", "properties": { "WCRNmbr": "WCR1977-000188", "PT_30ft": -155, "BlwThreshl": "Above", "Head": 41.2278, "lat": 38.59, "lon": -121.863 }, "geometry": { "type": "Point", "coordinates": [ -121.863, 38.59 ] } },
{ "type": "Feature", "properties": { "WCRNmbr": "WCR1976-000371", "PT_30ft": -89, "BlwThreshl": "Above", "Head": 42.5472, "lat": 38.581, "lon": -121.86 }, "geometry": { "type": "Point", "coordinates": [ -121.86, 38.581 ] } },
{ "type": "Feature", "properties": { "WCRNmbr": "WCR1976-000951", "PT_30ft": -107, "BlwThreshl": "Above", "Head": 41.7596, "lat": 38.583, "lon": -121.86 }, "geometry": { "type": "Point", "coordinates": [ -121.86, 38.583 ] } },
{ "type": "Feature", "properties": { "WCRNmbr": "WCR1975-000354", "PT_30ft": -39, "BlwThreshl": "Above", "Head": 46.5263, "lat": 38.576, "lon": -121.874 }, "geometry": { "type": "Point", "coordinates": [ -121.874, 38.576 ] } },
{ "type": "Feature", "properties": { "WCRNmbr": "WCR1974-000062", "PT_30ft": -208, "BlwThreshl": "Above", "Head": 46.5263, "lat": 38.577, "lon": -121.874 }, "geometry": { "type": "Point", "coordinates": [ -121.874, 38.577 ] } },
{ "type": "Feature", "properties": { "WCRNmbr": "WCR2007-001904", "PT_30ft": -104, "BlwThreshl": "Above", "Head": 31.8322, "lat": 38.578, "lon": -121.848 }, "geometry": { "type": "Point", "coordinates": [ -121.848, 38.578 ] } },
{ "type": "Feature", "properties": { "WCRNmbr": "WCR2006-006907", "PT_30ft": -47, "BlwThreshl": "Above", "Head": 31.8322, "lat": 38.579, "lon": -121.84 }, "geometry": { "type": "Point", "coordinates": [ -121.84, 38.579 ] } },
{ "type": "Feature", "properties": { "WCRNmbr": "WCR1999-005851", "PT_30ft": -25, "BlwThreshl": "Above", "Head": 31.8322, "lat": 38.58, "lon": -121.846 }, "geometry": { "type": "Point", "coordinates": [ -121.846, 38.58 ] } },
{ "type": "Feature", "properties": { "WCRNmbr": "WCR1989-009681", "PT_30ft": -87, "BlwThreshl": "Above", "Head": 31.8322, "lat": 38.58, "lon": -121.844 }, "geometry": { "type": "Point", "coordinates": [ -121.844, 38.58 ] } },
{ "type": "Feature", "properties": { "WCRNmbr": "WCR1988-004183", "PT_30ft": -87, "BlwThreshl": "Above", "Head": 31.8322, "lat": 38.579, "lon": -121.841 }, "geometry": { "type": "Point", "coordinates": [ -121.841, 38.579 ] } },
{ "type": "Feature", "properties": { "WCRNmbr": "WCR1988-004187", "PT_30ft": -87, "BlwThreshl": "Above", "Head": 31.8322, "lat": 38.58, "lon": -121.844 }, "geometry": { "type": "Point", "coordinates": [ -121.844, 38.58 ] } },
{ "type": "Feature", "properties": { "WCRNmbr": "WCR1988-003408", "PT_30ft": -86, "BlwThreshl": "Above", "Head": 31.8322, "lat": 38.578, "lon": -121.847 }, "geometry": { "type": "Point", "coordinates": [ -121.847, 38.578 ] } },
{ "type": "Feature", "properties": { "WCRNmbr": "WCR1986-001330", "PT_30ft": -48, "BlwThreshl": "Above", "Head": 31.8322, "lat": 38.58, "lon": -121.841 }, "geometry": { "type": "Point", "coordinates": [ -121.841, 38.58 ] } },
{ "type": "Feature", "properties": { "WCRNmbr": "WCR1974-000443", "PT_30ft": -66, "BlwThreshl": "Above", "Head": 31.8322, "lat": 38.577, "lon": -121.845 }, "geometry": { "type": "Point", "coordinates": [ -121.845, 38.577 ] } },
{ "type": "Feature", "properties": { "WCRNmbr": "WCR1974-000392", "PT_30ft": -45, "BlwThreshl": "Above", "Head": 31.8322, "lat": 38.577, "lon": -121.841 }, "geometry": { "type": "Point", "coordinates": [ -121.841, 38.577 ] } },
{ "type": "Feature", "properties": { "WCRNmbr": "WCR2006-001370", "PT_30ft": -93, "BlwThreshl": "Above", "Head": 29.8063, "lat": 38.59, "lon": -121.834 }, "geometry": { "type": "Point", "coordinates": [ -121.834, 38.59 ] } },
{ "type": "Feature", "properties": { "WCRNmbr": "WCR2002-001184", "PT_30ft": -246, "BlwThreshl": "Above", "Head": 25.3241, "lat": 38.589, "lon": -121.813 }, "geometry": { "type": "Point", "coordinates": [ -121.813, 38.589 ] } },
{ "type": "Feature", "properties": { "WCRNmbr": "WCR2023-011768", "PT_30ft": -239, "BlwThreshl": "Above", "Head": 85.4274, "lat": 38.65, "lon": -121.944 }, "geometry": { "type": "Point", "coordinates": [ -121.944, 38.65 ] } },
{ "type": "Feature", "properties": { "WCRNmbr": "WCR2012-004523", "PT_30ft": -91, "BlwThreshl": "Above", "Head": 97.0292, "lat": 38.663, "lon": -121.943 }, "geometry": { "type": "Point", "coordinates": [ -121.943, 38.663 ] } },
{ "type": "Feature", "properties": { "WCRNmbr": "WCR1976-001344", "PT_30ft": -58, "BlwThreshl": "Above", "Head": 97.0292, "lat": 38.662, "lon": -121.942 }, "geometry": { "type": "Point", "coordinates": [ -121.942, 38.662 ] } },
{ "type": "Feature", "properties": { "WCRNmbr": "WCR1971-000627", "PT_30ft": 92, "BlwThreshl": "Above", "Head": 130.517, "lat": 38.659, "lon": -121.97 }, "geometry": { "type": "Point", "coordinates": [ -121.97, 38.659 ] } },
{ "type": "Feature", "properties": { "WCRNmbr": "WCR1970-000308", "PT_30ft": 88, "BlwThreshl": "Above", "Head": 130.517, "lat": 38.659, "lon": -121.97 }, "geometry": { "type": "Point", "coordinates": [ -121.97, 38.659 ] } },
{ "type": "Feature", "properties": { "WCRNmbr": "WCR2010-000509", "PT_30ft": -82, "BlwThreshl": "Above", "Head": 138.091, "lat": 38.658, "lon": -121.981 }, "geometry": { "type": "Point", "coordinates": [ -121.981, 38.658 ] } },
{ "type": "Feature", "properties": { "WCRNmbr": "WCR2009-001266", "PT_30ft": -430, "BlwThreshl": "Above", "Head": 151.128, "lat": 38.65, "lon": -121.994 }, "geometry": { "type": "Point", "coordinates": [ -121.994, 38.65 ] } },
{ "type": "Feature", "properties": { "WCRNmbr": "WCR1999-000645", "PT_30ft": -5, "BlwThreshl": "Above", "Head": 130.517, "lat": 38.661, "lon": -121.977 }, "geometry": { "type": "Point", "coordinates": [ -121.977, 38.661 ] } },
{ "type": "Feature", "properties": { "WCRNmbr": "WCR1990-002745", "PT_30ft": 118, "BlwThreshl": "NoData", "Head": null, "lat": 38.658, "lon": -121.973 }, "geometry": { "type": "Point", "coordinates": [ -121.973, 38.658 ] } },
{ "type": "Feature", "properties": { "WCRNmbr": "WCR1988-004975", "PT_30ft": 93, "BlwThreshl": "Above", "Head": 130.517, "lat": 38.659, "lon": -121.971 }, "geometry": { "type": "Point", "coordinates": [ -121.971, 38.659 ] } },
{ "type": "Feature", "properties": { "WCRNmbr": "WCR1975-000824", "PT_30ft": 105, "BlwThreshl": "Above", "Head": 130.517, "lat": 38.659, "lon": -121.971 }, "geometry": { "type": "Point", "coordinates": [ -121.971, 38.659 ] } },
{ "type": "Feature", "properties": { "WCRNmbr": "WCR1972-000046", "PT_30ft": 121, "BlwThreshl": "Above", "Head": 131.14, "lat": 38.657, "lon": -121.972 }, "geometry": { "type": "Point", "coordinates": [ -121.972, 38.657 ] } },
{ "type": "Feature", "properties": { "WCRNmbr": "WCR2009-000996", "PT_30ft": 40, "BlwThreshl": "Above", "Head": 151.868, "lat": 38.658, "lon": -121.999 }, "geometry": { "type": "Point", "coordinates": [ -121.999, 38.658 ] } },
{ "type": "Feature", "properties": { "WCRNmbr": "WCR2020-013882", "PT_30ft": -55, "BlwThreshl": "Above", "Head": 151.15, "lat": 38.636, "lon": -122.01 }, "geometry": { "type": "Point", "coordinates": [ -122.01, 38.636 ] } },
{ "type": "Feature", "properties": { "WCRNmbr": "WCR2019-012336", "PT_30ft": 111, "BlwThreshl": "Above", "Head": 153.364, "lat": 38.645, "lon": -122.024 }, "geometry": { "type": "Point", "coordinates": [ -122.024, 38.645 ] } },
{ "type": "Feature", "properties": { "WCRNmbr": "WCR1982-000049", "PT_30ft": 115, "BlwThreshl": "Above", "Head": 161.926, "lat": 38.635, "lon": -121.981 }, "geometry": { "type": "Point", "coordinates": [ -121.981, 38.635 ] } },
{ "type": "Feature", "properties": { "WCRNmbr": "WCR2017-010434", "PT_30ft": -43, "BlwThreshl": "Above", "Head": 83.0578, "lat": 38.636, "lon": -121.951 }, "geometry": { "type": "Point", "coordinates": [ -121.951, 38.636 ] } },
{ "type": "Feature", "properties": { "WCRNmbr": "WCR1996-002746", "PT_30ft": -86, "BlwThreshl": "Above", "Head": 83.2392, "lat": 38.642, "lon": -121.945 }, "geometry": { "type": "Point", "coordinates": [ -121.945, 38.642 ] } },
{ "type": "Feature", "properties": { "WCRNmbr": "WCR1972-000048", "PT_30ft": 41, "BlwThreshl": "Above", "Head": 72.0765, "lat": 38.621, "lon": -121.917 }, "geometry": { "type": "Point", "coordinates": [ -121.917, 38.621 ] } },
{ "type": "Feature", "properties": { "WCRNmbr": "WCR2018-012002", "PT_30ft": -360, "BlwThreshl": "Above", "Head": 110.389, "lat": 38.628, "lon": -121.969 }, "geometry": { "type": "Point", "coordinates": [ -121.969, 38.628 ] } },
{ "type": "Feature", "properties": { "WCRNmbr": "WCR2001-006048", "PT_30ft": -28, "BlwThreshl": "Above", "Head": 149.953, "lat": 38.632, "lon": -121.981 }, "geometry": { "type": "Point", "coordinates": [ -121.981, 38.632 ] } },
{ "type": "Feature", "properties": { "WCRNmbr": "WCR2022-012230", "PT_30ft": -235, "BlwThreshl": "Above", "Head": 110.389, "lat": 38.625, "lon": -121.972 }, "geometry": { "type": "Point", "coordinates": [ -121.972, 38.625 ] } },
{ "type": "Feature", "properties": { "WCRNmbr": "WCR1995-001405", "PT_30ft": -107, "BlwThreshl": "Above", "Head": 37.9734, "lat": 38.633, "lon": -121.863 }, "geometry": { "type": "Point", "coordinates": [ -121.863, 38.633 ] } },
{ "type": "Feature", "properties": { "WCRNmbr": "WCR2006-002469", "PT_30ft": 25, "BlwThreshl": "Above", "Head": 150.403, "lat": 38.635, "lon": -121.993 }, "geometry": { "type": "Point", "coordinates": [ -121.993, 38.635 ] } },
{ "type": "Feature", "properties": { "WCRNmbr": "WCR1987-001757", "PT_30ft": 38, "BlwThreshl": "Above", "Head": 150.72, "lat": 38.63, "lon": -122.011 }, "geometry": { "type": "Point", "coordinates": [ -122.011, 38.63 ] } },
{ "type": "Feature", "properties": { "WCRNmbr": "WCR1992-001961", "PT_30ft": 151, "BlwThreshl": "Below", "Head": 149.015, "lat": 38.617, "lon": -122.01 }, "geometry": { "type": "Point", "coordinates": [ -122.01, 38.617 ] } },
{ "type": "Feature", "properties": { "WCRNmbr": "WCR1999-000642", "PT_30ft": 94, "BlwThreshl": "Above", "Head": 145.365, "lat": 38.615, "lon": -121.987 }, "geometry": { "type": "Point", "coordinates": [ -121.987, 38.615 ] } },
{ "type": "Feature", "properties": { "WCRNmbr": "WCR1973-000445", "PT_30ft": 53, "BlwThreshl": "Above", "Head": 112.581, "lat": 38.61, "lon": -121.976 }, "geometry": { "type": "Point", "coordinates": [ -121.976, 38.61 ] } },
{ "type": "Feature", "properties": { "WCRNmbr": "WCR0162591", "PT_30ft": -32, "BlwThreshl": "Above", "Head": 113.463, "lat": 38.613, "lon": -121.971 }, "geometry": { "type": "Point", "coordinates": [ -121.971, 38.613 ] } },
{ "type": "Feature", "properties": { "WCRNmbr": "WCR2006-001367", "PT_30ft": -24, "BlwThreshl": "Above", "Head": 74.2714, "lat": 38.601, "lon": -121.924 }, "geometry": { "type": "Point", "coordinates": [ -121.924, 38.601 ] } },
{ "type": "Feature", "properties": { "WCRNmbr": "WCR2023-009829", "PT_30ft": -36, "BlwThreshl": "Above", "Head": 77.7827, "lat": 38.605, "lon": -121.936 }, "geometry": { "type": "Point", "coordinates": [ -121.936, 38.605 ] } },
{ "type": "Feature", "properties": { "WCRNmbr": "WCR1999-000617", "PT_30ft": -53, "BlwThreshl": "Above", "Head": 80.9439, "lat": 38.605, "lon": -121.943 }, "geometry": { "type": "Point", "coordinates": [ -121.943, 38.605 ] } },
{ "type": "Feature", "properties": { "WCRNmbr": "WCR2023-004153", "PT_30ft": -128, "BlwThreshl": "Above", "Head": 110.43, "lat": 38.599, "lon": -121.976 }, "geometry": { "type": "Point", "coordinates": [ -121.976, 38.599 ] } },
{ "type": "Feature", "properties": { "WCRNmbr": "WCR2018-012116", "PT_30ft": -125, "BlwThreshl": "Above", "Head": 110.43, "lat": 38.596, "lon": -121.972 }, "geometry": { "type": "Point", "coordinates": [ -121.972, 38.596 ] } },
{ "type": "Feature", "properties": { "WCRNmbr": "WCR2010-006733", "PT_30ft": 31, "BlwThreshl": "Above", "Head": 125.956, "lat": 38.6, "lon": -121.99 }, "geometry": { "type": "Point", "coordinates": [ -121.99, 38.6 ] } },
{ "type": "Feature", "properties": { "WCRNmbr": "WCR1998-001238", "PT_30ft": -27, "BlwThreshl": "Above", "Head": 108.387, "lat": 38.592, "lon": -121.975 }, "geometry": { "type": "Point", "coordinates": [ -121.975, 38.592 ] } },
{ "type": "Feature", "properties": { "WCRNmbr": "WCR2008-001099", "PT_30ft": 69, "BlwThreshl": "Above", "Head": 125.956, "lat": 38.603, "lon": -121.992 }, "geometry": { "type": "Point", "coordinates": [ -121.992, 38.603 ] } },
{ "type": "Feature", "properties": { "WCRNmbr": "WCR1998-001249", "PT_30ft": -90, "BlwThreshl": "Above", "Head": 124.831, "lat": 38.592, "lon": -122.003 }, "geometry": { "type": "Point", "coordinates": [ -122.003, 38.592 ] } },
{ "type": "Feature", "properties": { "WCRNmbr": "WCR1972-000378", "PT_30ft": 80, "BlwThreshl": "Above", "Head": 124.831, "lat": 38.59, "lon": -122.003 }, "geometry": { "type": "Point", "coordinates": [ -122.003, 38.59 ] } },
{ "type": "Feature", "properties": { "WCRNmbr": "WCR1981-000104", "PT_30ft": 14, "BlwThreshl": "Above", "Head": 106.311, "lat": 38.586, "lon": -121.976 }, "geometry": { "type": "Point", "coordinates": [ -121.976, 38.586 ] } },
{ "type": "Feature", "properties": { "WCRNmbr": "WCR2002-001093", "PT_30ft": -49, "BlwThreshl": "Above", "Head": 79.2239, "lat": 38.585, "lon": -121.934 }, "geometry": { "type": "Point", "coordinates": [ -121.934, 38.585 ] } },
{ "type": "Feature", "properties": { "WCRNmbr": "WCR1985-004116", "PT_30ft": 0, "BlwThreshl": "Above", "Head": 73.3542, "lat": 38.583, "lon": -121.923 }, "geometry": { "type": "Point", "coordinates": [ -121.923, 38.583 ] } },
{ "type": "Feature", "properties": { "WCRNmbr": "WCR1984-002542", "PT_30ft": -91, "BlwThreshl": "Above", "Head": 7.74832, "lat": 38.652, "lon": -121.761 }, "geometry": { "type": "Point", "coordinates": [ -121.761, 38.652 ] } },
{ "type": "Feature", "properties": { "WCRNmbr": "WCR1980-002516", "PT_30ft": -113, "BlwThreshl": "Above", "Head": 11.5212, "lat": 38.656, "lon": -121.766 }, "geometry": { "type": "Point", "coordinates": [ -121.766, 38.656 ] } },
{ "type": "Feature", "properties": { "WCRNmbr": "WCR1995-002782", "PT_30ft": -200, "BlwThreshl": "Above", "Head": 11.5212, "lat": 38.655, "lon": -121.774 }, "geometry": { "type": "Point", "coordinates": [ -121.774, 38.655 ] } },
{ "type": "Feature", "properties": { "WCRNmbr": "WCR1998-001239", "PT_30ft": -87, "BlwThreshl": "Above", "Head": 11.5212, "lat": 38.655, "lon": -121.771 }, "geometry": { "type": "Point", "coordinates": [ -121.771, 38.655 ] } },
{ "type": "Feature", "properties": { "WCRNmbr": "WCR1994-000948", "PT_30ft": -11, "BlwThreshl": "Above", "Head": 19.6375, "lat": 38.638, "lon": -121.785 }, "geometry": { "type": "Point", "coordinates": [ -121.785, 38.638 ] } },
{ "type": "Feature", "properties": { "WCRNmbr": "WCR1977-000174", "PT_30ft": -193, "BlwThreshl": "Above", "Head": 17.7133, "lat": 38.64, "lon": -121.791 }, "geometry": { "type": "Point", "coordinates": [ -121.791, 38.64 ] } },
{ "type": "Feature", "properties": { "WCRNmbr": "WCR1977-000278", "PT_30ft": -179, "BlwThreshl": "Above", "Head": 17.7133, "lat": 38.641, "lon": -121.785 }, "geometry": { "type": "Point", "coordinates": [ -121.785, 38.641 ] } },
{ "type": "Feature", "properties": { "WCRNmbr": "WCR2022-009557", "PT_30ft": -283, "BlwThreshl": "Above", "Head": 6.74805, "lat": 38.641, "lon": -121.762 }, "geometry": { "type": "Point", "coordinates": [ -121.762, 38.641 ] } },
{ "type": "Feature", "properties": { "WCRNmbr": "WCR1992-010476", "PT_30ft": -152, "BlwThreshl": "Above", "Head": 7.74832, "lat": 38.648, "lon": -121.763 }, "geometry": { "type": "Point", "coordinates": [ -121.763, 38.648 ] } },
{ "type": "Feature", "properties": { "WCRNmbr": "WCR1989-011241", "PT_30ft": -156, "BlwThreshl": "Above", "Head": 6.74805, "lat": 38.642, "lon": -121.765 }, "geometry": { "type": "Point", "coordinates": [ -121.765, 38.642 ] } },
{ "type": "Feature", "properties": { "WCRNmbr": "WCR0065726", "PT_30ft": -131, "BlwThreshl": "Above", "Head": 6.52279, "lat": 38.634, "lon": -121.766 }, "geometry": { "type": "Point", "coordinates": [ -121.766, 38.634 ] } },
{ "type": "Feature", "properties": { "WCRNmbr": "WCR2013-004558", "PT_30ft": -258, "BlwThreshl": "Above", "Head": -1.27633, "lat": 38.645, "lon": -121.713 }, "geometry": { "type": "Point", "coordinates": [ -121.713, 38.645 ] } },
{ "type": "Feature", "properties": { "WCRNmbr": "WCR1991-008152", "PT_30ft": -126, "BlwThreshl": "Above", "Head": 10.5047, "lat": 38.626, "lon": -121.768 }, "geometry": { "type": "Point", "coordinates": [ -121.768, 38.626 ] } },
{ "type": "Feature", "properties": { "WCRNmbr": "WCR1990-005245", "PT_30ft": -264, "BlwThreshl": "Above", "Head": 20.1172, "lat": 38.627, "lon": -121.785 }, "geometry": { "type": "Point", "coordinates": [ -121.785, 38.627 ] } },
{ "type": "Feature", "properties": { "WCRNmbr": "WCR1977-000189", "PT_30ft": -91, "BlwThreshl": "Above", "Head": 14.9062, "lat": 38.629, "lon": -121.784 }, "geometry": { "type": "Point", "coordinates": [ -121.784, 38.629 ] } },
{ "type": "Feature", "properties": { "WCRNmbr": "WCR1983-003701", "PT_30ft": -58, "BlwThreshl": "Above", "Head": 20.1172, "lat": 38.627, "lon": -121.786 }, "geometry": { "type": "Point", "coordinates": [ -121.786, 38.627 ] } },
{ "type": "Feature", "properties": { "WCRNmbr": "WCR2013-001929", "PT_30ft": -277, "BlwThreshl": "Above", "Head": 26.7028, "lat": 38.617, "lon": -121.801 }, "geometry": { "type": "Point", "coordinates": [ -121.801, 38.617 ] } },
{ "type": "Feature", "properties": { "WCRNmbr": "WCR1975-000329", "PT_30ft": -56, "BlwThreshl": "Above", "Head": 20.1751, "lat": 38.619, "lon": -121.787 }, "geometry": { "type": "Point", "coordinates": [ -121.787, 38.619 ] } },
{ "type": "Feature", "properties": { "WCRNmbr": "WCR2016-010253", "PT_30ft": -309, "BlwThreshl": "Above", "Head": 14.5688, "lat": 38.619, "lon": -121.784 }, "geometry": { "type": "Point", "coordinates": [ -121.784, 38.619 ] } },
{ "type": "Feature", "properties": { "WCRNmbr": "WCR1993-005975", "PT_30ft": -316, "BlwThreshl": "Above", "Head": 4.14356, "lat": 38.613, "lon": -121.763 }, "geometry": { "type": "Point", "coordinates": [ -121.763, 38.613 ] } },
{ "type": "Feature", "properties": { "WCRNmbr": "WCR1975-000023", "PT_30ft": -149, "BlwThreshl": "Above", "Head": 4.14356, "lat": 38.616, "lon": -121.761 }, "geometry": { "type": "Point", "coordinates": [ -121.761, 38.616 ] } },
{ "type": "Feature", "properties": { "WCRNmbr": "WCR2012-006347", "PT_30ft": -262, "BlwThreshl": "Above", "Head": -5.29599, "lat": 38.615, "lon": -121.732 }, "geometry": { "type": "Point", "coordinates": [ -121.732, 38.615 ] } },
{ "type": "Feature", "properties": { "WCRNmbr": "WCR2011-005732", "PT_30ft": -183, "BlwThreshl": "Above", "Head": -5.29599, "lat": 38.616, "lon": -121.732 }, "geometry": { "type": "Point", "coordinates": [ -121.732, 38.616 ] } },
{ "type": "Feature", "properties": { "WCRNmbr": "WCR1986-002736", "PT_30ft": -70, "BlwThreshl": "Above", "Head": -4.09477, "lat": 38.618, "lon": -121.73 }, "geometry": { "type": "Point", "coordinates": [ -121.73, 38.618 ] } },
{ "type": "Feature", "properties": { "WCRNmbr": "WCR1982-000416", "PT_30ft": -57, "BlwThreshl": "Above", "Head": -2.7995, "lat": 38.617, "lon": -121.739 }, "geometry": { "type": "Point", "coordinates": [ -121.739, 38.617 ] } },
{ "type": "Feature", "properties": { "WCRNmbr": "WCR1973-000150", "PT_30ft": -153, "BlwThreshl": "Above", "Head": -2.7995, "lat": 38.615, "lon": -121.738 }, "geometry": { "type": "Point", "coordinates": [ -121.738, 38.615 ] } },
{ "type": "Feature", "properties": { "WCRNmbr": "WCR2017-009769", "PT_30ft": -93, "BlwThreshl": "Above", "Head": -9.04947, "lat": 38.61, "lon": -121.712 }, "geometry": { "type": "Point", "coordinates": [ -121.712, 38.61 ] } },
{ "type": "Feature", "properties": { "WCRNmbr": "WCR1989-010447", "PT_30ft": -170, "BlwThreshl": "Above", "Head": -8.96257, "lat": 38.611, "lon": -121.712 }, "geometry": { "type": "Point", "coordinates": [ -121.712, 38.611 ] } },
{ "type": "Feature", "properties": { "WCRNmbr": "WCR2006-001374", "PT_30ft": -131, "BlwThreshl": "Above", "Head": -10.3928, "lat": 38.604, "lon": -121.709 }, "geometry": { "type": "Point", "coordinates": [ -121.709, 38.604 ] } },
{ "type": "Feature", "properties": { "WCRNmbr": "WCR1973-000276", "PT_30ft": -114, "BlwThreshl": "Above", "Head": 6.49207, "lat": 38.603, "lon": -121.766 }, "geometry": { "type": "Point", "coordinates": [ -121.766, 38.603 ] } },
{ "type": "Feature", "properties": { "WCRNmbr": "WCR2010-002148", "PT_30ft": -315, "BlwThreshl": "Above", "Head": 7.23123, "lat": 38.605, "lon": -121.77 }, "geometry": { "type": "Point", "coordinates": [ -121.77, 38.605 ] } },
{ "type": "Feature", "properties": { "WCRNmbr": "WCR1995-001626", "PT_30ft": -287, "BlwThreshl": "Above", "Head": 5.74364, "lat": 38.595, "lon": -121.772 }, "geometry": { "type": "Point", "coordinates": [ -121.772, 38.595 ] } },
{ "type": "Feature", "properties": { "WCRNmbr": "WCR1979-000716", "PT_30ft": -135, "BlwThreshl": "Above", "Head": 5.74364, "lat": 38.591, "lon": -121.77 }, "geometry": { "type": "Point", "coordinates": [ -121.77, 38.591 ] } },
{ "type": "Feature", "properties": { "WCRNmbr": "WCR2023-013524", "PT_30ft": -591, "BlwThreshl": "Above", "Head": 16.732, "lat": 38.599, "lon": -121.786 }, "geometry": { "type": "Point", "coordinates": [ -121.786, 38.599 ] } },
{ "type": "Feature", "properties": { "WCRNmbr": "WCR1970-000236", "PT_30ft": -100, "BlwThreshl": "Above", "Head": 15.6899, "lat": 38.594, "lon": -121.787 }, "geometry": { "type": "Point", "coordinates": [ -121.787, 38.594 ] } },
{ "type": "Feature", "properties": { "WCRNmbr": "WCR2007-001795", "PT_30ft": -117, "BlwThreshl": "Above", "Head": -1.98385, "lat": 38.581, "lon": -121.755 }, "geometry": { "type": "Point", "coordinates": [ -121.755, 38.581 ] } },
{ "type": "Feature", "properties": { "WCRNmbr": "WCR1988-002622", "PT_30ft": -135, "BlwThreshl": "Above", "Head": -1.98385, "lat": 38.576, "lon": -121.749 }, "geometry": { "type": "Point", "coordinates": [ -121.749, 38.576 ] } },
{ "type": "Feature", "properties": { "WCRNmbr": "WCR2006-007125", "PT_30ft": -161, "BlwThreshl": "Above", "Head": -8.67258, "lat": 38.584, "lon": -121.727 }, "geometry": { "type": "Point", "coordinates": [ -121.727, 38.584 ] } },
{ "type": "Feature", "properties": { "WCRNmbr": "WCR2000-003126", "PT_30ft": -133, "BlwThreshl": "Above", "Head": -6.60694, "lat": 38.59, "lon": -121.729 }, "geometry": { "type": "Point", "coordinates": [ -121.729, 38.59 ] } },
{ "type": "Feature", "properties": { "WCRNmbr": "WCR2002-006613", "PT_30ft": 10, "BlwThreshl": "Above", "Head": 180.484, "lat": 38.653, "lon": -122.04 }, "geometry": { "type": "Point", "coordinates": [ -122.04, 38.653 ] } },
{ "type": "Feature", "properties": { "WCRNmbr": "WCR2019-012553", "PT_30ft": 151, "BlwThreshl": "NoData", "Head": null, "lat": 38.649, "lon": -122.055 }, "geometry": { "type": "Point", "coordinates": [ -122.055, 38.649 ] } },
{ "type": "Feature", "properties": { "WCRNmbr": "WCR2020-004420", "PT_30ft": 218, "BlwThreshl": "Below", "Head": 194.485, "lat": 38.646, "lon": -122.04 }, "geometry": { "type": "Point", "coordinates": [ -122.04, 38.646 ] } },
{ "type": "Feature", "properties": { "WCRNmbr": "WCR0060175", "PT_30ft": -27, "BlwThreshl": "Above", "Head": 266.125, "lat": 38.639, "lon": -122.034 }, "geometry": { "type": "Point", "coordinates": [ -122.034, 38.639 ] } },
{ "type": "Feature", "properties": { "WCRNmbr": "WCR2003-001273", "PT_30ft": -287, "BlwThreshl": "Above", "Head": -9.80618, "lat": 38.577, "lon": -121.679 }, "geometry": { "type": "Point", "coordinates": [ -121.679, 38.577 ] } },
{ "type": "Feature", "properties": { "WCRNmbr": "WCR2002-002941", "PT_30ft": -179, "BlwThreshl": "Above", "Head": 21.0372, "lat": 38.715, "lon": -121.812 }, "geometry": { "type": "Point", "coordinates": [ -121.812, 38.715 ] } },
{ "type": "Feature", "properties": { "WCRNmbr": "WCR2002-001094", "PT_30ft": -146, "BlwThreshl": "Above", "Head": 22.4724, "lat": 38.715, "lon": -121.813 }, "geometry": { "type": "Point", "coordinates": [ -121.813, 38.715 ] } },
{ "type": "Feature", "properties": { "WCRNmbr": "WCR2001-006444", "PT_30ft": -93, "BlwThreshl": "Above", "Head": 22.4724, "lat": 38.713, "lon": -121.816 }, "geometry": { "type": "Point", "coordinates": [ -121.816, 38.713 ] } },
{ "type": "Feature", "properties": { "WCRNmbr": "WCR1992-003791", "PT_30ft": -133, "BlwThreshl": "Above", "Head": 22.4724, "lat": 38.717, "lon": -121.815 }, "geometry": { "type": "Point", "coordinates": [ -121.815, 38.717 ] } },
{ "type": "Feature", "properties": { "WCRNmbr": "WCR1979-000783", "PT_30ft": -63, "BlwThreshl": "Above", "Head": 19.5961, "lat": 38.721, "lon": -121.811 }, "geometry": { "type": "Point", "coordinates": [ -121.811, 38.721 ] } },
{ "type": "Feature", "properties": { "WCRNmbr": "WCR1979-000778", "PT_30ft": -149, "BlwThreshl": "Above", "Head": 21.0372, "lat": 38.714, "lon": -121.803 }, "geometry": { "type": "Point", "coordinates": [ -121.803, 38.714 ] } },
{ "type": "Feature", "properties": { "WCRNmbr": "WCR1972-000054", "PT_30ft": -58, "BlwThreshl": "Above", "Head": 22.4724, "lat": 38.718, "lon": -121.812 }, "geometry": { "type": "Point", "coordinates": [ -121.812, 38.718 ] } },
{ "type": "Feature", "properties": { "WCRNmbr": "WCR2023-011623", "PT_30ft": -77, "BlwThreshl": "Above", "Head": 44.605, "lat": 38.701, "lon": -121.831 }, "geometry": { "type": "Point", "coordinates": [ -121.831, 38.701 ] } },
{ "type": "Feature", "properties": { "WCRNmbr": "WCR2004-004615", "PT_30ft": -164, "BlwThreshl": "Above", "Head": 39.8473, "lat": 38.702, "lon": -121.822 }, "geometry": { "type": "Point", "coordinates": [ -121.822, 38.702 ] } },
{ "type": "Feature", "properties": { "WCRNmbr": "WCR1992-003312", "PT_30ft": -88, "BlwThreshl": "Above", "Head": 33.0958, "lat": 38.696, "lon": -121.821 }, "geometry": { "type": "Point", "coordinates": [ -121.821, 38.696 ] } },
{ "type": "Feature", "properties": { "WCRNmbr": "WCR1987-004069", "PT_30ft": -87, "BlwThreshl": "Above", "Head": 39.8514, "lat": 38.7, "lon": -121.829 }, "geometry": { "type": "Point", "coordinates": [ -121.829, 38.7 ] } },
{ "type": "Feature", "properties": { "WCRNmbr": "WCR1979-000547", "PT_30ft": -122, "BlwThreshl": "Above", "Head": 44.4989, "lat": 38.7, "lon": -121.831 }, "geometry": { "type": "Point", "coordinates": [ -121.831, 38.7 ] } },
{ "type": "Feature", "properties": { "WCRNmbr": "WCR1977-000362", "PT_30ft": -184, "BlwThreshl": "Above", "Head": 39.8473, "lat": 38.7, "lon": -121.829 }, "geometry": { "type": "Point", "coordinates": [ -121.829, 38.7 ] } },
{ "type": "Feature", "properties": { "WCRNmbr": "WCR1977-001828", "PT_30ft": -127, "BlwThreshl": "Above", "Head": 44.4989, "lat": 38.7, "lon": -121.831 }, "geometry": { "type": "Point", "coordinates": [ -121.831, 38.7 ] } },
{ "type": "Feature", "properties": { "WCRNmbr": "WCR1970-000225", "PT_30ft": -57, "BlwThreshl": "Above", "Head": 33.0958, "lat": 38.696, "lon": -121.825 }, "geometry": { "type": "Point", "coordinates": [ -121.825, 38.696 ] } },
{ "type": "Feature", "properties": { "WCRNmbr": "WCR2023-002618", "PT_30ft": -187, "BlwThreshl": "Above", "Head": 27.9873, "lat": 38.697, "lon": -121.816 }, "geometry": { "type": "Point", "coordinates": [ -121.816, 38.697 ] } },
{ "type": "Feature", "properties": { "WCRNmbr": "WCR1976-000981", "PT_30ft": -113, "BlwThreshl": "Above", "Head": 30.2173, "lat": 38.702, "lon": -121.812 }, "geometry": { "type": "Point", "coordinates": [ -121.812, 38.702 ] } },
{ "type": "Feature", "properties": { "WCRNmbr": "WCR1976-000968", "PT_30ft": -138, "BlwThreshl": "Above", "Head": 21.6384, "lat": 38.698, "lon": -121.803 }, "geometry": { "type": "Point", "coordinates": [ -121.803, 38.698 ] } },
{ "type": "Feature", "properties": { "WCRNmbr": "WCR2017-007631", "PT_30ft": -173, "BlwThreshl": "Above", "Head": 24.6202, "lat": 38.678, "lon": -121.809 }, "geometry": { "type": "Point", "coordinates": [ -121.809, 38.678 ] } },
{ "type": "Feature", "properties": { "WCRNmbr": "WCR0131568", "PT_30ft": -92, "BlwThreshl": "Above", "Head": 27.1321, "lat": 38.679, "lon": -121.82 }, "geometry": { "type": "Point", "coordinates": [ -121.82, 38.679 ] } },
{ "type": "Feature", "properties": { "WCRNmbr": "WCR2000-001254", "PT_30ft": -71, "BlwThreshl": "Above", "Head": 27.6049, "lat": 38.683, "lon": -121.821 }, "geometry": { "type": "Point", "coordinates": [ -121.821, 38.683 ] } },
{ "type": "Feature", "properties": { "WCRNmbr": "WCR1989-006339", "PT_30ft": -75, "BlwThreshl": "Above", "Head": 27.6049, "lat": 38.685, "lon": -121.821 }, "geometry": { "type": "Point", "coordinates": [ -121.821, 38.685 ] } },
{ "type": "Feature", "properties": { "WCRNmbr": "WCR0209630", "PT_30ft": -113, "BlwThreshl": "Above", "Head": 27.6049, "lat": 38.685, "lon": -121.821 }, "geometry": { "type": "Point", "coordinates": [ -121.821, 38.685 ] } },
{ "type": "Feature", "properties": { "WCRNmbr": "WCR1992-007570", "PT_30ft": -116, "BlwThreshl": "Above", "Head": 27.1321, "lat": 38.682, "lon": -121.821 }, "geometry": { "type": "Point", "coordinates": [ -121.821, 38.682 ] } },
{ "type": "Feature", "properties": { "WCRNmbr": "WCR1984-000152", "PT_30ft": -136, "BlwThreshl": "Above", "Head": 27.6201, "lat": 38.684, "lon": -121.821 }, "geometry": { "type": "Point", "coordinates": [ -121.821, 38.684 ] } },
{ "type": "Feature", "properties": { "WCRNmbr": "WCR1979-000784", "PT_30ft": -135, "BlwThreshl": "Above", "Head": 27.1321, "lat": 38.679, "lon": -121.821 }, "geometry": { "type": "Point", "coordinates": [ -121.821, 38.679 ] } },
{ "type": "Feature", "properties": { "WCRNmbr": "WCR1980-002418", "PT_30ft": -132, "BlwThreshl": "Above", "Head": 27.1321, "lat": 38.68, "lon": -121.82 }, "geometry": { "type": "Point", "coordinates": [ -121.82, 38.68 ] } },
{ "type": "Feature", "properties": { "WCRNmbr": "WCR1978-001732", "PT_30ft": -138, "BlwThreshl": "Above", "Head": 27.2151, "lat": 38.678, "lon": -121.819 }, "geometry": { "type": "Point", "coordinates": [ -121.819, 38.678 ] } },
{ "type": "Feature", "properties": { "WCRNmbr": "WCR1976-000256", "PT_30ft": -94, "BlwThreshl": "Above", "Head": 27.1321, "lat": 38.678, "lon": -121.82 }, "geometry": { "type": "Point", "coordinates": [ -121.82, 38.678 ] } },
{ "type": "Feature", "properties": { "WCRNmbr": "WCR1972-000713", "PT_30ft": -136, "BlwThreshl": "Above", "Head": 24.6439, "lat": 38.681, "lon": -121.81 }, "geometry": { "type": "Point", "coordinates": [ -121.81, 38.681 ] } },
{ "type": "Feature", "properties": { "WCRNmbr": "WCR1971-000404", "PT_30ft": -87, "BlwThreshl": "Above", "Head": 27.1321, "lat": 38.679, "lon": -121.821 }, "geometry": { "type": "Point", "coordinates": [ -121.821, 38.679 ] } },
{ "type": "Feature", "properties": { "WCRNmbr": "WCR2024-001160", "PT_30ft": -166, "BlwThreshl": "Above", "Head": 31.0339, "lat": 38.687, "lon": -121.822 }, "geometry": { "type": "Point", "coordinates": [ -121.822, 38.687 ] } },
{ "type": "Feature", "properties": { "WCRNmbr": "WCR2023-012815", "PT_30ft": -55, "BlwThreshl": "Above", "Head": 39.5582, "lat": 38.683, "lon": -121.84 }, "geometry": { "type": "Point", "coordinates": [ -121.84, 38.683 ] } },
{ "type": "Feature", "properties": { "WCRNmbr": "WCR2022-005248", "PT_30ft": -206, "BlwThreshl": "Above", "Head": 31.0339, "lat": 38.686, "lon": -121.821 }, "geometry": { "type": "Point", "coordinates": [ -121.821, 38.686 ] } },
{ "type": "Feature", "properties": { "WCRNmbr": "WCR2015-006088", "PT_30ft": -292, "BlwThreshl": "Above", "Head": 35.116, "lat": 38.687, "lon": -121.837 }, "geometry": { "type": "Point", "coordinates": [ -121.837, 38.687 ] } },
{ "type": "Feature", "properties": { "WCRNmbr": "WCR2002-008423", "PT_30ft": -75, "BlwThreshl": "Above", "Head": 33.0958, "lat": 38.69, "lon": -121.83 }, "geometry": { "type": "Point", "coordinates": [ -121.83, 38.69 ] } },
{ "type": "Feature", "properties": { "WCRNmbr": "WCR2001-001810", "PT_30ft": -66, "BlwThreshl": "Above", "Head": 31.0597, "lat": 38.686, "lon": -121.822 }, "geometry": { "type": "Point", "coordinates": [ -121.822, 38.686 ] } },
{ "type": "Feature", "properties": { "WCRNmbr": "WCR1996-001559", "PT_30ft": -94, "BlwThreshl": "Above", "Head": 31.0597, "lat": 38.685, "lon": -121.824 }, "geometry": { "type": "Point", "coordinates": [ -121.824, 38.685 ] } },
{ "type": "Feature", "properties": { "WCRNmbr": "WCR1980-002420", "PT_30ft": -81, "BlwThreshl": "Above", "Head": 39.9696, "lat": 38.692, "lon": -121.837 }, "geometry": { "type": "Point", "coordinates": [ -121.837, 38.692 ] } },
{ "type": "Feature", "properties": { "WCRNmbr": "WCR1977-001055", "PT_30ft": -236, "BlwThreshl": "Above", "Head": 39.8371, "lat": 38.692, "lon": -121.835 }, "geometry": { "type": "Point", "coordinates": [ -121.835, 38.692 ] } },
{ "type": "Feature", "properties": { "WCRNmbr": "WCR1977-001837", "PT_30ft": -165, "BlwThreshl": "Above", "Head": 32.9953, "lat": 38.681, "lon": -121.831 }, "geometry": { "type": "Point", "coordinates": [ -121.831, 38.681 ] } },
{ "type": "Feature", "properties": { "WCRNmbr": "WCR1977-001814", "PT_30ft": -119, "BlwThreshl": "Above", "Head": 33.0958, "lat": 38.69, "lon": -121.83 }, "geometry": { "type": "Point", "coordinates": [ -121.83, 38.69 ] } },
{ "type": "Feature", "properties": { "WCRNmbr": "WCR1977-000275", "PT_30ft": -116, "BlwThreshl": "Above", "Head": 30.0028, "lat": 38.679, "lon": -121.828 }, "geometry": { "type": "Point", "coordinates": [ -121.828, 38.679 ] } },
{ "type": "Feature", "properties": { "WCRNmbr": "WCR1977-000369", "PT_30ft": -149, "BlwThreshl": "Above", "Head": 35.116, "lat": 38.689, "lon": -121.839 }, "geometry": { "type": "Point", "coordinates": [ -121.839, 38.689 ] } },
{ "type": "Feature", "properties": { "WCRNmbr": "WCR1976-000237", "PT_30ft": -58, "BlwThreshl": "Above", "Head": 33.0958, "lat": 38.692, "lon": -121.826 }, "geometry": { "type": "Point", "coordinates": [ -121.826, 38.692 ] } },
{ "type": "Feature", "properties": { "WCRNmbr": "WCR1973-000330", "PT_30ft": -57, "BlwThreshl": "Above", "Head": 31.0597, "lat": 38.686, "lon": -121.822 }, "geometry": { "type": "Point", "coordinates": [ -121.822, 38.686 ] } },
{ "type": "Feature", "properties": { "WCRNmbr": "WCR1973-000449", "PT_30ft": -80, "BlwThreshl": "Above", "Head": 33.0958, "lat": 38.692, "lon": -121.83 }, "geometry": { "type": "Point", "coordinates": [ -121.83, 38.692 ] } },
{ "type": "Feature", "properties": { "WCRNmbr": "WCR1976-000980", "PT_30ft": -63, "BlwThreshl": "Above", "Head": 36.2114, "lat": 38.681, "lon": -121.841 }, "geometry": { "type": "Point", "coordinates": [ -121.841, 38.681 ] } },
{ "type": "Feature", "properties": { "WCRNmbr": "WCR1976-000260", "PT_30ft": -53, "BlwThreshl": "Above", "Head": 39.5582, "lat": 38.685, "lon": -121.84 }, "geometry": { "type": "Point", "coordinates": [ -121.84, 38.685 ] } },
{ "type": "Feature", "properties": { "WCRNmbr": "WCR2022-010376", "PT_30ft": -265, "BlwThreshl": "Above", "Head": 80.0217, "lat": 38.664, "lon": -121.908 }, "geometry": { "type": "Point", "coordinates": [ -121.908, 38.664 ] } },
{ "type": "Feature", "properties": { "WCRNmbr": "WCR2002-002208", "PT_30ft": -93, "BlwThreshl": "Above", "Head": 85.0356, "lat": 38.674, "lon": -121.904 }, "geometry": { "type": "Point", "coordinates": [ -121.904, 38.674 ] } },
{ "type": "Feature", "properties": { "WCRNmbr": "WCR2004-004237", "PT_30ft": -210, "BlwThreshl": "Above", "Head": 59.9102, "lat": 38.67, "lon": -121.88 }, "geometry": { "type": "Point", "coordinates": [ -121.88, 38.67 ] } },
{ "type": "Feature", "properties": { "WCRNmbr": "WCR2002-008373", "PT_30ft": -79, "BlwThreshl": "Above", "Head": 58.0146, "lat": 38.668, "lon": -121.881 }, "geometry": { "type": "Point", "coordinates": [ -121.881, 38.668 ] } },
{ "type": "Feature", "properties": { "WCRNmbr": "WCR2002-008621", "PT_30ft": -79, "BlwThreshl": "Above", "Head": 58.0146, "lat": 38.664, "lon": -121.882 }, "geometry": { "type": "Point", "coordinates": [ -121.882, 38.664 ] } },
{ "type": "Feature", "properties": { "WCRNmbr": "WCR2004-005631", "PT_30ft": -305, "BlwThreshl": "Above", "Head": 59.9102, "lat": 38.671, "lon": -121.877 }, "geometry": { "type": "Point", "coordinates": [ -121.877, 38.671 ] } },
{ "type": "Feature", "properties": { "WCRNmbr": "WCR2002-001145", "PT_30ft": -57, "BlwThreshl": "Above", "Head": 58.0146, "lat": 38.668, "lon": -121.88 }, "geometry": { "type": "Point", "coordinates": [ -121.88, 38.668 ] } },
{ "type": "Feature", "properties": { "WCRNmbr": "WCR2002-001147", "PT_30ft": -60, "BlwThreshl": "Above", "Head": 58.0146, "lat": 38.664, "lon": -121.882 }, "geometry": { "type": "Point", "coordinates": [ -121.882, 38.664 ] } },
{ "type": "Feature", "properties": { "WCRNmbr": "WCR2000-006364", "PT_30ft": -92, "BlwThreshl": "Above", "Head": 59.9102, "lat": 38.671, "lon": -121.879 }, "geometry": { "type": "Point", "coordinates": [ -121.879, 38.671 ] } },
{ "type": "Feature", "properties": { "WCRNmbr": "WCR1976-001331", "PT_30ft": -75, "BlwThreshl": "Above", "Head": 58.0146, "lat": 38.664, "lon": -121.878 }, "geometry": { "type": "Point", "coordinates": [ -121.878, 38.664 ] } },
{ "type": "Feature", "properties": { "WCRNmbr": "WCR1974-000386", "PT_30ft": -87, "BlwThreshl": "Above", "Head": 58.0146, "lat": 38.668, "lon": -121.878 }, "geometry": { "type": "Point", "coordinates": [ -121.878, 38.668 ] } },
{ "type": "Feature", "properties": { "WCRNmbr": "WCR1976-001068", "PT_30ft": -143, "BlwThreshl": "Above", "Head": 59.9102, "lat": 38.67, "lon": -121.878 }, "geometry": { "type": "Point", "coordinates": [ -121.878, 38.67 ] } },
{ "type": "Feature", "properties": { "WCRNmbr": "WCR1970-000313", "PT_30ft": -90, "BlwThreshl": "Above", "Head": 59.9102, "lat": 38.67, "lon": -121.879 }, "geometry": { "type": "Point", "coordinates": [ -121.879, 38.67 ] } },
{ "type": "Feature", "properties": { "WCRNmbr": "WCR2023-010451", "PT_30ft": -311, "BlwThreshl": "Above", "Head": 49.5659, "lat": 38.664, "lon": -121.874 }, "geometry": { "type": "Point", "coordinates": [ -121.874, 38.664 ] } },
{ "type": "Feature", "properties": { "WCRNmbr": "WCR2023-005132", "PT_30ft": -342, "BlwThreshl": "Above", "Head": 43.4907, "lat": 38.664, "lon": -121.861 }, "geometry": { "type": "Point", "coordinates": [ -121.861, 38.664 ] } },
{ "type": "Feature", "properties": { "WCRNmbr": "WCR2021-013373", "PT_30ft": -328, "BlwThreshl": "Above", "Head": 45.9327, "lat": 38.674, "lon": -121.861 }, "geometry": { "type": "Point", "coordinates": [ -121.861, 38.674 ] } },
{ "type": "Feature", "properties": { "WCRNmbr": "WCR2022-012472", "PT_30ft": -276, "BlwThreshl": "Above", "Head": 43.4907, "lat": 38.664, "lon": -121.864 }, "geometry": { "type": "Point", "coordinates": [ -121.864, 38.664 ] } },
{ "type": "Feature", "properties": { "WCRNmbr": "WCR2024-000474", "PT_30ft": -273, "BlwThreshl": "Above", "Head": 52.3217, "lat": 38.674, "lon": -121.868 }, "geometry": { "type": "Point", "coordinates": [ -121.868, 38.674 ] } },
{ "type": "Feature", "properties": { "WCRNmbr": "WCR2024-000476", "PT_30ft": -315, "BlwThreshl": "Above", "Head": 54.196, "lat": 38.676, "lon": -121.867 }, "geometry": { "type": "Point", "coordinates": [ -121.867, 38.676 ] } },
{ "type": "Feature", "properties": { "WCRNmbr": "WCR2022-013422", "PT_30ft": -262, "BlwThreshl": "Above", "Head": 43.4907, "lat": 38.665, "lon": -121.866 }, "geometry": { "type": "Point", "coordinates": [ -121.866, 38.665 ] } },
{ "type": "Feature", "properties": { "WCRNmbr": "WCR2023-004994", "PT_30ft": -312, "BlwThreshl": "Above", "Head": 46.0735, "lat": 38.657, "lon": -121.869 }, "geometry": { "type": "Point", "coordinates": [ -121.869, 38.657 ] } },
{ "type": "Feature", "properties": { "WCRNmbr": "WCR2015-004442", "PT_30ft": -305, "BlwThreshl": "Above", "Head": 49.5659, "lat": 38.664, "lon": -121.874 }, "geometry": { "type": "Point", "coordinates": [ -121.874, 38.664 ] } },
{ "type": "Feature", "properties": { "WCRNmbr": "WCR2022-008464", "PT_30ft": -296, "BlwThreshl": "Above", "Head": 48.6772, "lat": 38.676, "lon": -121.866 }, "geometry": { "type": "Point", "coordinates": [ -121.866, 38.676 ] } },
{ "type": "Feature", "properties": { "WCRNmbr": "WCR2023-009546", "PT_30ft": -329, "BlwThreshl": "Above", "Head": 45.9327, "lat": 38.672, "lon": -121.859 }, "geometry": { "type": "Point", "coordinates": [ -121.859, 38.672 ] } },
{ "type": "Feature", "properties": { "WCRNmbr": "WCR2016-013397", "PT_30ft": -320, "BlwThreshl": "Above", "Head": 43.4907, "lat": 38.668, "lon": -121.859 }, "geometry": { "type": "Point", "coordinates": [ -121.859, 38.668 ] } },
{ "type": "Feature", "properties": { "WCRNmbr": "WCR2016-008931", "PT_30ft": -211, "BlwThreshl": "Above", "Head": 43.4907, "lat": 38.665, "lon": -121.865 }, "geometry": { "type": "Point", "coordinates": [ -121.865, 38.665 ] } },
{ "type": "Feature", "properties": { "WCRNmbr": "WCR2023-004432", "PT_30ft": -333, "BlwThreshl": "Above", "Head": 45.9327, "lat": 38.671, "lon": -121.859 }, "geometry": { "type": "Point", "coordinates": [ -121.859, 38.671 ] } },
{ "type": "Feature", "properties": { "WCRNmbr": "WCR2002-008674", "PT_30ft": -115, "BlwThreshl": "Above", "Head": 52.3217, "lat": 38.674, "lon": -121.868 }, "geometry": { "type": "Point", "coordinates": [ -121.868, 38.674 ] } },
{ "type": "Feature", "properties": { "WCRNmbr": "WCR2001-006826", "PT_30ft": -134, "BlwThreshl": "Above", "Head": 48.6772, "lat": 38.677, "lon": -121.861 }, "geometry": { "type": "Point", "coordinates": [ -121.861, 38.677 ] } },
{ "type": "Feature", "properties": { "WCRNmbr": "WCR2009-000993", "PT_30ft": -78, "BlwThreshl": "Above", "Head": 49.5659, "lat": 38.667, "lon": -121.874 }, "geometry": { "type": "Point", "coordinates": [ -121.874, 38.667 ] } },
{ "type": "Feature", "properties": { "WCRNmbr": "WCR2001-006440", "PT_30ft": -93, "BlwThreshl": "Above", "Head": 48.6772, "lat": 38.678, "lon": -121.859 }, "geometry": { "type": "Point", "coordinates": [ -121.859, 38.678 ] } },
{ "type": "Feature", "properties": { "WCRNmbr": "WCR2009-005700", "PT_30ft": -189, "BlwThreshl": "Above", "Head": 49.5659, "lat": 38.664, "lon": -121.876 }, "geometry": { "type": "Point", "coordinates": [ -121.876, 38.664 ] } },
{ "type": "Feature", "properties": { "WCRNmbr": "WCR2002-008426", "PT_30ft": -176, "BlwThreshl": "Above", "Head": 48.6772, "lat": 38.677, "lon": -121.866 }, "geometry": { "type": "Point", "coordinates": [ -121.866, 38.677 ] } },
{ "type": "Feature", "properties": { "WCRNmbr": "WCR2016-012026", "PT_30ft": -290, "BlwThreshl": "Above", "Head": 45.9327, "lat": 38.672, "lon": -121.858 }, "geometry": { "type": "Point", "coordinates": [ -121.858, 38.672 ] } },
{ "type": "Feature", "properties": { "WCRNmbr": "WCR1998-005247", "PT_30ft": -149, "BlwThreshl": "Above", "Head": 48.0355, "lat": 38.572, "lon": -121.873 }, "geometry": { "type": "Point", "coordinates": [ -121.873, 38.572 ] } },
{ "type": "Feature", "properties": { "WCRNmbr": "WCR1998-001040", "PT_30ft": -56, "BlwThreshl": "Above", "Head": 52.3217, "lat": 38.675, "lon": -121.869 }, "geometry": { "type": "Point", "coordinates": [ -121.869, 38.675 ] } },
{ "type": "Feature", "properties": { "WCRNmbr": "WCR1996-003151", "PT_30ft": -176, "BlwThreshl": "Above", "Head": 48.6772, "lat": 38.677, "lon": -121.865 }, "geometry": { "type": "Point", "coordinates": [ -121.865, 38.677 ] } },
{ "type": "Feature", "properties": { "WCRNmbr": "WCR1994-003977", "PT_30ft": -118, "BlwThreshl": "Above", "Head": 49.5659, "lat": 38.666, "lon": -121.87 }, "geometry": { "type": "Point", "coordinates": [ -121.87, 38.666 ] } },
{ "type": "Feature", "properties": { "WCRNmbr": "WCR1996-003425", "PT_30ft": -97, "BlwThreshl": "Above", "Head": 45.9327, "lat": 38.668, "lon": -121.862 }, "geometry": { "type": "Point", "coordinates": [ -121.862, 38.668 ] } },
{ "type": "Feature", "properties": { "WCRNmbr": "WCR1991-002600", "PT_30ft": -224, "BlwThreshl": "Above", "Head": 43.4907, "lat": 38.664, "lon": -121.859 }, "geometry": { "type": "Point", "coordinates": [ -121.859, 38.664 ] } },
{ "type": "Feature", "properties": { "WCRNmbr": "WCR1990-006913", "PT_30ft": -183, "BlwThreshl": "Above", "Head": 49.5659, "lat": 38.664, "lon": -121.87 }, "geometry": { "type": "Point", "coordinates": [ -121.87, 38.664 ] } },
{ "type": "Feature", "properties": { "WCRNmbr": "WCR1992-004599", "PT_30ft": -135, "BlwThreshl": "Above", "Head": 52.3217, "lat": 38.675, "lon": -121.869 }, "geometry": { "type": "Point", "coordinates": [ -121.869, 38.675 ] } },
{ "type": "Feature", "properties": { "WCRNmbr": "WCR1983-003688", "PT_30ft": -74, "BlwThreshl": "Above", "Head": 45.9327, "lat": 38.672, "lon": -121.866 }, "geometry": { "type": "Point", "coordinates": [ -121.866, 38.672 ] } },
{ "type": "Feature", "properties": { "WCRNmbr": "WCR1988-008183", "PT_30ft": -81, "BlwThreshl": "Above", "Head": 49.5659, "lat": 38.664, "lon": -121.872 }, "geometry": { "type": "Point", "coordinates": [ -121.872, 38.664 ] } },
{ "type": "Feature", "properties": { "WCRNmbr": "WCR1987-004074", "PT_30ft": -87, "BlwThreshl": "Above", "Head": 52.3217, "lat": 38.672, "lon": -121.87 }, "geometry": { "type": "Point", "coordinates": [ -121.87, 38.672 ] } },
{ "type": "Feature", "properties": { "WCRNmbr": "WCR1983-003687", "PT_30ft": -64, "BlwThreshl": "Above", "Head": 45.9327, "lat": 38.671, "lon": -121.86 }, "geometry": { "type": "Point", "coordinates": [ -121.86, 38.671 ] } },
{ "type": "Feature", "properties": { "WCRNmbr": "WCR1988-011230", "PT_30ft": -74, "BlwThreshl": "Above", "Head": 45.9327, "lat": 38.673, "lon": -121.859 }, "geometry": { "type": "Point", "coordinates": [ -121.859, 38.673 ] } },
{ "type": "Feature", "properties": { "WCRNmbr": "WCR1982-001435", "PT_30ft": -92, "BlwThreshl": "Above", "Head": 45.9327, "lat": 38.673, "lon": -121.859 }, "geometry": { "type": "Point", "coordinates": [ -121.859, 38.673 ] } },
{ "type": "Feature", "properties": { "WCRNmbr": "WCR1980-002419", "PT_30ft": -113, "BlwThreshl": "Above", "Head": 52.3217, "lat": 38.671, "lon": -121.87 }, "geometry": { "type": "Point", "coordinates": [ -121.87, 38.671 ] } },
{ "type": "Feature", "properties": { "WCRNmbr": "WCR1981-003053", "PT_30ft": -72, "BlwThreshl": "Above", "Head": 45.9327, "lat": 38.669, "lon": -121.858 }, "geometry": { "type": "Point", "coordinates": [ -121.858, 38.669 ] } },
{ "type": "Feature", "properties": { "WCRNmbr": "WCR1978-000731", "PT_30ft": -164, "BlwThreshl": "Above", "Head": 43.4907, "lat": 38.666, "lon": -121.859 }, "geometry": { "type": "Point", "coordinates": [ -121.859, 38.666 ] } },
{ "type": "Feature", "properties": { "WCRNmbr": "WCR1978-000902", "PT_30ft": -77, "BlwThreshl": "Above", "Head": 43.4907, "lat": 38.668, "lon": -121.859 }, "geometry": { "type": "Point", "coordinates": [ -121.859, 38.668 ] } },
{ "type": "Feature", "properties": { "WCRNmbr": "WCR1977-002031", "PT_30ft": -123, "BlwThreshl": "Above", "Head": 43.4907, "lat": 38.665, "lon": -121.866 }, "geometry": { "type": "Point", "coordinates": [ -121.866, 38.665 ] } },
{ "type": "Feature", "properties": { "WCRNmbr": "WCR1975-000600", "PT_30ft": -48, "BlwThreshl": "Above", "Head": 52.3217, "lat": 38.673, "lon": -121.869 }, "geometry": { "type": "Point", "coordinates": [ -121.869, 38.673 ] } },
{ "type": "Feature", "properties": { "WCRNmbr": "WCR1974-000638", "PT_30ft": 36, "BlwThreshl": "Above", "Head": 49.5659, "lat": 38.666, "lon": -121.872 }, "geometry": { "type": "Point", "coordinates": [ -121.872, 38.666 ] } },
{ "type": "Feature", "properties": { "WCRNmbr": "WCR1976-000253", "PT_30ft": -85, "BlwThreshl": "Above", "Head": 49.5659, "lat": 38.667, "lon": -121.872 }, "geometry": { "type": "Point", "coordinates": [ -121.872, 38.667 ] } },
{ "type": "Feature", "properties": { "WCRNmbr": "WCR1979-000939", "PT_30ft": -125, "BlwThreshl": "Above", "Head": 48.6772, "lat": 38.678, "lon": -121.862 }, "geometry": { "type": "Point", "coordinates": [ -121.862, 38.678 ] } },
{ "type": "Feature", "properties": { "WCRNmbr": "WCR1979-001210", "PT_30ft": -151, "BlwThreshl": "Above", "Head": 43.4907, "lat": 38.665, "lon": -121.859 }, "geometry": { "type": "Point", "coordinates": [ -121.859, 38.665 ] } },
{ "type": "Feature", "properties": { "WCRNmbr": "WCR1977-000270", "PT_30ft": -295, "BlwThreshl": "Above", "Head": 49.5659, "lat": 38.664, "lon": -121.871 }, "geometry": { "type": "Point", "coordinates": [ -121.871, 38.664 ] } },
{ "type": "Feature", "properties": { "WCRNmbr": "WCR1977-000088", "PT_30ft": -140, "BlwThreshl": "Above", "Head": 52.3217, "lat": 38.668, "lon": -121.87 }, "geometry": { "type": "Point", "coordinates": [ -121.87, 38.668 ] } },
{ "type": "Feature", "properties": { "WCRNmbr": "WCR1978-001817", "PT_30ft": -125, "BlwThreshl": "Above", "Head": 43.4907, "lat": 38.666, "lon": -121.859 }, "geometry": { "type": "Point", "coordinates": [ -121.859, 38.666 ] } },
{ "type": "Feature", "properties": { "WCRNmbr": "WCR1977-001843", "PT_30ft": -79, "BlwThreshl": "Above", "Head": 49.5659, "lat": 38.664, "lon": -121.872 }, "geometry": { "type": "Point", "coordinates": [ -121.872, 38.664 ] } },
{ "type": "Feature", "properties": { "WCRNmbr": "WCR1972-000388", "PT_30ft": -39, "BlwThreshl": "Above", "Head": 45.9327, "lat": 38.672, "lon": -121.864 }, "geometry": { "type": "Point", "coordinates": [ -121.864, 38.672 ] } },
{ "type": "Feature", "properties": { "WCRNmbr": "WCR1972-000380", "PT_30ft": -41, "BlwThreshl": "Above", "Head": 48.6772, "lat": 38.677, "lon": -121.864 }, "geometry": { "type": "Point", "coordinates": [ -121.864, 38.677 ] } },
{ "type": "Feature", "properties": { "WCRNmbr": "WCR1971-000399", "PT_30ft": -56, "BlwThreshl": "Above", "Head": 43.4907, "lat": 38.666, "lon": -121.865 }, "geometry": { "type": "Point", "coordinates": [ -121.865, 38.666 ] } },
{ "type": "Feature", "properties": { "WCRNmbr": "WCR1975-000682", "PT_30ft": -115, "BlwThreshl": "Above", "Head": 48.6772, "lat": 38.678, "lon": -121.863 }, "geometry": { "type": "Point", "coordinates": [ -121.863, 38.678 ] } },
{ "type": "Feature", "properties": { "WCRNmbr": "WCR1972-000583", "PT_30ft": -148, "BlwThreshl": "Above", "Head": 48.6772, "lat": 38.678, "lon": -121.865 }, "geometry": { "type": "Point", "coordinates": [ -121.865, 38.678 ] } },
{ "type": "Feature", "properties": { "WCRNmbr": "WCR1972-000592", "PT_30ft": -62, "BlwThreshl": "Above", "Head": 43.4907, "lat": 38.664, "lon": -121.867 }, "geometry": { "type": "Point", "coordinates": [ -121.867, 38.664 ] } },
{ "type": "Feature", "properties": { "WCRNmbr": "WCR1999-005854", "PT_30ft": -80, "BlwThreshl": "Above", "Head": 39.7295, "lat": 38.669, "lon": -121.852 }, "geometry": { "type": "Point", "coordinates": [ -121.852, 38.669 ] } },
{ "type": "Feature", "properties": { "WCRNmbr": "WCR1976-000239", "PT_30ft": -117, "BlwThreshl": "Above", "Head": 34.954, "lat": 38.664, "lon": -121.84 }, "geometry": { "type": "Point", "coordinates": [ -121.84, 38.664 ] } },
{ "type": "Feature", "properties": { "WCRNmbr": "WCR2005-004016", "PT_30ft": -97, "BlwThreshl": "Above", "Head": 32.9953, "lat": 38.677, "lon": -121.836 }, "geometry": { "type": "Point", "coordinates": [ -121.836, 38.677 ] } },
{ "type": "Feature", "properties": { "WCRNmbr": "WCR2000-002154", "PT_30ft": -132, "BlwThreshl": "Above", "Head": 29.5245, "lat": 38.672, "lon": -121.822 }, "geometry": { "type": "Point", "coordinates": [ -121.822, 38.672 ] } },
{ "type": "Feature", "properties": { "WCRNmbr": "WCR1998-001255", "PT_30ft": -78, "BlwThreshl": "Above", "Head": 29.5245, "lat": 38.675, "lon": -121.83 }, "geometry": { "type": "Point", "coordinates": [ -121.83, 38.675 ] } },
{ "type": "Feature", "properties": { "WCRNmbr": "WCR1989-004946", "PT_30ft": -105, "BlwThreshl": "Above", "Head": 32.4107, "lat": 38.674, "lon": -121.839 }, "geometry": { "type": "Point", "coordinates": [ -121.839, 38.674 ] } },
{ "type": "Feature", "properties": { "WCRNmbr": "WCR1977-001342", "PT_30ft": -119, "BlwThreshl": "Above", "Head": 32.4107, "lat": 38.675, "lon": -121.831 }, "geometry": { "type": "Point", "coordinates": [ -121.831, 38.675 ] } },
{ "type": "Feature", "properties": { "WCRNmbr": "WCR1977-001049", "PT_30ft": -281, "BlwThreshl": "Above", "Head": 32.1114, "lat": 38.667, "lon": -121.839 }, "geometry": { "type": "Point", "coordinates": [ -121.839, 38.667 ] } },
{ "type": "Feature", "properties": { "WCRNmbr": "WCR1977-000081", "PT_30ft": -138, "BlwThreshl": "Above", "Head": 32.9953, "lat": 38.677, "lon": -121.831 }, "geometry": { "type": "Point", "coordinates": [ -121.831, 38.677 ] } },
{ "type": "Feature", "properties": { "WCRNmbr": "WCR1977-000358", "PT_30ft": -214, "BlwThreshl": "Above", "Head": 32.1114, "lat": 38.664, "lon": -121.835 }, "geometry": { "type": "Point", "coordinates": [ -121.835, 38.664 ] } },
{ "type": "Feature", "properties": { "WCRNmbr": "WCR1977-001827", "PT_30ft": -153, "BlwThreshl": "Above", "Head": 32.1114, "lat": 38.664, "lon": -121.831 }, "geometry": { "type": "Point", "coordinates": [ -121.831, 38.664 ] } },
{ "type": "Feature", "properties": { "WCRNmbr": "WCR1976-000462", "PT_30ft": -64, "BlwThreshl": "Above", "Head": 28.9153, "lat": 38.673, "lon": -121.83 }, "geometry": { "type": "Point", "coordinates": [ -121.83, 38.673 ] } },
{ "type": "Feature", "properties": { "WCRNmbr": "WCR1976-000240", "PT_30ft": -69, "BlwThreshl": "Above", "Head": 32.9953, "lat": 38.676, "lon": -121.835 }, "geometry": { "type": "Point", "coordinates": [ -121.835, 38.676 ] } },
{ "type": "Feature", "properties": { "WCRNmbr": "WCR1976-000251", "PT_30ft": -88, "BlwThreshl": "Above", "Head": 29.5245, "lat": 38.675, "lon": -121.821 }, "geometry": { "type": "Point", "coordinates": [ -121.821, 38.675 ] } },
{ "type": "Feature", "properties": { "WCRNmbr": "WCR1972-000040", "PT_30ft": -16, "BlwThreshl": "Above", "Head": 28.9153, "lat": 38.671, "lon": -121.83 }, "geometry": { "type": "Point", "coordinates": [ -121.83, 38.671 ] } },
{ "type": "Feature", "properties": { "WCRNmbr": "WCR1972-000087", "PT_30ft": -84, "BlwThreshl": "Above", "Head": 32.4107, "lat": 38.674, "lon": -121.839 }, "geometry": { "type": "Point", "coordinates": [ -121.839, 38.674 ] } },
{ "type": "Feature", "properties": { "WCRNmbr": "WCR1970-000314", "PT_30ft": -12, "BlwThreshl": "Above", "Head": 29.0372, "lat": 38.665, "lon": -121.826 }, "geometry": { "type": "Point", "coordinates": [ -121.826, 38.665 ] } },
{ "type": "Feature", "properties": { "WCRNmbr": "WCR2016-014003", "PT_30ft": -136, "BlwThreshl": "Above", "Head": 26.9081, "lat": 38.667, "lon": -121.819 }, "geometry": { "type": "Point", "coordinates": [ -121.819, 38.667 ] } },
{ "type": "Feature", "properties": { "WCRNmbr": "WCR2017-008714", "PT_30ft": -307, "BlwThreshl": "Above", "Head": 27.2151, "lat": 38.677, "lon": -121.819 }, "geometry": { "type": "Point", "coordinates": [ -121.819, 38.677 ] } },
{ "type": "Feature", "properties": { "WCRNmbr": "WCR2012-006348", "PT_30ft": -132, "BlwThreshl": "Above", "Head": 27.1321, "lat": 38.677, "lon": -121.818 }, "geometry": { "type": "Point", "coordinates": [ -121.818, 38.677 ] } },
{ "type": "Feature", "properties": { "WCRNmbr": "WCR2007-005983", "PT_30ft": -89, "BlwThreshl": "Above", "Head": 26.8842, "lat": 38.663, "lon": -121.821 }, "geometry": { "type": "Point", "coordinates": [ -121.821, 38.663 ] } },
{ "type": "Feature", "properties": { "WCRNmbr": "WCR2006-001334", "PT_30ft": -117, "BlwThreshl": "Above", "Head": 27.1321, "lat": 38.677, "lon": -121.821 }, "geometry": { "type": "Point", "coordinates": [ -121.821, 38.677 ] } },
{ "type": "Feature", "properties": { "WCRNmbr": "WCR2003-001228", "PT_30ft": -41, "BlwThreshl": "Above", "Head": 26.8842, "lat": 38.664, "lon": -121.816 }, "geometry": { "type": "Point", "coordinates": [ -121.816, 38.664 ] } },
{ "type": "Feature", "properties": { "WCRNmbr": "WCR1992-003187", "PT_30ft": -55, "BlwThreshl": "Above", "Head": 24.6293, "lat": 38.664, "lon": -121.81 }, "geometry": { "type": "Point", "coordinates": [ -121.81, 38.664 ] } },
{ "type": "Feature", "properties": { "WCRNmbr": "WCR1991-009586", "PT_30ft": -177, "BlwThreshl": "Above", "Head": 24.6202, "lat": 38.677, "lon": -121.803 }, "geometry": { "type": "Point", "coordinates": [ -121.803, 38.677 ] } },
{ "type": "Feature", "properties": { "WCRNmbr": "WCR1991-011001", "PT_30ft": -156, "BlwThreshl": "Above", "Head": 24.6202, "lat": 38.677, "lon": -121.805 }, "geometry": { "type": "Point", "coordinates": [ -121.805, 38.677 ] } },
{ "type": "Feature", "properties": { "WCRNmbr": "WCR1990-005256", "PT_30ft": -134, "BlwThreshl": "Above", "Head": 24.6439, "lat": 38.677, "lon": -121.806 }, "geometry": { "type": "Point", "coordinates": [ -121.806, 38.677 ] } },
{ "type": "Feature", "properties": { "WCRNmbr": "WCR1972-000067", "PT_30ft": -135, "BlwThreshl": "Above", "Head": 27.1321, "lat": 38.677, "lon": -121.812 }, "geometry": { "type": "Point", "coordinates": [ -121.812, 38.677 ] } },
{ "type": "Feature", "properties": { "WCRNmbr": "WCR1977-002015", "PT_30ft": 24, "BlwThreshl": "Above", "Head": 115.135, "lat": 38.742, "lon": -121.987 }, "geometry": { "type": "Point", "coordinates": [ -121.987, 38.742 ] } },
{ "type": "Feature", "properties": { "WCRNmbr": "WCR1977-002016", "PT_30ft": 26, "BlwThreshl": "Above", "Head": 128.925, "lat": 38.738, "lon": -121.989 }, "geometry": { "type": "Point", "coordinates": [ -121.989, 38.738 ] } },
{ "type": "Feature", "properties": { "WCRNmbr": "WCR1972-000581", "PT_30ft": 57, "BlwThreshl": "Above", "Head": 112.364, "lat": 38.751, "lon": -121.979 }, "geometry": { "type": "Point", "coordinates": [ -121.979, 38.751 ] } },
{ "type": "Feature", "properties": { "WCRNmbr": "WCR1977-000050", "PT_30ft": -11, "BlwThreshl": "Above", "Head": 117.296, "lat": 38.739, "lon": -121.992 }, "geometry": { "type": "Point", "coordinates": [ -121.992, 38.739 ] } },
{ "type": "Feature", "properties": { "WCRNmbr": "WCR1972-000594", "PT_30ft": 57, "BlwThreshl": "Above", "Head": 131.592, "lat": 38.723, "lon": -122.008 }, "geometry": { "type": "Point", "coordinates": [ -122.008, 38.723 ] } },
{ "type": "Feature", "properties": { "WCRNmbr": "WCR1989-010449", "PT_30ft": -76, "BlwThreshl": "Above", "Head": 110.412, "lat": 38.73, "lon": -121.956 }, "geometry": { "type": "Point", "coordinates": [ -121.956, 38.73 ] } },
{ "type": "Feature", "properties": { "WCRNmbr": "WCR1977-000630", "PT_30ft": -25, "BlwThreshl": "Above", "Head": 110.412, "lat": 38.731, "lon": -121.956 }, "geometry": { "type": "Point", "coordinates": [ -121.956, 38.731 ] } },
{ "type": "Feature", "properties": { "WCRNmbr": "WCR1998-001041", "PT_30ft": -64, "BlwThreshl": "Above", "Head": 103.317, "lat": 38.721, "lon": -121.937 }, "geometry": { "type": "Point", "coordinates": [ -121.937, 38.721 ] } },
{ "type": "Feature", "properties": { "WCRNmbr": "WCR1972-000383", "PT_30ft": -13, "BlwThreshl": "Above", "Head": 106.884, "lat": 38.721, "lon": -121.943 }, "geometry": { "type": "Point", "coordinates": [ -121.943, 38.721 ] } },
{ "type": "Feature", "properties": { "WCRNmbr": "WCR1976-001015", "PT_30ft": 59, "BlwThreshl": "Above", "Head": 110.454, "lat": 38.72, "lon": -121.954 }, "geometry": { "type": "Point", "coordinates": [ -121.954, 38.72 ] } },
{ "type": "Feature", "properties": { "WCRNmbr": "WCR1977-000411", "PT_30ft": 43, "BlwThreshl": "Above", "Head": 114.997, "lat": 38.718, "lon": -121.959 }, "geometry": { "type": "Point", "coordinates": [ -121.959, 38.718 ] } },
{ "type": "Feature", "properties": { "WCRNmbr": "WCR2003-007125", "PT_30ft": 93, "BlwThreshl": "Above", "Head": 129.78, "lat": 38.718, "lon": -121.996 }, "geometry": { "type": "Point", "coordinates": [ -121.996, 38.718 ] } },
{ "type": "Feature", "properties": { "WCRNmbr": "WCR1975-000320", "PT_30ft": 91, "BlwThreshl": "Above", "Head": 126.242, "lat": 38.716, "lon": -121.994 }, "geometry": { "type": "Point", "coordinates": [ -121.994, 38.716 ] } },
{ "type": "Feature", "properties": { "WCRNmbr": "WCR1977-000412", "PT_30ft": -10, "BlwThreshl": "Above", "Head": 118.075, "lat": 38.698, "lon": -121.974 }, "geometry": { "type": "Point", "coordinates": [ -121.974, 38.698 ] } },
{ "type": "Feature", "properties": { "WCRNmbr": "WCR1993-002343", "PT_30ft": 22, "BlwThreshl": "Above", "Head": 132.467, "lat": 38.707, "lon": -122.019 }, "geometry": { "type": "Point", "coordinates": [ -122.019, 38.707 ] } },
{ "type": "Feature", "properties": { "WCRNmbr": "WCR1988-004978", "PT_30ft": 75, "BlwThreshl": "Above", "Head": 134.693, "lat": 38.7, "lon": -122.018 }, "geometry": { "type": "Point", "coordinates": [ -122.018, 38.7 ] } },
{ "type": "Feature", "properties": { "WCRNmbr": "WCR0235655", "PT_30ft": 74, "BlwThreshl": "Above", "Head": 132.874, "lat": 38.699, "lon": -122.016 }, "geometry": { "type": "Point", "coordinates": [ -122.016, 38.699 ] } },
{ "type": "Feature", "properties": { "WCRNmbr": "WCR1982-001396", "PT_30ft": 44, "BlwThreshl": "Above", "Head": 103.198, "lat": 38.694, "lon": -121.935 }, "geometry": { "type": "Point", "coordinates": [ -121.935, 38.694 ] } },
{ "type": "Feature", "properties": { "WCRNmbr": "WCR1977-002141", "PT_30ft": 12, "BlwThreshl": "Above", "Head": 112.707, "lat": 38.678, "lon": -121.962 }, "geometry": { "type": "Point", "coordinates": [ -121.962, 38.678 ] } },
{ "type": "Feature", "properties": { "WCRNmbr": "WCR1987-001764", "PT_30ft": -15, "BlwThreshl": "Above", "Head": 133.27, "lat": 38.68, "lon": -122.005 }, "geometry": { "type": "Point", "coordinates": [ -122.005, 38.68 ] } },
{ "type": "Feature", "properties": { "WCRNmbr": "WCR1987-001701", "PT_30ft": -15, "BlwThreshl": "Above", "Head": 133.27, "lat": 38.681, "lon": -122.004 }, "geometry": { "type": "Point", "coordinates": [ -122.004, 38.681 ] } },
{ "type": "Feature", "properties": { "WCRNmbr": "WCR1974-000640", "PT_30ft": 107, "BlwThreshl": "Above", "Head": 127.332, "lat": 38.686, "lon": -122.0 }, "geometry": { "type": "Point", "coordinates": [ -122.0, 38.686 ] } },
{ "type": "Feature", "properties": { "WCRNmbr": "WCR1993-002340", "PT_30ft": 173, "BlwThreshl": "Below", "Head": 153.358, "lat": 38.674, "lon": -122.024 }, "geometry": { "type": "Point", "coordinates": [ -122.024, 38.674 ] } },
{ "type": "Feature", "properties": { "WCRNmbr": "WCR1988-005360", "PT_30ft": 118, "BlwThreshl": "Above", "Head": 145.246, "lat": 38.677, "lon": -122.016 }, "geometry": { "type": "Point", "coordinates": [ -122.016, 38.677 ] } },
{ "type": "Feature", "properties": { "WCRNmbr": "WCR2023-009067", "PT_30ft": -149, "BlwThreshl": "Above", "Head": 139.122, "lat": 38.688, "lon": -122.014 }, "geometry": { "type": "Point", "coordinates": [ -122.014, 38.688 ] } },
{ "type": "Feature", "properties": { "WCRNmbr": "WCR2022-012670", "PT_30ft": -84, "BlwThreshl": "Above", "Head": 139.122, "lat": 38.688, "lon": -122.017 }, "geometry": { "type": "Point", "coordinates": [ -122.017, 38.688 ] } },
{ "type": "Feature", "properties": { "WCRNmbr": "WCR2009-000785", "PT_30ft": 97, "BlwThreshl": "Above", "Head": 145.712, "lat": 38.677, "lon": -122.023 }, "geometry": { "type": "Point", "coordinates": [ -122.023, 38.677 ] } },
{ "type": "Feature", "properties": { "WCRNmbr": "WCR1985-006889", "PT_30ft": 57, "BlwThreshl": "Above", "Head": 130.176, "lat": 38.693, "lon": -122.01 }, "geometry": { "type": "Point", "coordinates": [ -122.01, 38.693 ] } },
{ "type": "Feature", "properties": { "WCRNmbr": "WCR1979-002132", "PT_30ft": -5, "BlwThreshl": "Above", "Head": 142.156, "lat": 38.684, "lon": -122.026 }, "geometry": { "type": "Point", "coordinates": [ -122.026, 38.684 ] } },
{ "type": "Feature", "properties": { "WCRNmbr": "WCR1997-006268", "PT_30ft": 70, "BlwThreshl": "Above", "Head": 141.852, "lat": 38.668, "lon": -121.989 }, "geometry": { "type": "Point", "coordinates": [ -121.989, 38.668 ] } },
{ "type": "Feature", "properties": { "WCRNmbr": "WCR1995-001338", "PT_30ft": 49, "BlwThreshl": "Above", "Head": 141.852, "lat": 38.668, "lon": -121.988 }, "geometry": { "type": "Point", "coordinates": [ -121.988, 38.668 ] } },
{ "type": "Feature", "properties": { "WCRNmbr": "WCR2023-009861", "PT_30ft": -173, "BlwThreshl": "Above", "Head": 124.989, "lat": 38.665, "lon": -121.971 }, "geometry": { "type": "Point", "coordinates": [ -121.971, 38.665 ] } },
{ "type": "Feature", "properties": { "WCRNmbr": "WCR2008-001523", "PT_30ft": 81, "BlwThreshl": "Above", "Head": 149.906, "lat": 38.675, "lon": -122.025 }, "geometry": { "type": "Point", "coordinates": [ -122.025, 38.675 ] } },
{ "type": "Feature", "properties": { "WCRNmbr": "WCR1982-003310", "PT_30ft": -82, "BlwThreshl": "Above", "Head": 18.4567, "lat": 38.729, "lon": -121.802 }, "geometry": { "type": "Point", "coordinates": [ -121.802, 38.729 ] } },
{ "type": "Feature", "properties": { "WCRNmbr": "WCR1982-003295", "PT_30ft": -82, "BlwThreshl": "Above", "Head": 23.6907, "lat": 38.727, "lon": -121.789 }, "geometry": { "type": "Point", "coordinates": [ -121.789, 38.727 ] } },
{ "type": "Feature", "properties": { "WCRNmbr": "WCR1989-010196", "PT_30ft": -205, "BlwThreshl": "Above", "Head": 19.6383, "lat": 38.709, "lon": -121.753 }, "geometry": { "type": "Point", "coordinates": [ -121.753, 38.709 ] } },
{ "type": "Feature", "properties": { "WCRNmbr": "WCR2002-001136", "PT_30ft": -123, "BlwThreshl": "Above", "Head": 26.0647, "lat": 38.718, "lon": -121.765 }, "geometry": { "type": "Point", "coordinates": [ -121.765, 38.718 ] } },
{ "type": "Feature", "properties": { "WCRNmbr": "WCR2015-004464", "PT_30ft": -416, "BlwThreshl": "Above", "Head": 23.615, "lat": 38.727, "lon": -121.789 }, "geometry": { "type": "Point", "coordinates": [ -121.789, 38.727 ] } },
{ "type": "Feature", "properties": { "WCRNmbr": "WCR2023-005001", "PT_30ft": -118, "BlwThreshl": "Above", "Head": 21.4046, "lat": 38.699, "lon": -121.802 }, "geometry": { "type": "Point", "coordinates": [ -121.802, 38.699 ] } },
{ "type": "Feature", "properties": { "WCRNmbr": "WCR2023-004586", "PT_30ft": -148, "BlwThreshl": "Above", "Head": 21.4046, "lat": 38.698, "lon": -121.798 }, "geometry": { "type": "Point", "coordinates": [ -121.798, 38.698 ] } },
{ "type": "Feature", "properties": { "WCRNmbr": "WCR2018-011277", "PT_30ft": -108, "BlwThreshl": "Above", "Head": 21.4046, "lat": 38.699, "lon": -121.799 }, "geometry": { "type": "Point", "coordinates": [ -121.799, 38.699 ] } },
{ "type": "Feature", "properties": { "WCRNmbr": "WCR2018-012110", "PT_30ft": -118, "BlwThreshl": "Above", "Head": 21.4046, "lat": 38.697, "lon": -121.801 }, "geometry": { "type": "Point", "coordinates": [ -121.801, 38.697 ] } },
{ "type": "Feature", "properties": { "WCRNmbr": "WCR1998-001253", "PT_30ft": -117, "BlwThreshl": "Above", "Head": 21.6259, "lat": 38.697, "lon": -121.799 }, "geometry": { "type": "Point", "coordinates": [ -121.799, 38.697 ] } },
{ "type": "Feature", "properties": { "WCRNmbr": "WCR1993-002515", "PT_30ft": -128, "BlwThreshl": "Above", "Head": 21.6259, "lat": 38.697, "lon": -121.797 }, "geometry": { "type": "Point", "coordinates": [ -121.797, 38.697 ] } },
{ "type": "Feature", "properties": { "WCRNmbr": "WCR1977-000361", "PT_30ft": -280, "BlwThreshl": "Above", "Head": 19.9388, "lat": 38.698, "lon": -121.784 }, "geometry": { "type": "Point", "coordinates": [ -121.784, 38.698 ] } },
{ "type": "Feature", "properties": { "WCRNmbr": "WCR1976-000261", "PT_30ft": -136, "BlwThreshl": "Above", "Head": 21.6259, "lat": 38.695, "lon": -121.798 }, "geometry": { "type": "Point", "coordinates": [ -121.798, 38.695 ] } },
{ "type": "Feature", "properties": { "WCRNmbr": "WCR1975-000181", "PT_30ft": -108, "BlwThreshl": "Above", "Head": 16.4983, "lat": 38.699, "lon": -121.764 }, "geometry": { "type": "Point", "coordinates": [ -121.764, 38.699 ] } },
{ "type": "Feature", "properties": { "WCRNmbr": "WCR1977-000771", "PT_30ft": -207, "BlwThreshl": "Above", "Head": -15.3092, "lat": 38.705, "lon": -121.781 }, "geometry": { "type": "Point", "coordinates": [ -121.781, 38.705 ] } },
{ "type": "Feature", "properties": { "WCRNmbr": "WCR1972-000047", "PT_30ft": -129, "BlwThreshl": "Above", "Head": 16.5539, "lat": 38.696, "lon": -121.767 }, "geometry": { "type": "Point", "coordinates": [ -121.767, 38.696 ] } },
{ "type": "Feature", "properties": { "WCRNmbr": "WCR1978-001061", "PT_30ft": -184, "BlwThreshl": "Above", "Head": 9.87056, "lat": 38.68, "lon": -121.73 }, "geometry": { "type": "Point", "coordinates": [ -121.73, 38.68 ] } },
{ "type": "Feature", "properties": { "WCRNmbr": "WCR2020-003956", "PT_30ft": 51, "BlwThreshl": "Above", "Head": 154.493, "lat": 38.709, "lon": -122.054 }, "geometry": { "type": "Point", "coordinates": [ -122.054, 38.709 ] } },
{ "type": "Feature", "properties": { "WCRNmbr": "WCR1997-001914", "PT_30ft": 103, "BlwThreshl": "Above", "Head": 154.493, "lat": 38.708, "lon": -122.054 }, "geometry": { "type": "Point", "coordinates": [ -122.054, 38.708 ] } },
{ "type": "Feature", "properties": { "WCRNmbr": "WCR1992-003265", "PT_30ft": 67, "BlwThreshl": "Above", "Head": 154.493, "lat": 38.708, "lon": -122.06 }, "geometry": { "type": "Point", "coordinates": [ -122.06, 38.708 ] } },
{ "type": "Feature", "properties": { "WCRNmbr": "WCR1990-012199", "PT_30ft": 80, "BlwThreshl": "Above", "Head": 154.493, "lat": 38.708, "lon": -122.052 }, "geometry": { "type": "Point", "coordinates": [ -122.052, 38.708 ] } },
{ "type": "Feature", "properties": { "WCRNmbr": "WCR1989-003250", "PT_30ft": 191, "BlwThreshl": "Below", "Head": 156.264, "lat": 38.708, "lon": -122.053 }, "geometry": { "type": "Point", "coordinates": [ -122.053, 38.708 ] } },
{ "type": "Feature", "properties": { "WCRNmbr": "WCR1986-007580", "PT_30ft": 134, "BlwThreshl": "Above", "Head": 154.493, "lat": 38.709, "lon": -122.054 }, "geometry": { "type": "Point", "coordinates": [ -122.054, 38.709 ] } },
{ "type": "Feature", "properties": { "WCRNmbr": "WCR1984-000149", "PT_30ft": 43, "BlwThreshl": "Above", "Head": 143.233, "lat": 38.716, "lon": -122.054 }, "geometry": { "type": "Point", "coordinates": [ -122.054, 38.716 ] } },
{ "type": "Feature", "properties": { "WCRNmbr": "WCR1984-002534", "PT_30ft": 59, "BlwThreshl": "Above", "Head": 143.233, "lat": 38.715, "lon": -122.054 }, "geometry": { "type": "Point", "coordinates": [ -122.054, 38.715 ] } },
{ "type": "Feature", "properties": { "WCRNmbr": "WCR1978-001749", "PT_30ft": 137, "BlwThreshl": "Above", "Head": 145.833, "lat": 38.707, "lon": -122.05 }, "geometry": { "type": "Point", "coordinates": [ -122.05, 38.707 ] } },
{ "type": "Feature", "properties": { "WCRNmbr": "WCR1977-001343", "PT_30ft": -19, "BlwThreshl": "Above", "Head": 138.065, "lat": 38.718, "lon": -122.048 }, "geometry": { "type": "Point", "coordinates": [ -122.048, 38.718 ] } },
{ "type": "Feature", "properties": { "WCRNmbr": "WCR1976-000847", "PT_30ft": 11, "BlwThreshl": "Above", "Head": 154.493, "lat": 38.708, "lon": -122.057 }, "geometry": { "type": "Point", "coordinates": [ -122.057, 38.708 ] } },
{ "type": "Feature", "properties": { "WCRNmbr": "WCR1972-000085", "PT_30ft": -12, "BlwThreshl": "Above", "Head": 140.541, "lat": 38.707, "lon": -122.048 }, "geometry": { "type": "Point", "coordinates": [ -122.048, 38.707 ] } },
{ "type": "Feature", "properties": { "WCRNmbr": "WCR2003-001231", "PT_30ft": 30, "BlwThreshl": "Above", "Head": 184.466, "lat": 38.707, "lon": -122.063 }, "geometry": { "type": "Point", "coordinates": [ -122.063, 38.707 ] } },
{ "type": "Feature", "properties": { "WCRNmbr": "WCR1981-003163", "PT_30ft": 216, "BlwThreshl": "Above", "Head": 217.692, "lat": 38.708, "lon": -122.083 }, "geometry": { "type": "Point", "coordinates": [ -122.083, 38.708 ] } },
{ "type": "Feature", "properties": { "WCRNmbr": "WCR1999-000634", "PT_30ft": -9, "BlwThreshl": "NoData", "Head": null, "lat": 38.706, "lon": -122.081 }, "geometry": { "type": "Point", "coordinates": [ -122.081, 38.706 ] } },
{ "type": "Feature", "properties": { "WCRNmbr": "WCR1980-002497", "PT_30ft": 17, "BlwThreshl": "Above", "Head": 184.466, "lat": 38.705, "lon": -122.066 }, "geometry": { "type": "Point", "coordinates": [ -122.066, 38.705 ] } },
{ "type": "Feature", "properties": { "WCRNmbr": "WCR1978-001047", "PT_30ft": 21, "BlwThreshl": "Above", "Head": 184.466, "lat": 38.706, "lon": -122.069 }, "geometry": { "type": "Point", "coordinates": [ -122.069, 38.706 ] } },
{ "type": "Feature", "properties": { "WCRNmbr": "WCR2004-005437", "PT_30ft": 81, "BlwThreshl": "Above", "Head": 145.833, "lat": 38.706, "lon": -122.05 }, "geometry": { "type": "Point", "coordinates": [ -122.05, 38.706 ] } },
{ "type": "Feature", "properties": { "WCRNmbr": "WCR1983-003686", "PT_30ft": 91, "BlwThreshl": "Above", "Head": 145.833, "lat": 38.707, "lon": -122.05 }, "geometry": { "type": "Point", "coordinates": [ -122.05, 38.707 ] } },
{ "type": "Feature", "properties": { "WCRNmbr": "WCR1970-000063", "PT_30ft": 142, "BlwThreshl": "Above", "Head": 145.833, "lat": 38.706, "lon": -122.047 }, "geometry": { "type": "Point", "coordinates": [ -122.047, 38.706 ] } },
{ "type": "Feature", "properties": { "WCRNmbr": "WCR2023-003356", "PT_30ft": -204, "BlwThreshl": "Above", "Head": 138.329, "lat": 38.7, "lon": -122.035 }, "geometry": { "type": "Point", "coordinates": [ -122.035, 38.7 ] } },
{ "type": "Feature", "properties": { "WCRNmbr": "WCR2019-013262", "PT_30ft": 56, "BlwThreshl": "Above", "Head": 138.329, "lat": 38.703, "lon": -122.04 }, "geometry": { "type": "Point", "coordinates": [ -122.04, 38.703 ] } },
{ "type": "Feature", "properties": { "WCRNmbr": "WCR2014-002178", "PT_30ft": 1, "BlwThreshl": "Above", "Head": 138.329, "lat": 38.698, "lon": -122.037 }, "geometry": { "type": "Point", "coordinates": [ -122.037, 38.698 ] } },
{ "type": "Feature", "properties": { "WCRNmbr": "WCR2002-008675", "PT_30ft": -53, "BlwThreshl": "Above", "Head": 135.841, "lat": 38.701, "lon": -122.027 }, "geometry": { "type": "Point", "coordinates": [ -122.027, 38.701 ] } },
{ "type": "Feature", "properties": { "WCRNmbr": "WCR1999-005847", "PT_30ft": 27, "BlwThreshl": "Above", "Head": 138.329, "lat": 38.702, "lon": -122.036 }, "geometry": { "type": "Point", "coordinates": [ -122.036, 38.702 ] } },
{ "type": "Feature", "properties": { "WCRNmbr": "WCR2007-001709", "PT_30ft": -124, "BlwThreshl": "Above", "Head": 149.093, "lat": 38.679, "lon": -122.036 }, "geometry": { "type": "Point", "coordinates": [ -122.036, 38.679 ] } },
{ "type": "Feature", "properties": { "WCRNmbr": "WCR2003-001232", "PT_30ft": 41, "BlwThreshl": "Above", "Head": 149.093, "lat": 38.679, "lon": -122.033 }, "geometry": { "type": "Point", "coordinates": [ -122.033, 38.679 ] } },
{ "type": "Feature", "properties": { "WCRNmbr": "WCR2003-001279", "PT_30ft": -32, "BlwThreshl": "Above", "Head": 142.156, "lat": 38.689, "lon": -122.03 }, "geometry": { "type": "Point", "coordinates": [ -122.03, 38.689 ] } },
{ "type": "Feature", "properties": { "WCRNmbr": "WCR2001-006504", "PT_30ft": 65, "BlwThreshl": "Above", "Head": 142.156, "lat": 38.685, "lon": -122.029 }, "geometry": { "type": "Point", "coordinates": [ -122.029, 38.685 ] } },
{ "type": "Feature", "properties": { "WCRNmbr": "WCR1991-010716", "PT_30ft": 28, "BlwThreshl": "Above", "Head": 139.618, "lat": 38.69, "lon": -122.039 }, "geometry": { "type": "Point", "coordinates": [ -122.039, 38.69 ] } },
{ "type": "Feature", "properties": { "WCRNmbr": "WCR1991-002052", "PT_30ft": 37, "BlwThreshl": "Above", "Head": 165.165, "lat": 38.685, "lon": -122.044 }, "geometry": { "type": "Point", "coordinates": [ -122.044, 38.685 ] } },
{ "type": "Feature", "properties": { "WCRNmbr": "WCR1991-010697", "PT_30ft": 71, "BlwThreshl": "Above", "Head": 139.618, "lat": 38.691, "lon": -122.039 }, "geometry": { "type": "Point", "coordinates": [ -122.039, 38.691 ] } },
{ "type": "Feature", "properties": { "WCRNmbr": "WCR1990-010268", "PT_30ft": 36, "BlwThreshl": "Above", "Head": 149.093, "lat": 38.681, "lon": -122.041 }, "geometry": { "type": "Point", "coordinates": [ -122.041, 38.681 ] } },
{ "type": "Feature", "properties": { "WCRNmbr": "WCR1990-005288", "PT_30ft": 29, "BlwThreshl": "Above", "Head": 149.093, "lat": 38.681, "lon": -122.033 }, "geometry": { "type": "Point", "coordinates": [ -122.033, 38.681 ] } },
{ "type": "Feature", "properties": { "WCRNmbr": "WCR1989-003247", "PT_30ft": 126, "BlwThreshl": "Above", "Head": 143.461, "lat": 38.683, "lon": -122.03 }, "geometry": { "type": "Point", "coordinates": [ -122.03, 38.683 ] } },
{ "type": "Feature", "properties": { "WCRNmbr": "WCR1978-001354", "PT_30ft": -111, "BlwThreshl": "Above", "Head": 139.618, "lat": 38.691, "lon": -122.035 }, "geometry": { "type": "Point", "coordinates": [ -122.035, 38.691 ] } },
{ "type": "Feature", "properties": { "WCRNmbr": "WCR1975-000603", "PT_30ft": 78, "BlwThreshl": "Above", "Head": 143.118, "lat": 38.685, "lon": -122.037 }, "geometry": { "type": "Point", "coordinates": [ -122.037, 38.685 ] } },
{ "type": "Feature", "properties": { "WCRNmbr": "WCR1971-000499", "PT_30ft": 30, "BlwThreshl": "Above", "Head": 143.118, "lat": 38.687, "lon": -122.034 }, "geometry": { "type": "Point", "coordinates": [ -122.034, 38.687 ] } },
{ "type": "Feature", "properties": { "WCRNmbr": "WCR1992-001958", "PT_30ft": -9, "BlwThreshl": "Above", "Head": 165.165, "lat": 38.684, "lon": -122.051 }, "geometry": { "type": "Point", "coordinates": [ -122.051, 38.684 ] } },
{ "type": "Feature", "properties": { "WCRNmbr": "WCR1973-000339", "PT_30ft": 203, "BlwThreshl": "Below", "Head": 165.165, "lat": 38.689, "lon": -122.046 }, "geometry": { "type": "Point", "coordinates": [ -122.046, 38.689 ] } },
{ "type": "Feature", "properties": { "WCRNmbr": "WCR2020-015531", "PT_30ft": -148, "BlwThreshl": "NoData", "Head": null, "lat": 38.684, "lon": -122.08 }, "geometry": { "type": "Point", "coordinates": [ -122.08, 38.684 ] } },
{ "type": "Feature", "properties": { "WCRNmbr": "WCR1979-001479", "PT_30ft": 153, "BlwThreshl": "Above", "Head": 288.823, "lat": 38.683, "lon": -122.07 }, "geometry": { "type": "Point", "coordinates": [ -122.07, 38.683 ] } },
{ "type": "Feature", "properties": { "WCRNmbr": "WCR0092109", "PT_30ft": 151, "BlwThreshl": "NoData", "Head": null, "lat": 38.676, "lon": -122.068 }, "geometry": { "type": "Point", "coordinates": [ -122.068, 38.676 ] } },
{ "type": "Feature", "properties": { "WCRNmbr": "WCR2007-004271", "PT_30ft": 8, "BlwThreshl": "Above", "Head": 185.689, "lat": 38.674, "lon": -122.046 }, "geometry": { "type": "Point", "coordinates": [ -122.046, 38.674 ] } },
{ "type": "Feature", "properties": { "WCRNmbr": "WCR2006-001335", "PT_30ft": 169, "BlwThreshl": "Above", "Head": 185.625, "lat": 38.671, "lon": -122.049 }, "geometry": { "type": "Point", "coordinates": [ -122.049, 38.671 ] } },
{ "type": "Feature", "properties": { "WCRNmbr": "WCR1995-001339", "PT_30ft": 15, "BlwThreshl": "Above", "Head": 185.625, "lat": 38.672, "lon": -122.046 }, "geometry": { "type": "Point", "coordinates": [ -122.046, 38.672 ] } },
{ "type": "Feature", "properties": { "WCRNmbr": "WCR1994-000926", "PT_30ft": 86, "BlwThreshl": "Above", "Head": 185.625, "lat": 38.673, "lon": -122.05 }, "geometry": { "type": "Point", "coordinates": [ -122.05, 38.673 ] } },
{ "type": "Feature", "properties": { "WCRNmbr": "WCR1991-004190", "PT_30ft": 89, "BlwThreshl": "Above", "Head": 215.261, "lat": 38.673, "lon": -122.051 }, "geometry": { "type": "Point", "coordinates": [ -122.051, 38.673 ] } },
{ "type": "Feature", "properties": { "WCRNmbr": "WCR1990-012195", "PT_30ft": -54, "BlwThreshl": "Above", "Head": 204.422, "lat": 38.677, "lon": -122.055 }, "geometry": { "type": "Point", "coordinates": [ -122.055, 38.677 ] } },
{ "type": "Feature", "properties": { "WCRNmbr": "WCR1978-000912", "PT_30ft": 73, "BlwThreshl": "Above", "Head": 185.625, "lat": 38.674, "lon": -122.046 }, "geometry": { "type": "Point", "coordinates": [ -122.046, 38.674 ] } },
{ "type": "Feature", "properties": { "WCRNmbr": "WCR1976-000348", "PT_30ft": 206, "BlwThreshl": "Above", "Head": 215.261, "lat": 38.671, "lon": -122.051 }, "geometry": { "type": "Point", "coordinates": [ -122.051, 38.671 ] } },
{ "type": "Feature", "properties": { "WCRNmbr": "WCR2011-005618", "PT_30ft": -7, "BlwThreshl": "Above", "Head": 149.093, "lat": 38.677, "lon": -122.034 }, "geometry": { "type": "Point", "coordinates": [ -122.034, 38.677 ] } },
{ "type": "Feature", "properties": { "WCRNmbr": "WCR1990-006912", "PT_30ft": 163, "BlwThreshl": "Below", "Head": 148.676, "lat": 38.677, "lon": -122.027 }, "geometry": { "type": "Point", "coordinates": [ -122.027, 38.677 ] } },
{ "type": "Feature", "properties": { "WCRNmbr": "WCR1988-005359", "PT_30ft": 87, "BlwThreshl": "Above", "Head": 149.093, "lat": 38.678, "lon": -122.037 }, "geometry": { "type": "Point", "coordinates": [ -122.037, 38.678 ] } },
{ "type": "Feature", "properties": { "WCRNmbr": "WCR1991-003473", "PT_30ft": -39, "BlwThreshl": "NoData", "Head": null, "lat": 38.771, "lon": -122.061 }, "geometry": { "type": "Point", "coordinates": [ -122.061, 38.771 ] } },
{ "type": "Feature", "properties": { "WCRNmbr": "WCR2019-017995", "PT_30ft": -129, "BlwThreshl": "NoData", "Head": null, "lat": 38.761, "lon": -122.066 }, "geometry": { "type": "Point", "coordinates": [ -122.066, 38.761 ] } },
{ "type": "Feature", "properties": { "WCRNmbr": "WCR2023-013367", "PT_30ft": -88, "BlwThreshl": "NoData", "Head": null, "lat": 38.762, "lon": -122.062 }, "geometry": { "type": "Point", "coordinates": [ -122.062, 38.762 ] } },
{ "type": "Feature", "properties": { "WCRNmbr": "WCR2015-007689", "PT_30ft": -83, "BlwThreshl": "Above", "Head": 189.102, "lat": 38.765, "lon": -122.059 }, "geometry": { "type": "Point", "coordinates": [ -122.059, 38.765 ] } },
{ "type": "Feature", "properties": { "WCRNmbr": "WCR2002-001461", "PT_30ft": 55, "BlwThreshl": "Above", "Head": 147.473, "lat": 38.762, "lon": -122.055 }, "geometry": { "type": "Point", "coordinates": [ -122.055, 38.762 ] } },
{ "type": "Feature", "properties": { "WCRNmbr": "WCR1999-006125", "PT_30ft": 33, "BlwThreshl": "Above", "Head": 139.87, "lat": 38.763, "lon": -122.06 }, "geometry": { "type": "Point", "coordinates": [ -122.06, 38.763 ] } },
{ "type": "Feature", "properties": { "WCRNmbr": "WCR1995-002786", "PT_30ft": -41, "BlwThreshl": "NoData", "Head": null, "lat": 38.76, "lon": -122.062 }, "geometry": { "type": "Point", "coordinates": [ -122.062, 38.76 ] } },
{ "type": "Feature", "properties": { "WCRNmbr": "WCR1991-001907", "PT_30ft": 13, "BlwThreshl": "Above", "Head": 189.102, "lat": 38.765, "lon": -122.055 }, "geometry": { "type": "Point", "coordinates": [ -122.055, 38.765 ] } },
{ "type": "Feature", "properties": { "WCRNmbr": "WCR1991-002603", "PT_30ft": -1, "BlwThreshl": "NoData", "Head": null, "lat": 38.766, "lon": -122.062 }, "geometry": { "type": "Point", "coordinates": [ -122.062, 38.766 ] } },
{ "type": "Feature", "properties": { "WCRNmbr": "WCR1987-004068", "PT_30ft": 81, "BlwThreshl": "Above", "Head": 139.87, "lat": 38.763, "lon": -122.056 }, "geometry": { "type": "Point", "coordinates": [ -122.056, 38.763 ] } },
{ "type": "Feature", "properties": { "WCRNmbr": "WCR1983-003689", "PT_30ft": 201, "BlwThreshl": "NoData", "Head": null, "lat": 38.76, "lon": -122.059 }, "geometry": { "type": "Point", "coordinates": [ -122.059, 38.76 ] } },
{ "type": "Feature", "properties": { "WCRNmbr": "WCR1970-000257", "PT_30ft": -154, "BlwThreshl": "Above", "Head": 130.176, "lat": 38.695, "lon": -122.009 }, "geometry": { "type": "Point", "coordinates": [ -122.009, 38.695 ] } },
{ "type": "Feature", "properties": { "WCRNmbr": "WCR2017-008606", "PT_30ft": -1002, "BlwThreshl": "Above", "Head": 129.23, "lat": 38.695, "lon": -122.01 }, "geometry": { "type": "Point", "coordinates": [ -122.01, 38.695 ] } },
{ "type": "Feature", "properties": { "WCRNmbr": "WCR1971-000106", "PT_30ft": -151, "BlwThreshl": "Above", "Head": 134.179, "lat": 38.696, "lon": -122.018 }, "geometry": { "type": "Point", "coordinates": [ -122.018, 38.696 ] } },
{ "type": "Feature", "properties": { "WCRNmbr": "WCR2008-001123", "PT_30ft": -205, "BlwThreshl": "Above", "Head": -7.67386, "lat": 38.608, "lon": -121.728 }, "geometry": { "type": "Point", "coordinates": [ -121.728, 38.608 ] } },
{ "type": "Feature", "properties": { "WCRNmbr": "WCR2023-010688", "PT_30ft": -911, "BlwThreshl": "Above", "Head": 61.3345, "lat": 38.681, "lon": -121.885 }, "geometry": { "type": "Point", "coordinates": [ -121.885, 38.681 ] } },
{ "type": "Feature", "properties": { "WCRNmbr": "WCR2016-015229", "PT_30ft": -310, "BlwThreshl": "Above", "Head": 30.2462, "lat": 38.719, "lon": -121.761 }, "geometry": { "type": "Point", "coordinates": [ -121.761, 38.719 ] } },
{ "type": "Feature", "properties": { "WCRNmbr": "WCR2016-008807", "PT_30ft": -392, "BlwThreshl": "Above", "Head": 22.169, "lat": 38.671, "lon": -121.796 }, "geometry": { "type": "Point", "coordinates": [ -121.796, 38.671 ] } },
{ "type": "Feature", "properties": { "WCRNmbr": "WCR1979-001229", "PT_30ft": -129, "BlwThreshl": "Above", "Head": 8.96404, "lat": 38.669, "lon": -121.71 }, "geometry": { "type": "Point", "coordinates": [ -121.71, 38.669 ] } },
{ "type": "Feature", "properties": { "WCRNmbr": "WCR1995-001827", "PT_30ft": -437, "BlwThreshl": "Above", "Head": 9.15473, "lat": 38.669, "lon": -121.74 }, "geometry": { "type": "Point", "coordinates": [ -121.74, 38.669 ] } },
{ "type": "Feature", "properties": { "WCRNmbr": "WCR2018-012231", "PT_30ft": -640, "BlwThreshl": "Above", "Head": 67.2257, "lat": 38.562, "lon": -121.895 }, "geometry": { "type": "Point", "coordinates": [ -121.895, 38.562 ] } },
{ "type": "Feature", "properties": { "WCRNmbr": "WCR2002-002940", "PT_30ft": -66, "BlwThreshl": "Above", "Head": 38.4946, "lat": 38.548, "lon": -121.841 }, "geometry": { "type": "Point", "coordinates": [ -121.841, 38.548 ] } },
{ "type": "Feature", "properties": { "WCRNmbr": "WCR1991-011200", "PT_30ft": -130, "BlwThreshl": "Above", "Head": 21.9186, "lat": 38.557, "lon": -121.824 }, "geometry": { "type": "Point", "coordinates": [ -121.824, 38.557 ] } },
{ "type": "Feature", "properties": { "WCRNmbr": "WCR2004-004696", "PT_30ft": -431, "BlwThreshl": "Above", "Head": 5.39851, "lat": 38.65, "lon": -121.756 }, "geometry": { "type": "Point", "coordinates": [ -121.756, 38.65 ] } },
{ "type": "Feature", "properties": { "WCRNmbr": "WCR1976-001252", "PT_30ft": -377, "BlwThreshl": "Above", "Head": 14.2809, "lat": 38.656, "lon": -121.775 }, "geometry": { "type": "Point", "coordinates": [ -121.775, 38.656 ] } },
{ "type": "Feature", "properties": { "WCRNmbr": "WCR2020-004418", "PT_30ft": -28, "BlwThreshl": "Above", "Head": 112.01, "lat": 38.702, "lon": -121.95 }, "geometry": { "type": "Point", "coordinates": [ -121.95, 38.702 ] } },
{ "type": "Feature", "properties": { "WCRNmbr": "WCR2005-001000", "PT_30ft": -643, "BlwThreshl": "Above", "Head": 117.159, "lat": 38.679, "lon": -121.971 }, "geometry": { "type": "Point", "coordinates": [ -121.971, 38.679 ] } },
{ "type": "Feature", "properties": { "WCRNmbr": "WCR1979-000731", "PT_30ft": -93, "BlwThreshl": "Above", "Head": 14.6454, "lat": 38.746, "lon": -121.622 }, "geometry": { "type": "Point", "coordinates": [ -121.622, 38.746 ] } },
{ "type": "Feature", "properties": { "WCRNmbr": "WCR2015-004462", "PT_30ft": -239, "BlwThreshl": "Above", "Head": 16.2043, "lat": 38.749, "lon": -121.598 }, "geometry": { "type": "Point", "coordinates": [ -121.598, 38.749 ] } },
{ "type": "Feature", "properties": { "WCRNmbr": "WCR0293048", "PT_30ft": -142, "BlwThreshl": "Above", "Head": 1.58208, "lat": 38.667, "lon": -121.622 }, "geometry": { "type": "Point", "coordinates": [ -121.622, 38.667 ] } },
{ "type": "Feature", "properties": { "WCRNmbr": "WCR1972-000597", "PT_30ft": -56, "BlwThreshl": "Above", "Head": 8.20475, "lat": 38.586, "lon": -121.586 }, "geometry": { "type": "Point", "coordinates": [ -121.586, 38.586 ] } },
{ "type": "Feature", "properties": { "WCRNmbr": "WCR1978-001773", "PT_30ft": -277, "BlwThreshl": "Above", "Head": -3.89447, "lat": 38.58, "lon": -121.557 }, "geometry": { "type": "Point", "coordinates": [ -121.557, 38.58 ] } },
{ "type": "Feature", "properties": { "WCRNmbr": "WCR1983-001982", "PT_30ft": -235, "BlwThreshl": "Above", "Head": -3.89447, "lat": 38.581, "lon": -121.554 }, "geometry": { "type": "Point", "coordinates": [ -121.554, 38.581 ] } },
{ "type": "Feature", "properties": { "WCRNmbr": "WCR0265853", "PT_30ft": -63, "BlwThreshl": "Above", "Head": 4.1027, "lat": 38.581, "lon": -121.554 }, "geometry": { "type": "Point", "coordinates": [ -121.554, 38.581 ] } },
{ "type": "Feature", "properties": { "WCRNmbr": "WCR1976-000068", "PT_30ft": -257, "BlwThreshl": "Above", "Head": -2.14486, "lat": 38.581, "lon": -121.543 }, "geometry": { "type": "Point", "coordinates": [ -121.543, 38.581 ] } },
{ "type": "Feature", "properties": { "WCRNmbr": "WCR1996-002974", "PT_30ft": -162, "BlwThreshl": "Above", "Head": -5.62577, "lat": 38.509, "lon": -121.637 }, "geometry": { "type": "Point", "coordinates": [ -121.637, 38.509 ] } },
{ "type": "Feature", "properties": { "WCRNmbr": "WCR1995-001269", "PT_30ft": -203, "BlwThreshl": "Above", "Head": 7.92388, "lat": 38.498, "lon": -121.695 }, "geometry": { "type": "Point", "coordinates": [ -121.695, 38.498 ] } },
{ "type": "Feature", "properties": { "WCRNmbr": "WCR1979-001655", "PT_30ft": -100, "BlwThreshl": "Above", "Head": 3.74681, "lat": 38.495, "lon": -121.687 }, "geometry": { "type": "Point", "coordinates": [ -121.687, 38.495 ] } },
{ "type": "Feature", "properties": { "WCRNmbr": "WCR1971-000432", "PT_30ft": -467, "BlwThreshl": "Above", "Head": -5.00247, "lat": 38.569, "lon": -121.55 }, "geometry": { "type": "Point", "coordinates": [ -121.55, 38.569 ] } },
{ "type": "Feature", "properties": { "WCRNmbr": "WCR1996-003386", "PT_30ft": -159, "BlwThreshl": "Above", "Head": -6.43735, "lat": 38.573, "lon": -121.575 }, "geometry": { "type": "Point", "coordinates": [ -121.575, 38.573 ] } },
{ "type": "Feature", "properties": { "WCRNmbr": "WCR2004-005946", "PT_30ft": -66, "BlwThreshl": "Above", "Head": 1.40679, "lat": 38.528, "lon": -121.561 }, "geometry": { "type": "Point", "coordinates": [ -121.561, 38.528 ] } },
{ "type": "Feature", "properties": { "WCRNmbr": "WCR0164214", "PT_30ft": -155, "BlwThreshl": "Above", "Head": -5.0178, "lat": 38.546, "lon": -121.547 }, "geometry": { "type": "Point", "coordinates": [ -121.547, 38.546 ] } },
{ "type": "Feature", "properties": { "WCRNmbr": "WCR1997-001814", "PT_30ft": -149, "BlwThreshl": "Above", "Head": -5.0178, "lat": 38.545, "lon": -121.549 }, "geometry": { "type": "Point", "coordinates": [ -121.549, 38.545 ] } },
{ "type": "Feature", "properties": { "WCRNmbr": "WCR1979-000430", "PT_30ft": -150, "BlwThreshl": "Above", "Head": -5.0178, "lat": 38.546, "lon": -121.545 }, "geometry": { "type": "Point", "coordinates": [ -121.545, 38.546 ] } },
{ "type": "Feature", "properties": { "WCRNmbr": "WCR1977-002121", "PT_30ft": -159, "BlwThreshl": "Above", "Head": -4.90395, "lat": 38.547, "lon": -121.542 }, "geometry": { "type": "Point", "coordinates": [ -121.542, 38.547 ] } },
{ "type": "Feature", "properties": { "WCRNmbr": "WCR1971-000664", "PT_30ft": -129, "BlwThreshl": "Above", "Head": -4.90395, "lat": 38.546, "lon": -121.544 }, "geometry": { "type": "Point", "coordinates": [ -121.544, 38.546 ] } },
{ "type": "Feature", "properties": { "WCRNmbr": "WCR1984-003968", "PT_30ft": -151, "BlwThreshl": "Above", "Head": -4.90395, "lat": 38.546, "lon": -121.545 }, "geometry": { "type": "Point", "coordinates": [ -121.545, 38.546 ] } },
{ "type": "Feature", "properties": { "WCRNmbr": "WCR1991-006022", "PT_30ft": -165, "BlwThreshl": "Above", "Head": -3.38555, "lat": 38.532, "lon": -121.545 }, "geometry": { "type": "Point", "coordinates": [ -121.545, 38.532 ] } },
{ "type": "Feature", "properties": { "WCRNmbr": "WCR1975-000453", "PT_30ft": -180, "BlwThreshl": "Above", "Head": -4.02787, "lat": 38.532, "lon": -121.545 }, "geometry": { "type": "Point", "coordinates": [ -121.545, 38.532 ] } },
{ "type": "Feature", "properties": { "WCRNmbr": "WCR1978-000151", "PT_30ft": -167, "BlwThreshl": "Above", "Head": -3.38555, "lat": 38.535, "lon": -121.544 }, "geometry": { "type": "Point", "coordinates": [ -121.544, 38.535 ] } },
{ "type": "Feature", "properties": { "WCRNmbr": "WCR1976-000056", "PT_30ft": -179, "BlwThreshl": "Above", "Head": -3.38555, "lat": 38.533, "lon": -121.544 }, "geometry": { "type": "Point", "coordinates": [ -121.544, 38.533 ] } },
{ "type": "Feature", "properties": { "WCRNmbr": "WCR2016-017018", "PT_30ft": -96, "BlwThreshl": "Above", "Head": -5.05859, "lat": 38.531, "lon": -121.564 }, "geometry": { "type": "Point", "coordinates": [ -121.564, 38.531 ] } },
{ "type": "Feature", "properties": { "WCRNmbr": "WCR2002-000481", "PT_30ft": -163, "BlwThreshl": "Above", "Head": -4.1225, "lat": 38.543, "lon": -121.544 }, "geometry": { "type": "Point", "coordinates": [ -121.544, 38.543 ] } },
{ "type": "Feature", "properties": { "WCRNmbr": "WCR1976-000054", "PT_30ft": -179, "BlwThreshl": "Above", "Head": -4.02787, "lat": 38.532, "lon": -121.553 }, "geometry": { "type": "Point", "coordinates": [ -121.553, 38.532 ] } },
{ "type": "Feature", "properties": { "WCRNmbr": "WCR1979-000429", "PT_30ft": -172, "BlwThreshl": "Above", "Head": -4.02787, "lat": 38.535, "lon": -121.548 }, "geometry": { "type": "Point", "coordinates": [ -121.548, 38.535 ] } },
{ "type": "Feature", "properties": { "WCRNmbr": "WCR1974-000707", "PT_30ft": -176, "BlwThreshl": "Above", "Head": -4.68819, "lat": 38.532, "lon": -121.561 }, "geometry": { "type": "Point", "coordinates": [ -121.561, 38.532 ] } },
{ "type": "Feature", "properties": { "WCRNmbr": "WCR1988-001302", "PT_30ft": -177, "BlwThreshl": "Above", "Head": -4.02787, "lat": 38.534, "lon": -121.553 }, "geometry": { "type": "Point", "coordinates": [ -121.553, 38.534 ] } },
{ "type": "Feature", "properties": { "WCRNmbr": "WCR1988-001304", "PT_30ft": -155, "BlwThreshl": "Above", "Head": -4.53957, "lat": 38.544, "lon": -121.55 }, "geometry": { "type": "Point", "coordinates": [ -121.55, 38.544 ] } },
{ "type": "Feature", "properties": { "WCRNmbr": "WCR2009-001182", "PT_30ft": -139, "BlwThreshl": "Above", "Head": -4.02787, "lat": 38.533, "lon": -121.546 }, "geometry": { "type": "Point", "coordinates": [ -121.546, 38.533 ] } },
{ "type": "Feature", "properties": { "WCRNmbr": "WCR1990-004034", "PT_30ft": -184, "BlwThreshl": "Above", "Head": -4.68819, "lat": 38.533, "lon": -121.558 }, "geometry": { "type": "Point", "coordinates": [ -121.558, 38.533 ] } },
{ "type": "Feature", "properties": { "WCRNmbr": "WCR1991-001906", "PT_30ft": -199, "BlwThreshl": "Above", "Head": -4.68819, "lat": 38.533, "lon": -121.559 }, "geometry": { "type": "Point", "coordinates": [ -121.559, 38.533 ] } },
{ "type": "Feature", "properties": { "WCRNmbr": "WCR1996-002972", "PT_30ft": -190, "BlwThreshl": "Above", "Head": -4.02787, "lat": 38.535, "lon": -121.549 }, "geometry": { "type": "Point", "coordinates": [ -121.549, 38.535 ] } },
{ "type": "Feature", "properties": { "WCRNmbr": "WCR2015-013868", "PT_30ft": -129, "BlwThreshl": "Above", "Head": -4.68819, "lat": 38.533, "lon": -121.558 }, "geometry": { "type": "Point", "coordinates": [ -121.558, 38.533 ] } },
{ "type": "Feature", "properties": { "WCRNmbr": "WCR0080774", "PT_30ft": -178, "BlwThreshl": "Above", "Head": -4.02787, "lat": 38.535, "lon": -121.551 }, "geometry": { "type": "Point", "coordinates": [ -121.551, 38.535 ] } },
{ "type": "Feature", "properties": { "WCRNmbr": "WCR1994-002616", "PT_30ft": -170, "BlwThreshl": "Above", "Head": -4.53957, "lat": 38.542, "lon": -121.549 }, "geometry": { "type": "Point", "coordinates": [ -121.549, 38.542 ] } },
{ "type": "Feature", "properties": { "WCRNmbr": "WCR2004-002578", "PT_30ft": -230, "BlwThreshl": "Above", "Head": -4.68819, "lat": 38.533, "lon": -121.562 }, "geometry": { "type": "Point", "coordinates": [ -121.562, 38.533 ] } },
{ "type": "Feature", "properties": { "WCRNmbr": "WCR0220268", "PT_30ft": -154, "BlwThreshl": "Above", "Head": -4.53957, "lat": 38.545, "lon": -121.546 }, "geometry": { "type": "Point", "coordinates": [ -121.546, 38.545 ] } },
{ "type": "Feature", "properties": { "WCRNmbr": "WCR2009-000495", "PT_30ft": -59, "BlwThreshl": "Above", "Head": 1.69972, "lat": 38.538, "lon": -121.549 }, "geometry": { "type": "Point", "coordinates": [ -121.549, 38.538 ] } },
{ "type": "Feature", "properties": { "WCRNmbr": "WCR2013-006113", "PT_30ft": -258, "BlwThreshl": "Above", "Head": -4.02787, "lat": 38.534, "lon": -121.547 }, "geometry": { "type": "Point", "coordinates": [ -121.547, 38.534 ] } },
{ "type": "Feature", "properties": { "WCRNmbr": "WCR0276512", "PT_30ft": -1898, "BlwThreshl": "Above", "Head": -6.78791, "lat": 38.545, "lon": -121.55 }, "geometry": { "type": "Point", "coordinates": [ -121.55, 38.545 ] } },
{ "type": "Feature", "properties": { "WCRNmbr": "WCR1989-012012", "PT_30ft": -186, "BlwThreshl": "Above", "Head": -4.68819, "lat": 38.533, "lon": -121.558 }, "geometry": { "type": "Point", "coordinates": [ -121.558, 38.533 ] } },
{ "type": "Feature", "properties": { "WCRNmbr": "WCR1976-000060", "PT_30ft": -182, "BlwThreshl": "Above", "Head": -4.02787, "lat": 38.534, "lon": -121.548 }, "geometry": { "type": "Point", "coordinates": [ -121.548, 38.534 ] } },
{ "type": "Feature", "properties": { "WCRNmbr": "WCR2004-002445", "PT_30ft": -260, "BlwThreshl": "Above", "Head": -4.68819, "lat": 38.531, "lon": -121.554 }, "geometry": { "type": "Point", "coordinates": [ -121.554, 38.531 ] } },
{ "type": "Feature", "properties": { "WCRNmbr": "WCR0031169", "PT_30ft": 7, "BlwThreshl": "NoData", "Head": null, "lat": 38.54, "lon": -121.549 }, "geometry": { "type": "Point", "coordinates": [ -121.549, 38.54 ] } },
{ "type": "Feature", "properties": { "WCRNmbr": "WCR1978-000345", "PT_30ft": -170, "BlwThreshl": "Above", "Head": -4.02787, "lat": 38.536, "lon": -121.548 }, "geometry": { "type": "Point", "coordinates": [ -121.548, 38.536 ] } },
{ "type": "Feature", "properties": { "WCRNmbr": "WCR1976-000052", "PT_30ft": -177, "BlwThreshl": "Above", "Head": -4.02787, "lat": 38.535, "lon": -121.548 }, "geometry": { "type": "Point", "coordinates": [ -121.548, 38.535 ] } },
{ "type": "Feature", "properties": { "WCRNmbr": "WCR1984-003970", "PT_30ft": -173, "BlwThreshl": "Above", "Head": -4.02787, "lat": 38.533, "lon": -121.553 }, "geometry": { "type": "Point", "coordinates": [ -121.553, 38.533 ] } },
{ "type": "Feature", "properties": { "WCRNmbr": "WCR0220272", "PT_30ft": -175, "BlwThreshl": "Above", "Head": -4.02787, "lat": 38.533, "lon": -121.55 }, "geometry": { "type": "Point", "coordinates": [ -121.55, 38.533 ] } },
{ "type": "Feature", "properties": { "WCRNmbr": "WCR1976-000071", "PT_30ft": -184, "BlwThreshl": "Above", "Head": -4.53957, "lat": 38.539, "lon": -121.551 }, "geometry": { "type": "Point", "coordinates": [ -121.551, 38.539 ] } },
{ "type": "Feature", "properties": { "WCRNmbr": "WCR1990-002171", "PT_30ft": -56, "BlwThreshl": "Above", "Head": 1.67147, "lat": 38.539, "lon": -121.552 }, "geometry": { "type": "Point", "coordinates": [ -121.552, 38.539 ] } },
{ "type": "Feature", "properties": { "WCRNmbr": "WCR1977-002119", "PT_30ft": -183, "BlwThreshl": "Above", "Head": -4.02787, "lat": 38.536, "lon": -121.548 }, "geometry": { "type": "Point", "coordinates": [ -121.548, 38.536 ] } },
{ "type": "Feature", "properties": { "WCRNmbr": "WCR1991-006023", "PT_30ft": -145, "BlwThreshl": "Above", "Head": -4.2747, "lat": 38.523, "lon": -121.562 }, "geometry": { "type": "Point", "coordinates": [ -121.562, 38.523 ] } },
{ "type": "Feature", "properties": { "WCRNmbr": "WCR0013738", "PT_30ft": -232, "BlwThreshl": "Above", "Head": -5.05859, "lat": 38.533, "lon": -121.567 }, "geometry": { "type": "Point", "coordinates": [ -121.567, 38.533 ] } },
{ "type": "Feature", "properties": { "WCRNmbr": "WCR2006-003024", "PT_30ft": -160, "BlwThreshl": "Above", "Head": -3.42111, "lat": 38.525, "lon": -121.549 }, "geometry": { "type": "Point", "coordinates": [ -121.549, 38.525 ] } },
{ "type": "Feature", "properties": { "WCRNmbr": "WCR2015-013867", "PT_30ft": -63, "BlwThreshl": "Above", "Head": 2.16972, "lat": 38.522, "lon": -121.557 }, "geometry": { "type": "Point", "coordinates": [ -121.557, 38.522 ] } },
{ "type": "Feature", "properties": { "WCRNmbr": "WCR1993-004992", "PT_30ft": -164, "BlwThreshl": "Above", "Head": -3.42111, "lat": 38.525, "lon": -121.549 }, "geometry": { "type": "Point", "coordinates": [ -121.549, 38.525 ] } },
{ "type": "Feature", "properties": { "WCRNmbr": "WCR2015-013866", "PT_30ft": -84, "BlwThreshl": "Above", "Head": -3.427, "lat": 38.522, "lon": -121.556 }, "geometry": { "type": "Point", "coordinates": [ -121.556, 38.522 ] } },
{ "type": "Feature", "properties": { "WCRNmbr": "WCR2005-000962", "PT_30ft": -212, "BlwThreshl": "Above", "Head": -2.56361, "lat": 38.518, "lon": -121.553 }, "geometry": { "type": "Point", "coordinates": [ -121.553, 38.518 ] } },
{ "type": "Feature", "properties": { "WCRNmbr": "WCR2008-000422", "PT_30ft": -114, "BlwThreshl": "Above", "Head": -2.56361, "lat": 38.519, "lon": -121.553 }, "geometry": { "type": "Point", "coordinates": [ -121.553, 38.519 ] } },
{ "type": "Feature", "properties": { "WCRNmbr": "WCR1978-000561", "PT_30ft": -165, "BlwThreshl": "Above", "Head": -5.05859, "lat": 38.531, "lon": -121.568 }, "geometry": { "type": "Point", "coordinates": [ -121.568, 38.531 ] } },
{ "type": "Feature", "properties": { "WCRNmbr": "WCR1985-003934", "PT_30ft": -189, "BlwThreshl": "Above", "Head": -4.2747, "lat": 38.525, "lon": -121.555 }, "geometry": { "type": "Point", "coordinates": [ -121.555, 38.525 ] } },
{ "type": "Feature", "properties": { "WCRNmbr": "WCR1977-002116", "PT_30ft": -182, "BlwThreshl": "Above", "Head": -3.427, "lat": 38.523, "lon": -121.557 }, "geometry": { "type": "Point", "coordinates": [ -121.557, 38.523 ] } },
{ "type": "Feature", "properties": { "WCRNmbr": "WCR1996-003109", "PT_30ft": -167, "BlwThreshl": "Above", "Head": -3.42111, "lat": 38.527, "lon": -121.55 }, "geometry": { "type": "Point", "coordinates": [ -121.55, 38.527 ] } },
{ "type": "Feature", "properties": { "WCRNmbr": "WCR2006-001502", "PT_30ft": -259, "BlwThreshl": "Above", "Head": -4.2747, "lat": 38.529, "lon": -121.56 }, "geometry": { "type": "Point", "coordinates": [ -121.56, 38.529 ] } },
{ "type": "Feature", "properties": { "WCRNmbr": "WCR1976-000635", "PT_30ft": -228, "BlwThreshl": "Above", "Head": -5.05859, "lat": 38.531, "lon": -121.568 }, "geometry": { "type": "Point", "coordinates": [ -121.568, 38.531 ] } },
{ "type": "Feature", "properties": { "WCRNmbr": "WCR2003-004972", "PT_30ft": -218, "BlwThreshl": "Above", "Head": -3.42111, "lat": 38.53, "lon": -121.546 }, "geometry": { "type": "Point", "coordinates": [ -121.546, 38.53 ] } },
{ "type": "Feature", "properties": { "WCRNmbr": "WCR2009-001183", "PT_30ft": -33, "BlwThreshl": "Above", "Head": 1.79992, "lat": 38.518, "lon": -121.554 }, "geometry": { "type": "Point", "coordinates": [ -121.554, 38.518 ] } },
{ "type": "Feature", "properties": { "WCRNmbr": "WCR2003-001534", "PT_30ft": -130, "BlwThreshl": "Above", "Head": -4.85845, "lat": 38.524, "lon": -121.564 }, "geometry": { "type": "Point", "coordinates": [ -121.564, 38.524 ] } },
{ "type": "Feature", "properties": { "WCRNmbr": "WCR1993-000569", "PT_30ft": -191, "BlwThreshl": "Above", "Head": -3.42111, "lat": 38.526, "lon": -121.551 }, "geometry": { "type": "Point", "coordinates": [ -121.551, 38.526 ] } },
{ "type": "Feature", "properties": { "WCRNmbr": "WCR1980-000152", "PT_30ft": -167, "BlwThreshl": "Above", "Head": -2.56361, "lat": 38.518, "lon": -121.554 }, "geometry": { "type": "Point", "coordinates": [ -121.554, 38.518 ] } },
{ "type": "Feature", "properties": { "WCRNmbr": "WCR1978-001784", "PT_30ft": -156, "BlwThreshl": "Above", "Head": -3.42111, "lat": 38.525, "lon": -121.55 }, "geometry": { "type": "Point", "coordinates": [ -121.55, 38.525 ] } },
{ "type": "Feature", "properties": { "WCRNmbr": "WCR1990-004033", "PT_30ft": -167, "BlwThreshl": "Above", "Head": -4.2747, "lat": 38.524, "lon": -121.557 }, "geometry": { "type": "Point", "coordinates": [ -121.557, 38.524 ] } },
{ "type": "Feature", "properties": { "WCRNmbr": "WCR1985-000343", "PT_30ft": -175, "BlwThreshl": "Above", "Head": -4.02787, "lat": 38.535, "lon": -121.547 }, "geometry": { "type": "Point", "coordinates": [ -121.547, 38.535 ] } },
{ "type": "Feature", "properties": { "WCRNmbr": "WCR1978-001796", "PT_30ft": -209, "BlwThreshl": "Above", "Head": -5.05859, "lat": 38.531, "lon": -121.567 }, "geometry": { "type": "Point", "coordinates": [ -121.567, 38.531 ] } },
{ "type": "Feature", "properties": { "WCRNmbr": "WCR1978-000153", "PT_30ft": -162, "BlwThreshl": "Above", "Head": -2.56361, "lat": 38.518, "lon": -121.554 }, "geometry": { "type": "Point", "coordinates": [ -121.554, 38.518 ] } },
{ "type": "Feature", "properties": { "WCRNmbr": "WCR1981-000046", "PT_30ft": -204, "BlwThreshl": "Above", "Head": -2.56361, "lat": 38.516, "lon": -121.552 }, "geometry": { "type": "Point", "coordinates": [ -121.552, 38.516 ] } },
{ "type": "Feature", "properties": { "WCRNmbr": "WCR1986-002428", "PT_30ft": -56, "BlwThreshl": "Above", "Head": -2.70608, "lat": 38.541, "lon": -121.515 }, "geometry": { "type": "Point", "coordinates": [ -121.515, 38.541 ] } },
{ "type": "Feature", "properties": { "WCRNmbr": "WCR2005-001763", "PT_30ft": -192, "BlwThreshl": "Above", "Head": -2.1687, "lat": 38.509, "lon": -121.558 }, "geometry": { "type": "Point", "coordinates": [ -121.558, 38.509 ] } },
{ "type": "Feature", "properties": { "WCRNmbr": "WCR1996-002971", "PT_30ft": -154, "BlwThreshl": "Above", "Head": -2.1687, "lat": 38.509, "lon": -121.557 }, "geometry": { "type": "Point", "coordinates": [ -121.557, 38.509 ] } },
{ "type": "Feature", "properties": { "WCRNmbr": "WCR2013-000176", "PT_30ft": -33, "BlwThreshl": "Above", "Head": 2.07822, "lat": 38.505, "lon": -121.56 }, "geometry": { "type": "Point", "coordinates": [ -121.56, 38.505 ] } },
{ "type": "Feature", "properties": { "WCRNmbr": "WCR1977-002118", "PT_30ft": -201, "BlwThreshl": "Above", "Head": -2.1687, "lat": 38.515, "lon": -121.555 }, "geometry": { "type": "Point", "coordinates": [ -121.555, 38.515 ] } },
{ "type": "Feature", "properties": { "WCRNmbr": "WCR2002-001112", "PT_30ft": -195, "BlwThreshl": "Above", "Head": -2.1687, "lat": 38.51, "lon": -121.563 }, "geometry": { "type": "Point", "coordinates": [ -121.563, 38.51 ] } },
{ "type": "Feature", "properties": { "WCRNmbr": "WCR1979-000625", "PT_30ft": -192, "BlwThreshl": "Above", "Head": -5.52376, "lat": 38.51, "lon": -121.573 }, "geometry": { "type": "Point", "coordinates": [ -121.573, 38.51 ] } },
{ "type": "Feature", "properties": { "WCRNmbr": "WCR1979-000432", "PT_30ft": -189, "BlwThreshl": "Above", "Head": -4.34558, "lat": 38.511, "lon": -121.572 }, "geometry": { "type": "Point", "coordinates": [ -121.572, 38.511 ] } },
{ "type": "Feature", "properties": { "WCRNmbr": "WCR2002-004160", "PT_30ft": -195, "BlwThreshl": "Above", "Head": -5.52376, "lat": 38.511, "lon": -121.573 }, "geometry": { "type": "Point", "coordinates": [ -121.573, 38.511 ] } },
{ "type": "Feature", "properties": { "WCRNmbr": "WCR1992-001405", "PT_30ft": -226, "BlwThreshl": "Above", "Head": -4.34558, "lat": 38.511, "lon": -121.571 }, "geometry": { "type": "Point", "coordinates": [ -121.571, 38.511 ] } },
{ "type": "Feature", "properties": { "WCRNmbr": "WCR2000-000612", "PT_30ft": -169, "BlwThreshl": "Above", "Head": -6.33138, "lat": 38.5, "lon": -121.569 }, "geometry": { "type": "Point", "coordinates": [ -121.569, 38.5 ] } },
{ "type": "Feature", "properties": { "WCRNmbr": "WCR1998-000894", "PT_30ft": -49, "BlwThreshl": "Above", "Head": -8.06939, "lat": 38.418, "lon": -121.535 }, "geometry": { "type": "Point", "coordinates": [ -121.535, 38.418 ] } },
{ "type": "Feature", "properties": { "WCRNmbr": "WCR0276910", "PT_30ft": -244, "BlwThreshl": "Above", "Head": -13.7292, "lat": 38.479, "lon": -121.563 }, "geometry": { "type": "Point", "coordinates": [ -121.563, 38.479 ] } },
{ "type": "Feature", "properties": { "WCRNmbr": "WCR1998-000897", "PT_30ft": -93, "BlwThreshl": "Above", "Head": -26.9119, "lat": 38.469, "lon": -121.507 }, "geometry": { "type": "Point", "coordinates": [ -121.507, 38.469 ] } },
{ "type": "Feature", "properties": { "WCRNmbr": "WCR0152561", "PT_30ft": -79, "BlwThreshl": "Above", "Head": -26.9119, "lat": 38.469, "lon": -121.507 }, "geometry": { "type": "Point", "coordinates": [ -121.507, 38.469 ] } },
{ "type": "Feature", "properties": { "WCRNmbr": "WCR2007-002589", "PT_30ft": -54, "BlwThreshl": "Above", "Head": -18.6519, "lat": 38.472, "lon": -121.511 }, "geometry": { "type": "Point", "coordinates": [ -121.511, 38.472 ] } },
{ "type": "Feature", "properties": { "WCRNmbr": "WCR2001-003427", "PT_30ft": -85, "BlwThreshl": "Above", "Head": -27.2889, "lat": 38.444, "lon": -121.504 }, "geometry": { "type": "Point", "coordinates": [ -121.504, 38.444 ] } },
{ "type": "Feature", "properties": { "WCRNmbr": "WCR1996-000061", "PT_30ft": -143, "BlwThreshl": "Above", "Head": -27.0359, "lat": 38.456, "lon": -121.503 }, "geometry": { "type": "Point", "coordinates": [ -121.503, 38.456 ] } },
{ "type": "Feature", "properties": { "WCRNmbr": "WCR2008-001731", "PT_30ft": -78, "BlwThreshl": "Above", "Head": -21.9829, "lat": 38.409, "lon": -121.536 }, "geometry": { "type": "Point", "coordinates": [ -121.536, 38.409 ] } },
{ "type": "Feature", "properties": { "WCRNmbr": "WCR1979-000427", "PT_30ft": -77, "BlwThreshl": "Above", "Head": 6.27683, "lat": 38.46, "lon": -121.564 }, "geometry": { "type": "Point", "coordinates": [ -121.564, 38.46 ] } },
{ "type": "Feature", "properties": { "WCRNmbr": "WCR2003-006265", "PT_30ft": -219, "BlwThreshl": "Above", "Head": -4.68819, "lat": 38.533, "lon": -121.558 }, "geometry": { "type": "Point", "coordinates": [ -121.558, 38.533 ] } },
{ "type": "Feature", "properties": { "WCRNmbr": "WCR2003-000909", "PT_30ft": -115, "BlwThreshl": "Above", "Head": -25.233, "lat": 38.437, "lon": -121.512 }, "geometry": { "type": "Point", "coordinates": [ -121.512, 38.437 ] } },
{ "type": "Feature", "properties": { "WCRNmbr": "WCR2002-001080", "PT_30ft": -32, "BlwThreshl": "Above", "Head": -23.9299, "lat": 38.445, "lon": -121.503 }, "geometry": { "type": "Point", "coordinates": [ -121.503, 38.445 ] } },
{ "type": "Feature", "properties": { "WCRNmbr": "WCR1972-000101", "PT_30ft": -47, "BlwThreshl": "Above", "Head": -27.6116, "lat": 38.441, "lon": -121.505 }, "geometry": { "type": "Point", "coordinates": [ -121.505, 38.441 ] } },
{ "type": "Feature", "properties": { "WCRNmbr": "WCR1979-000480", "PT_30ft": -65, "BlwThreshl": "Above", "Head": -25.0974, "lat": 38.445, "lon": -121.51 }, "geometry": { "type": "Point", "coordinates": [ -121.51, 38.445 ] } },
{ "type": "Feature", "properties": { "WCRNmbr": "WCR1993-000807", "PT_30ft": -75, "BlwThreshl": "Above", "Head": -27.2889, "lat": 38.445, "lon": -121.503 }, "geometry": { "type": "Point", "coordinates": [ -121.503, 38.445 ] } },
{ "type": "Feature", "properties": { "WCRNmbr": "WCR2011-000548", "PT_30ft": -114, "BlwThreshl": "Above", "Head": -25.233, "lat": 38.437, "lon": -121.516 }, "geometry": { "type": "Point", "coordinates": [ -121.516, 38.437 ] } },
{ "type": "Feature", "properties": { "WCRNmbr": "WCR0106364", "PT_30ft": -108, "BlwThreshl": "Above", "Head": -25.233, "lat": 38.437, "lon": -121.511 }, "geometry": { "type": "Point", "coordinates": [ -121.511, 38.437 ] } },
{ "type": "Feature", "properties": { "WCRNmbr": "WCR1986-002433", "PT_30ft": -105, "BlwThreshl": "Above", "Head": -25.233, "lat": 38.438, "lon": -121.51 }, "geometry": { "type": "Point", "coordinates": [ -121.51, 38.438 ] } },
{ "type": "Feature", "properties": { "WCRNmbr": "WCR2000-000613", "PT_30ft": -48, "BlwThreshl": "Above", "Head": -3.69101, "lat": 38.426, "lon": -121.54 }, "geometry": { "type": "Point", "coordinates": [ -121.54, 38.426 ] } },
{ "type": "Feature", "properties": { "WCRNmbr": "WCR1970-000434", "PT_30ft": -157, "BlwThreshl": "Above", "Head": -15.9732, "lat": 38.416, "lon": -121.565 }, "geometry": { "type": "Point", "coordinates": [ -121.565, 38.416 ] } },
{ "type": "Feature", "properties": { "WCRNmbr": "WCR1992-000883", "PT_30ft": -304, "BlwThreshl": "Above", "Head": -15.9732, "lat": 38.416, "lon": -121.565 }, "geometry": { "type": "Point", "coordinates": [ -121.565, 38.416 ] } },
{ "type": "Feature", "properties": { "WCRNmbr": "WCR1994-002683", "PT_30ft": -151, "BlwThreshl": "Above", "Head": -17.7632, "lat": 38.415, "lon": -121.562 }, "geometry": { "type": "Point", "coordinates": [ -121.562, 38.415 ] } },
{ "type": "Feature", "properties": { "WCRNmbr": "WCR1977-002127", "PT_30ft": -282, "BlwThreshl": "Above", "Head": -21.8149, "lat": 38.415, "lon": -121.542 }, "geometry": { "type": "Point", "coordinates": [ -121.542, 38.415 ] } },
{ "type": "Feature", "properties": { "WCRNmbr": "WCR1992-000882", "PT_30ft": -300, "BlwThreshl": "Above", "Head": -21.8149, "lat": 38.417, "lon": -121.537 }, "geometry": { "type": "Point", "coordinates": [ -121.537, 38.417 ] } },
{ "type": "Feature", "properties": { "WCRNmbr": "WCR2000-000604", "PT_30ft": -31, "BlwThreshl": "Above", "Head": -3.62071, "lat": 38.41, "lon": -121.541 }, "geometry": { "type": "Point", "coordinates": [ -121.541, 38.41 ] } },
{ "type": "Feature", "properties": { "WCRNmbr": "WCR1979-000431", "PT_30ft": -23, "BlwThreshl": "Above", "Head": -3.9952, "lat": 38.416, "lon": -121.546 }, "geometry": { "type": "Point", "coordinates": [ -121.546, 38.416 ] } },
{ "type": "Feature", "properties": { "WCRNmbr": "WCR1987-001614", "PT_30ft": -74, "BlwThreshl": "Above", "Head": -23.0954, "lat": 38.419, "lon": -121.53 }, "geometry": { "type": "Point", "coordinates": [ -121.53, 38.419 ] } },
{ "type": "Feature", "properties": { "WCRNmbr": "WCR1970-000436", "PT_30ft": -81, "BlwThreshl": "Above", "Head": -24.6962, "lat": 38.416, "lon": -121.526 }, "geometry": { "type": "Point", "coordinates": [ -121.526, 38.416 ] } },
{ "type": "Feature", "properties": { "WCRNmbr": "WCR2001-003428", "PT_30ft": -95, "BlwThreshl": "Above", "Head": -25.829, "lat": 38.414, "lon": -121.525 }, "geometry": { "type": "Point", "coordinates": [ -121.525, 38.414 ] } },
{ "type": "Feature", "properties": { "WCRNmbr": "WCR1989-012013", "PT_30ft": -79, "BlwThreshl": "Above", "Head": -24.1525, "lat": 38.414, "lon": -121.53 }, "geometry": { "type": "Point", "coordinates": [ -121.53, 38.414 ] } },
{ "type": "Feature", "properties": { "WCRNmbr": "WCR1970-000438", "PT_30ft": -81, "BlwThreshl": "Above", "Head": -24.6962, "lat": 38.417, "lon": -121.526 }, "geometry": { "type": "Point", "coordinates": [ -121.526, 38.417 ] } },
{ "type": "Feature", "properties": { "WCRNmbr": "WCR1992-001497", "PT_30ft": -76, "BlwThreshl": "Above", "Head": -23.0954, "lat": 38.42, "lon": -121.532 }, "geometry": { "type": "Point", "coordinates": [ -121.532, 38.42 ] } },
{ "type": "Feature", "properties": { "WCRNmbr": "WCR1976-001386", "PT_30ft": -77, "BlwThreshl": "Above", "Head": -24.6962, "lat": 38.415, "lon": -121.526 }, "geometry": { "type": "Point", "coordinates": [ -121.526, 38.415 ] } },
{ "type": "Feature", "properties": { "WCRNmbr": "WCR1972-000103", "PT_30ft": -65, "BlwThreshl": "Above", "Head": -23.0954, "lat": 38.419, "lon": -121.533 }, "geometry": { "type": "Point", "coordinates": [ -121.533, 38.419 ] } },
{ "type": "Feature", "properties": { "WCRNmbr": "WCR1971-000282", "PT_30ft": -76, "BlwThreshl": "Above", "Head": -23.0954, "lat": 38.419, "lon": -121.527 }, "geometry": { "type": "Point", "coordinates": [ -121.527, 38.419 ] } },
{ "type": "Feature", "properties": { "WCRNmbr": "WCR1972-000102", "PT_30ft": -80, "BlwThreshl": "Above", "Head": -24.6962, "lat": 38.417, "lon": -121.526 }, "geometry": { "type": "Point", "coordinates": [ -121.526, 38.417 ] } },
{ "type": "Feature", "properties": { "WCRNmbr": "WCR1988-001300", "PT_30ft": -75, "BlwThreshl": "Above", "Head": -23.0954, "lat": 38.419, "lon": -121.532 }, "geometry": { "type": "Point", "coordinates": [ -121.532, 38.419 ] } },
{ "type": "Feature", "properties": { "WCRNmbr": "WCR1980-000154", "PT_30ft": -75, "BlwThreshl": "Above", "Head": -23.0954, "lat": 38.42, "lon": -121.531 }, "geometry": { "type": "Point", "coordinates": [ -121.531, 38.42 ] } },
{ "type": "Feature", "properties": { "WCRNmbr": "WCR1979-000621", "PT_30ft": -79, "BlwThreshl": "Above", "Head": -23.0954, "lat": 38.419, "lon": -121.528 }, "geometry": { "type": "Point", "coordinates": [ -121.528, 38.419 ] } },
{ "type": "Feature", "properties": { "WCRNmbr": "WCR1972-000107", "PT_30ft": -75, "BlwThreshl": "Above", "Head": -24.6962, "lat": 38.416, "lon": -121.525 }, "geometry": { "type": "Point", "coordinates": [ -121.525, 38.416 ] } },
{ "type": "Feature", "properties": { "WCRNmbr": "WCR1997-001568", "PT_30ft": -77, "BlwThreshl": "Above", "Head": -24.6962, "lat": 38.416, "lon": -121.525 }, "geometry": { "type": "Point", "coordinates": [ -121.525, 38.416 ] } },
{ "type": "Feature", "properties": { "WCRNmbr": "WCR1970-000432", "PT_30ft": -83, "BlwThreshl": "Above", "Head": -23.0954, "lat": 38.415, "lon": -121.53 }, "geometry": { "type": "Point", "coordinates": [ -121.53, 38.415 ] } },
{ "type": "Feature", "properties": { "WCRNmbr": "WCR1997-001812", "PT_30ft": -82, "BlwThreshl": "Above", "Head": -25.829, "lat": 38.414, "lon": -121.524 }, "geometry": { "type": "Point", "coordinates": [ -121.524, 38.414 ] } },
{ "type": "Feature", "properties": { "WCRNmbr": "WCR1993-000596", "PT_30ft": -79, "BlwThreshl": "Above", "Head": -24.6962, "lat": 38.415, "lon": -121.525 }, "geometry": { "type": "Point", "coordinates": [ -121.525, 38.415 ] } },
{ "type": "Feature", "properties": { "WCRNmbr": "WCR1988-001298", "PT_30ft": -78, "BlwThreshl": "Above", "Head": -23.0954, "lat": 38.419, "lon": -121.532 }, "geometry": { "type": "Point", "coordinates": [ -121.532, 38.419 ] } },
{ "type": "Feature", "properties": { "WCRNmbr": "WCR1994-002612", "PT_30ft": -81, "BlwThreshl": "Above", "Head": -24.6962, "lat": 38.416, "lon": -121.526 }, "geometry": { "type": "Point", "coordinates": [ -121.526, 38.416 ] } },
{ "type": "Feature", "properties": { "WCRNmbr": "WCR1998-000888", "PT_30ft": -75, "BlwThreshl": "Above", "Head": -23.0954, "lat": 38.415, "lon": -121.53 }, "geometry": { "type": "Point", "coordinates": [ -121.53, 38.415 ] } },
{ "type": "Feature", "properties": { "WCRNmbr": "WCR1971-000281", "PT_30ft": -80, "BlwThreshl": "Above", "Head": -23.0954, "lat": 38.418, "lon": -121.527 }, "geometry": { "type": "Point", "coordinates": [ -121.527, 38.418 ] } },
{ "type": "Feature", "properties": { "WCRNmbr": "WCR1988-011277", "PT_30ft": -171, "BlwThreshl": "Above", "Head": -23.0954, "lat": 38.418, "lon": -121.534 }, "geometry": { "type": "Point", "coordinates": [ -121.534, 38.418 ] } },
{ "type": "Feature", "properties": { "WCRNmbr": "WCR1984-003966", "PT_30ft": -84, "BlwThreshl": "Above", "Head": -23.0954, "lat": 38.42, "lon": -121.532 }, "geometry": { "type": "Point", "coordinates": [ -121.532, 38.42 ] } },
{ "type": "Feature", "properties": { "WCRNmbr": "WCR1973-000551", "PT_30ft": -67, "BlwThreshl": "Above", "Head": -29.1477, "lat": 38.397, "lon": -121.515 }, "geometry": { "type": "Point", "coordinates": [ -121.515, 38.397 ] } },
{ "type": "Feature", "properties": { "WCRNmbr": "WCR0106368", "PT_30ft": -76, "BlwThreshl": "Above", "Head": -29.1477, "lat": 38.396, "lon": -121.515 }, "geometry": { "type": "Point", "coordinates": [ -121.515, 38.396 ] } },
{ "type": "Feature", "properties": { "WCRNmbr": "WCR1976-000061", "PT_30ft": -77, "BlwThreshl": "Above", "Head": -28.91, "lat": 38.404, "lon": -121.517 }, "geometry": { "type": "Point", "coordinates": [ -121.517, 38.404 ] } },
{ "type": "Feature", "properties": { "WCRNmbr": "WCR1976-000069", "PT_30ft": -53, "BlwThreshl": "Above", "Head": -28.91, "lat": 38.404, "lon": -121.517 }, "geometry": { "type": "Point", "coordinates": [ -121.517, 38.404 ] } },
{ "type": "Feature", "properties": { "WCRNmbr": "WCR1999-000612", "PT_30ft": -82, "BlwThreshl": "Above", "Head": -29.1477, "lat": 38.396, "lon": -121.515 }, "geometry": { "type": "Point", "coordinates": [ -121.515, 38.396 ] } },
{ "type": "Feature", "properties": { "WCRNmbr": "WCR1992-001402", "PT_30ft": -63, "BlwThreshl": "Above", "Head": -29.1477, "lat": 38.395, "lon": -121.515 }, "geometry": { "type": "Point", "coordinates": [ -121.515, 38.395 ] } },
{ "type": "Feature", "properties": { "WCRNmbr": "WCR1991-002213", "PT_30ft": -128, "BlwThreshl": "Above", "Head": -29.1477, "lat": 38.394, "lon": -121.515 }, "geometry": { "type": "Point", "coordinates": [ -121.515, 38.394 ] } },
{ "type": "Feature", "properties": { "WCRNmbr": "WCR1976-000067", "PT_30ft": -67, "BlwThreshl": "Above", "Head": -24.1087, "lat": 38.403, "lon": -121.531 }, "geometry": { "type": "Point", "coordinates": [ -121.531, 38.403 ] } },
{ "type": "Feature", "properties": { "WCRNmbr": "WCR1989-012014", "PT_30ft": -379, "BlwThreshl": "Above", "Head": -22.0418, "lat": 38.404, "lon": -121.542 }, "geometry": { "type": "Point", "coordinates": [ -121.542, 38.404 ] } },
{ "type": "Feature", "properties": { "WCRNmbr": "WCR1984-003965", "PT_30ft": -40, "BlwThreshl": "Above", "Head": -3.62077, "lat": 38.402, "lon": -121.537 }, "geometry": { "type": "Point", "coordinates": [ -121.537, 38.402 ] } },
{ "type": "Feature", "properties": { "WCRNmbr": "WCR2008-000977", "PT_30ft": -42, "BlwThreshl": "Above", "Head": -3.62077, "lat": 38.404, "lon": -121.544 }, "geometry": { "type": "Point", "coordinates": [ -121.544, 38.404 ] } },
{ "type": "Feature", "properties": { "WCRNmbr": "WCR1986-003211", "PT_30ft": -49, "BlwThreshl": "Above", "Head": -1.80551, "lat": 38.401, "lon": -121.547 }, "geometry": { "type": "Point", "coordinates": [ -121.547, 38.401 ] } },
{ "type": "Feature", "properties": { "WCRNmbr": "WCR2003-001290", "PT_30ft": -209, "BlwThreshl": "Above", "Head": -16.3979, "lat": 38.393, "lon": -121.569 }, "geometry": { "type": "Point", "coordinates": [ -121.569, 38.393 ] } },
{ "type": "Feature", "properties": { "WCRNmbr": "WCR2012-000061", "PT_30ft": -361, "BlwThreshl": "Above", "Head": -20.0232, "lat": 38.388, "lon": -121.546 }, "geometry": { "type": "Point", "coordinates": [ -121.546, 38.388 ] } },
{ "type": "Feature", "properties": { "WCRNmbr": "WCR0014014", "PT_30ft": -64, "BlwThreshl": "Above", "Head": -3.90913, "lat": 38.391, "lon": -121.539 }, "geometry": { "type": "Point", "coordinates": [ -121.539, 38.391 ] } },
{ "type": "Feature", "properties": { "WCRNmbr": "WCR1981-000044", "PT_30ft": -351, "BlwThreshl": "Above", "Head": -21.9354, "lat": 38.387, "lon": -121.542 }, "geometry": { "type": "Point", "coordinates": [ -121.542, 38.387 ] } },
{ "type": "Feature", "properties": { "WCRNmbr": "WCR2009-000844", "PT_30ft": -51, "BlwThreshl": "Above", "Head": -19.0963, "lat": 38.379, "lon": -121.526 }, "geometry": { "type": "Point", "coordinates": [ -121.526, 38.379 ] } },
{ "type": "Feature", "properties": { "WCRNmbr": "WCR2001-000349", "PT_30ft": -75, "BlwThreshl": "Above", "Head": -25.1903, "lat": 38.383, "lon": -121.523 }, "geometry": { "type": "Point", "coordinates": [ -121.523, 38.383 ] } },
{ "type": "Feature", "properties": { "WCRNmbr": "WCR1992-001496", "PT_30ft": -72, "BlwThreshl": "Above", "Head": -28.8805, "lat": 38.392, "lon": -121.516 }, "geometry": { "type": "Point", "coordinates": [ -121.516, 38.392 ] } },
{ "type": "Feature", "properties": { "WCRNmbr": "WCR0014015", "PT_30ft": -104, "BlwThreshl": "Above", "Head": -29.1477, "lat": 38.396, "lon": -121.515 }, "geometry": { "type": "Point", "coordinates": [ -121.515, 38.396 ] } },
{ "type": "Feature", "properties": { "WCRNmbr": "WCR1976-000050", "PT_30ft": -77, "BlwThreshl": "Above", "Head": -29.1477, "lat": 38.396, "lon": -121.515 }, "geometry": { "type": "Point", "coordinates": [ -121.515, 38.396 ] } },
{ "type": "Feature", "properties": { "WCRNmbr": "WCR1976-000074", "PT_30ft": -118, "BlwThreshl": "Above", "Head": -25.8321, "lat": 38.368, "lon": -121.523 }, "geometry": { "type": "Point", "coordinates": [ -121.523, 38.368 ] } },
{ "type": "Feature", "properties": { "WCRNmbr": "WCR1998-000896", "PT_30ft": -106, "BlwThreshl": "Above", "Head": -25.8321, "lat": 38.365, "lon": -121.523 }, "geometry": { "type": "Point", "coordinates": [ -121.523, 38.365 ] } },
{ "type": "Feature", "properties": { "WCRNmbr": "WCR1972-000684", "PT_30ft": -56, "BlwThreshl": "Above", "Head": -25.8321, "lat": 38.369, "lon": -121.523 }, "geometry": { "type": "Point", "coordinates": [ -121.523, 38.369 ] } },
{ "type": "Feature", "properties": { "WCRNmbr": "WCR1970-000163", "PT_30ft": -89, "BlwThreshl": "Above", "Head": -16.0567, "lat": 38.37, "lon": -121.571 }, "geometry": { "type": "Point", "coordinates": [ -121.571, 38.37 ] } },
{ "type": "Feature", "properties": { "WCRNmbr": "WCR1976-000062", "PT_30ft": -35, "BlwThreshl": "Above", "Head": -1.71865, "lat": 38.372, "lon": -121.546 }, "geometry": { "type": "Point", "coordinates": [ -121.546, 38.372 ] } },
{ "type": "Feature", "properties": { "WCRNmbr": "WCR1976-000064", "PT_30ft": -33, "BlwThreshl": "Above", "Head": -1.71865, "lat": 38.372, "lon": -121.547 }, "geometry": { "type": "Point", "coordinates": [ -121.547, 38.372 ] } },
{ "type": "Feature", "properties": { "WCRNmbr": "WCR1976-000063", "PT_30ft": -34, "BlwThreshl": "Above", "Head": -1.71865, "lat": 38.372, "lon": -121.546 }, "geometry": { "type": "Point", "coordinates": [ -121.546, 38.372 ] } },
{ "type": "Feature", "properties": { "WCRNmbr": "WCR1981-000045", "PT_30ft": -306, "BlwThreshl": "Above", "Head": -19.8855, "lat": 38.374, "lon": -121.552 }, "geometry": { "type": "Point", "coordinates": [ -121.552, 38.374 ] } },
{ "type": "Feature", "properties": { "WCRNmbr": "WCR1970-000431", "PT_30ft": -9, "BlwThreshl": "Above", "Head": -1.71865, "lat": 38.375, "lon": -121.55 }, "geometry": { "type": "Point", "coordinates": [ -121.55, 38.375 ] } },
{ "type": "Feature", "properties": { "WCRNmbr": "WCR1997-003324", "PT_30ft": -292, "BlwThreshl": "Above", "Head": -17.9365, "lat": 38.367, "lon": -121.557 }, "geometry": { "type": "Point", "coordinates": [ -121.557, 38.367 ] } },
{ "type": "Feature", "properties": { "WCRNmbr": "WCR1996-002966", "PT_30ft": -129, "BlwThreshl": "Above", "Head": -16.2528, "lat": 38.372, "lon": -121.566 }, "geometry": { "type": "Point", "coordinates": [ -121.566, 38.372 ] } },
{ "type": "Feature", "properties": { "WCRNmbr": "WCR1970-000437", "PT_30ft": -187, "BlwThreshl": "Above", "Head": -10.4684, "lat": 38.343, "lon": -121.583 }, "geometry": { "type": "Point", "coordinates": [ -121.583, 38.343 ] } },
{ "type": "Feature", "properties": { "WCRNmbr": "WCR1988-001296", "PT_30ft": -183, "BlwThreshl": "Above", "Head": -15.7961, "lat": 38.36, "lon": -121.566 }, "geometry": { "type": "Point", "coordinates": [ -121.566, 38.36 ] } },
{ "type": "Feature", "properties": { "WCRNmbr": "WCR1973-000543", "PT_30ft": -81, "BlwThreshl": "Above", "Head": -23.3808, "lat": 38.358, "lon": -121.528 }, "geometry": { "type": "Point", "coordinates": [ -121.528, 38.358 ] } },
{ "type": "Feature", "properties": { "WCRNmbr": "WCR1981-000043", "PT_30ft": -102, "BlwThreshl": "Above", "Head": -24.9039, "lat": 38.362, "lon": -121.523 }, "geometry": { "type": "Point", "coordinates": [ -121.523, 38.362 ] } },
{ "type": "Feature", "properties": { "WCRNmbr": "WCR1985-004050", "PT_30ft": -233, "BlwThreshl": "Above", "Head": -22.1436, "lat": 38.348, "lon": -121.543 }, "geometry": { "type": "Point", "coordinates": [ -121.543, 38.348 ] } },
{ "type": "Feature", "properties": { "WCRNmbr": "WCR1970-000435", "PT_30ft": -105, "BlwThreshl": "Above", "Head": -20.9211, "lat": 38.348, "lon": -121.548 }, "geometry": { "type": "Point", "coordinates": [ -121.548, 38.348 ] } },
{ "type": "Feature", "properties": { "WCRNmbr": "WCR1981-000016", "PT_30ft": -184, "BlwThreshl": "Above", "Head": -1.29744, "lat": 38.486, "lon": -121.678 }, "geometry": { "type": "Point", "coordinates": [ -121.678, 38.486 ] } },
{ "type": "Feature", "properties": { "WCRNmbr": "WCR1991-009590", "PT_30ft": -232, "BlwThreshl": "Above", "Head": -2.87737, "lat": 38.474, "lon": -121.674 }, "geometry": { "type": "Point", "coordinates": [ -121.674, 38.474 ] } },
{ "type": "Feature", "properties": { "WCRNmbr": "WCR1989-001314", "PT_30ft": -253, "BlwThreshl": "Above", "Head": -12.6725, "lat": 38.429, "lon": -121.584 }, "geometry": { "type": "Point", "coordinates": [ -121.584, 38.429 ] } },
{ "type": "Feature", "properties": { "WCRNmbr": "WCR1978-000343", "PT_30ft": -256, "BlwThreshl": "Above", "Head": -9.50754, "lat": 38.422, "lon": -121.611 }, "geometry": { "type": "Point", "coordinates": [ -121.611, 38.422 ] } },
{ "type": "Feature", "properties": { "WCRNmbr": "WCR1987-004000", "PT_30ft": -92, "BlwThreshl": "Above", "Head": 10.4938, "lat": 38.416, "lon": -121.664 }, "geometry": { "type": "Point", "coordinates": [ -121.664, 38.416 ] } },
{ "type": "Feature", "properties": { "WCRNmbr": "WCR1975-000451", "PT_30ft": -255, "BlwThreshl": "Above", "Head": -10.8185, "lat": 38.408, "lon": -121.606 }, "geometry": { "type": "Point", "coordinates": [ -121.606, 38.408 ] } },
{ "type": "Feature", "properties": { "WCRNmbr": "WCR2004-004341", "PT_30ft": -236, "BlwThreshl": "Above", "Head": -11.8427, "lat": 38.408, "lon": -121.594 }, "geometry": { "type": "Point", "coordinates": [ -121.594, 38.408 ] } },
{ "type": "Feature", "properties": { "WCRNmbr": "WCR1999-000613", "PT_30ft": -136, "BlwThreshl": "Above", "Head": -13.0656, "lat": 38.414, "lon": -121.583 }, "geometry": { "type": "Point", "coordinates": [ -121.583, 38.414 ] } },
{ "type": "Feature", "properties": { "WCRNmbr": "WCR2007-002587", "PT_30ft": -239, "BlwThreshl": "Above", "Head": -11.9914, "lat": 38.407, "lon": -121.592 }, "geometry": { "type": "Point", "coordinates": [ -121.592, 38.407 ] } },
{ "type": "Feature", "properties": { "WCRNmbr": "WCR1984-003969", "PT_30ft": -141, "BlwThreshl": "Above", "Head": -13.3168, "lat": 38.39, "lon": -121.583 }, "geometry": { "type": "Point", "coordinates": [ -121.583, 38.39 ] } },
{ "type": "Feature", "properties": { "WCRNmbr": "WCR1970-000363", "PT_30ft": -69, "BlwThreshl": "Above", "Head": 15.5956, "lat": 38.394, "lon": -121.691 }, "geometry": { "type": "Point", "coordinates": [ -121.691, 38.394 ] } },
{ "type": "Feature", "properties": { "WCRNmbr": "WCR0311974", "PT_30ft": -312, "BlwThreshl": "Above", "Head": -6.30268, "lat": 38.38, "lon": -121.666 }, "geometry": { "type": "Point", "coordinates": [ -121.666, 38.38 ] } },
{ "type": "Feature", "properties": { "WCRNmbr": "WCR1984-003967", "PT_30ft": -239, "BlwThreshl": "Above", "Head": -8.0456, "lat": 38.376, "lon": -121.622 }, "geometry": { "type": "Point", "coordinates": [ -121.622, 38.376 ] } },
{ "type": "Feature", "properties": { "WCRNmbr": "WCR2005-005190", "PT_30ft": -256, "BlwThreshl": "Above", "Head": -9.41802, "lat": 38.385, "lon": -121.616 }, "geometry": { "type": "Point", "coordinates": [ -121.616, 38.385 ] } },
{ "type": "Feature", "properties": { "WCRNmbr": "WCR2002-006653", "PT_30ft": -244, "BlwThreshl": "Above", "Head": -8.89683, "lat": 38.376, "lon": -121.616 }, "geometry": { "type": "Point", "coordinates": [ -121.616, 38.376 ] } },
{ "type": "Feature", "properties": { "WCRNmbr": "WCR1994-002608", "PT_30ft": -239, "BlwThreshl": "Above", "Head": -7.1795, "lat": 38.361, "lon": -121.624 }, "geometry": { "type": "Point", "coordinates": [ -121.624, 38.361 ] } },
{ "type": "Feature", "properties": { "WCRNmbr": "WCR1990-005432", "PT_30ft": -239, "BlwThreshl": "Above", "Head": -7.02051, "lat": 38.366, "lon": -121.63 }, "geometry": { "type": "Point", "coordinates": [ -121.63, 38.366 ] } },
{ "type": "Feature", "properties": { "WCRNmbr": "WCR1983-001981", "PT_30ft": -90, "BlwThreshl": "Above", "Head": -7.23965, "lat": 38.335, "lon": -121.585 }, "geometry": { "type": "Point", "coordinates": [ -121.585, 38.335 ] } },
{ "type": "Feature", "properties": { "WCRNmbr": "WCR1974-000713", "PT_30ft": -218, "BlwThreshl": "Above", "Head": -1.95658, "lat": 38.321, "lon": -121.633 }, "geometry": { "type": "Point", "coordinates": [ -121.633, 38.321 ] } },
{ "type": "Feature", "properties": { "WCRNmbr": "WCR1974-000050", "PT_30ft": -303, "BlwThreshl": "Above", "Head": -6.27684, "lat": 38.595, "lon": -121.512 }, "geometry": { "type": "Point", "coordinates": [ -121.512, 38.595 ] } },
{ "type": "Feature", "properties": { "WCRNmbr": "WCR2000-000275", "PT_30ft": -101, "BlwThreshl": "Above", "Head": -4.68819, "lat": 38.533, "lon": -121.555 }, "geometry": { "type": "Point", "coordinates": [ -121.555, 38.533 ] } },
{ "type": "Feature", "properties": { "WCRNmbr": "WCR1992-004824", "PT_30ft": -50, "BlwThreshl": "NoData", "Head": null, "lat": 38.647, "lon": -121.578 }, "geometry": { "type": "Point", "coordinates": [ -121.578, 38.647 ] } },
{ "type": "Feature", "properties": { "WCRNmbr": "WCR2006-006759", "PT_30ft": -61, "BlwThreshl": "Above", "Head": 10.7156, "lat": 38.637, "lon": -121.567 }, "geometry": { "type": "Point", "coordinates": [ -121.567, 38.637 ] } },
{ "type": "Feature", "properties": { "WCRNmbr": "WCR0195197", "PT_30ft": -81, "BlwThreshl": "Above", "Head": 1.638, "lat": 38.634, "lon": -121.565 }, "geometry": { "type": "Point", "coordinates": [ -121.565, 38.634 ] } },
{ "type": "Feature", "properties": { "WCRNmbr": "WCR2005-005224", "PT_30ft": -97, "BlwThreshl": "Above", "Head": 10.6404, "lat": 38.625, "lon": -121.567 }, "geometry": { "type": "Point", "coordinates": [ -121.567, 38.625 ] } },
{ "type": "Feature", "properties": { "WCRNmbr": "WCR2004-002591", "PT_30ft": -87, "BlwThreshl": "NoData", "Head": null, "lat": 38.621, "lon": -121.564 }, "geometry": { "type": "Point", "coordinates": [ -121.564, 38.621 ] } },
{ "type": "Feature", "properties": { "WCRNmbr": "WCR1979-000663", "PT_30ft": -62, "BlwThreshl": "Above", "Head": 8.24108, "lat": 38.597, "lon": -121.536 }, "geometry": { "type": "Point", "coordinates": [ -121.536, 38.597 ] } },
{ "type": "Feature", "properties": { "WCRNmbr": "WCR2019-015216", "PT_30ft": -160, "BlwThreshl": "Above", "Head": -4.2747, "lat": 38.527, "lon": -121.56 }, "geometry": { "type": "Point", "coordinates": [ -121.56, 38.527 ] } },
{ "type": "Feature", "properties": { "WCRNmbr": "WCR2023-012230", "PT_30ft": -331, "BlwThreshl": "Above", "Head": -4.68819, "lat": 38.533, "lon": -121.559 }, "geometry": { "type": "Point", "coordinates": [ -121.559, 38.533 ] } },
{ "type": "Feature", "properties": { "WCRNmbr": "WCR1993-000571", "PT_30ft": -237, "BlwThreshl": "Above", "Head": -4.2747, "lat": 38.528, "lon": -121.556 }, "geometry": { "type": "Point", "coordinates": [ -121.556, 38.528 ] } },
{ "type": "Feature", "properties": { "WCRNmbr": "WCR2017-000537", "PT_30ft": -55, "BlwThreshl": "Above", "Head": 1.69972, "lat": 38.532, "lon": -121.551 }, "geometry": { "type": "Point", "coordinates": [ -121.551, 38.532 ] } },
{ "type": "Feature", "properties": { "WCRNmbr": "WCR0120191", "PT_30ft": -151, "BlwThreshl": "Above", "Head": -4.02787, "lat": 38.537, "lon": -121.549 }, "geometry": { "type": "Point", "coordinates": [ -121.549, 38.537 ] } },
{ "type": "Feature", "properties": { "WCRNmbr": "WCR2019-009755", "PT_30ft": -66, "BlwThreshl": "Above", "Head": 1.67147, "lat": 38.538, "lon": -121.548 }, "geometry": { "type": "Point", "coordinates": [ -121.548, 38.538 ] } },
{ "type": "Feature", "properties": { "WCRNmbr": "WCR2019-009756", "PT_30ft": -61, "BlwThreshl": "Above", "Head": 1.67147, "lat": 38.538, "lon": -121.548 }, "geometry": { "type": "Point", "coordinates": [ -121.548, 38.538 ] } },
{ "type": "Feature", "properties": { "WCRNmbr": "WCR2021-004239", "PT_30ft": -65, "BlwThreshl": "Above", "Head": 1.76105, "lat": 38.529, "lon": -121.55 }, "geometry": { "type": "Point", "coordinates": [ -121.55, 38.529 ] } },
{ "type": "Feature", "properties": { "WCRNmbr": "WCR1976-000053", "PT_30ft": -173, "BlwThreshl": "Above", "Head": -4.02787, "lat": 38.537, "lon": -121.553 }, "geometry": { "type": "Point", "coordinates": [ -121.553, 38.537 ] } },
{ "type": "Feature", "properties": { "WCRNmbr": "WCR2020-014359", "PT_30ft": -75, "BlwThreshl": "Above", "Head": 1.69972, "lat": 38.531, "lon": -121.55 }, "geometry": { "type": "Point", "coordinates": [ -121.55, 38.531 ] } },
{ "type": "Feature", "properties": { "WCRNmbr": "WCR2019-016038", "PT_30ft": -104, "BlwThreshl": "Above", "Head": -4.02787, "lat": 38.533, "lon": -121.547 }, "geometry": { "type": "Point", "coordinates": [ -121.547, 38.533 ] } },
{ "type": "Feature", "properties": { "WCRNmbr": "WCR2020-000291", "PT_30ft": -210, "BlwThreshl": "Above", "Head": -4.02787, "lat": 38.535, "lon": -121.551 }, "geometry": { "type": "Point", "coordinates": [ -121.551, 38.535 ] } },
{ "type": "Feature", "properties": { "WCRNmbr": "WCR1980-002541", "PT_30ft": -75, "BlwThreshl": "Above", "Head": -20.8735, "lat": 38.422, "lon": -121.531 }, "geometry": { "type": "Point", "coordinates": [ -121.531, 38.422 ] } },
{ "type": "Feature", "properties": { "WCRNmbr": "WCR1980-002498", "PT_30ft": -189, "BlwThreshl": "Above", "Head": -3.61853, "lat": 38.498, "lon": -121.658 }, "geometry": { "type": "Point", "coordinates": [ -121.658, 38.498 ] } },
{ "type": "Feature", "properties": { "WCRNmbr": "WCR1983-003710", "PT_30ft": -313, "BlwThreshl": "Above", "Head": -15.6917, "lat": 38.422, "lon": -121.569 }, "geometry": { "type": "Point", "coordinates": [ -121.569, 38.422 ] } },
{ "type": "Feature", "properties": { "WCRNmbr": "WCR065765", "PT_30ft": 240, "BlwThreshl": "Above", "Head": 269.095, "lat": 38.717, "lon": -122.126 }, "geometry": { "type": "Point", "coordinates": [ -122.126, 38.717 ] } },
{ "type": "Feature", "properties": { "WCRNmbr": "WCR199-004054", "PT_30ft": -305, "BlwThreshl": "Above", "Head": 4.13703, "lat": 38.856, "lon": -121.943 }, "geometry": { "type": "Point", "coordinates": [ -121.943, 38.856 ] } },
{ "type": "Feature", "properties": { "WCRNmbr": "WCR1998-001243", "PT_30ft": -292, "BlwThreshl": "Above", "Head": 14.8199, "lat": 38.882, "lon": -121.971 }, "geometry": { "type": "Point", "coordinates": [ -121.971, 38.882 ] } },
{ "type": "Feature", "properties": { "WCRNmbr": "WCR2017-012201", "PT_30ft": -175, "BlwThreshl": "Above", "Head": 77.8579, "lat": 38.534, "lon": -121.948 }, "geometry": { "type": "Point", "coordinates": [ -121.948, 38.534 ] } },
{ "type": "Feature", "properties": { "WCRNmbr": "WCR2011-002421", "PT_30ft": 290, "BlwThreshl": "NoData", "Head": null, "lat": 38.9, "lon": -122.249 }, "geometry": { "type": "Point", "coordinates": [ -122.249, 38.9 ] } },
{ "type": "Feature", "properties": { "WCRNmbr": "WCR1991-012525", "PT_30ft": 453, "BlwThreshl": "NoData", "Head": null, "lat": 38.885, "lon": -122.241 }, "geometry": { "type": "Point", "coordinates": [ -122.241, 38.885 ] } },
{ "type": "Feature", "properties": { "WCRNmbr": "WCR2009-003220", "PT_30ft": 274, "BlwThreshl": "NoData", "Head": null, "lat": 38.898, "lon": -122.247 }, "geometry": { "type": "Point", "coordinates": [ -122.247, 38.898 ] } },
{ "type": "Feature", "properties": { "WCRNmbr": "WCR1972-000208", "PT_30ft": 412, "BlwThreshl": "NoData", "Head": null, "lat": 38.886, "lon": -122.236 }, "geometry": { "type": "Point", "coordinates": [ -122.236, 38.886 ] } },
{ "type": "Feature", "properties": { "WCRNmbr": "WCR1992-008979", "PT_30ft": 425, "BlwThreshl": "NoData", "Head": null, "lat": 38.906, "lon": -122.25 }, "geometry": { "type": "Point", "coordinates": [ -122.25, 38.906 ] } },
{ "type": "Feature", "properties": { "WCRNmbr": "WCR2003-001335", "PT_30ft": 267, "BlwThreshl": "NoData", "Head": null, "lat": 38.883, "lon": -122.237 }, "geometry": { "type": "Point", "coordinates": [ -122.237, 38.883 ] } },
{ "type": "Feature", "properties": { "WCRNmbr": "WCR1977-001546", "PT_30ft": 153, "BlwThreshl": "NoData", "Head": null, "lat": 38.882, "lon": -122.237 }, "geometry": { "type": "Point", "coordinates": [ -122.237, 38.882 ] } },
{ "type": "Feature", "properties": { "WCRNmbr": "WCR2019-016168", "PT_30ft": 83, "BlwThreshl": "NoData", "Head": null, "lat": 38.886, "lon": -122.24 }, "geometry": { "type": "Point", "coordinates": [ -122.24, 38.886 ] } },
{ "type": "Feature", "properties": { "WCRNmbr": "WCR1973-000323", "PT_30ft": 397, "BlwThreshl": "NoData", "Head": null, "lat": 38.886, "lon": -122.238 }, "geometry": { "type": "Point", "coordinates": [ -122.238, 38.886 ] } },
{ "type": "Feature", "properties": { "WCRNmbr": "WCR2002-001138", "PT_30ft": 281, "BlwThreshl": "NoData", "Head": null, "lat": 38.884, "lon": -122.237 }, "geometry": { "type": "Point", "coordinates": [ -122.237, 38.884 ] } },
{ "type": "Feature", "properties": { "WCRNmbr": "WCR1979-000132", "PT_30ft": 404, "BlwThreshl": "NoData", "Head": null, "lat": 38.887, "lon": -122.239 }, "geometry": { "type": "Point", "coordinates": [ -122.239, 38.887 ] } },
{ "type": "Feature", "properties": { "WCRNmbr": "WCR2020-001800", "PT_30ft": 323, "BlwThreshl": "NoData", "Head": null, "lat": 38.885, "lon": -122.242 }, "geometry": { "type": "Point", "coordinates": [ -122.242, 38.885 ] } },
{ "type": "Feature", "properties": { "WCRNmbr": "WCR1970-000310", "PT_30ft": 389, "BlwThreshl": "NoData", "Head": null, "lat": 38.888, "lon": -122.235 }, "geometry": { "type": "Point", "coordinates": [ -122.235, 38.888 ] } },
{ "type": "Feature", "properties": { "WCRNmbr": "WCR2004-004634", "PT_30ft": 225, "BlwThreshl": "NoData", "Head": null, "lat": 38.887, "lon": -122.24 }, "geometry": { "type": "Point", "coordinates": [ -122.24, 38.887 ] } },
{ "type": "Feature", "properties": { "WCRNmbr": "WCR2005-005131", "PT_30ft": 199, "BlwThreshl": "NoData", "Head": null, "lat": 38.896, "lon": -122.246 }, "geometry": { "type": "Point", "coordinates": [ -122.246, 38.896 ] } },
{ "type": "Feature", "properties": { "WCRNmbr": "WCR1989-003361", "PT_30ft": 395, "BlwThreshl": "NoData", "Head": null, "lat": 38.895, "lon": -122.249 }, "geometry": { "type": "Point", "coordinates": [ -122.249, 38.895 ] } },
{ "type": "Feature", "properties": { "WCRNmbr": "WCR1989-003360", "PT_30ft": 335, "BlwThreshl": "NoData", "Head": null, "lat": 38.901, "lon": -122.25 }, "geometry": { "type": "Point", "coordinates": [ -122.25, 38.901 ] } },
{ "type": "Feature", "properties": { "WCRNmbr": "WCR1989-003359", "PT_30ft": 345, "BlwThreshl": "NoData", "Head": null, "lat": 38.898, "lon": -122.249 }, "geometry": { "type": "Point", "coordinates": [ -122.249, 38.898 ] } },
{ "type": "Feature", "properties": { "WCRNmbr": "WCR2009-005145", "PT_30ft": 223, "BlwThreshl": "NoData", "Head": null, "lat": 38.897, "lon": -122.246 }, "geometry": { "type": "Point", "coordinates": [ -122.246, 38.897 ] } },
{ "type": "Feature", "properties": { "WCRNmbr": "WCR2000-006361", "PT_30ft": 401, "BlwThreshl": "NoData", "Head": null, "lat": 38.892, "lon": -122.247 }, "geometry": { "type": "Point", "coordinates": [ -122.247, 38.892 ] } }
]
}
