{
"type": "FeatureCollection",
"name": "ImpactedWells_Sep26_ForecastHeads_Thresholds",
"features": [
{ "type": "Feature", "id": "WCR1970-000363", "properties": { "WCRNmbr": "WCR1970-000363", "LAT": 38.3798, "LONG": -121.685, "BlwThreshl":"Above" ,"Head":13.7608}, "geometry": { "type": "Point", "coordinates": [ -121.685, 38.3798 ] } },
{ "type": "Feature", "id": "WCR1970-000364", "properties": { "WCRNmbr": "WCR1970-000364", "LAT": 38.3798, "LONG": -121.685, "BlwThreshl":"Above" ,"Head":13.7608}, "geometry": { "type": "Point", "coordinates": [ -121.685, 38.3798 ] } },
{ "type": "Feature", "id": "WCR2000-006824", "properties": { "WCRNmbr": "WCR2000-006824", "LAT": 38.3798, "LONG": -121.685, "BlwThreshl":"Above" ,"Head":13.7608}, "geometry": { "type": "Point", "coordinates": [ -121.685, 38.3798 ] } },
{ "type": "Feature", "id": "WCR0311974", "properties": { "WCRNmbr": "WCR0311974", "LAT": 38.3797, "LONG": -121.666, "BlwThreshl":"Above" ,"Head":-4.93024}, "geometry": { "type": "Point", "coordinates": [ -121.666, 38.3797 ] } },
{ "type": "Feature", "id": "WCR1981-003181", "properties": { "WCRNmbr": "WCR1981-003181", "LAT": 38.3797, "LONG": -121.666, "BlwThreshl":"Above" ,"Head":12.7904}, "geometry": { "type": "Point", "coordinates": [ -121.666, 38.3797 ] } },
{ "type": "Feature", "id": "WCR1991-009590", "properties": { "WCRNmbr": "WCR1991-009590", "LAT": 38.4669, "LONG": -121.666, "BlwThreshl":"Above" ,"Head":-3.83883}, "geometry": { "type": "Point", "coordinates": [ -121.666, 38.4669 ] } },
{ "type": "Feature", "id": "WCR1981-000016", "properties": { "WCRNmbr": "WCR1981-000016", "LAT": 38.4809, "LONG": -121.685, "BlwThreshl":"Above" ,"Head":-0.403484}, "geometry": { "type": "Point", "coordinates": [ -121.685, 38.4809 ] } },
{ "type": "Feature", "id": "WCR1981-003081", "properties": { "WCRNmbr": "WCR1981-003081", "LAT": 38.4809, "LONG": -121.685, "BlwThreshl":"Above" ,"Head":-0.403484}, "geometry": { "type": "Point", "coordinates": [ -121.685, 38.4809 ] } },
{ "type": "Feature", "id": "WCR1972-000747", "properties": { "WCRNmbr": "WCR1972-000747", "LAT": 38.4994, "LONG": -122.031, "BlwThreshl":"NoData" ,"Head":null}, "geometry": { "type": "Point", "coordinates": [ -122.031, 38.4994 ] } },
{ "type": "Feature", "id": "WCR1973-000132", "properties": { "WCRNmbr": "WCR1973-000132", "LAT": 38.4994, "LONG": -122.031, "BlwThreshl":"NoData" ,"Head":null}, "geometry": { "type": "Point", "coordinates": [ -122.031, 38.4994 ] } },
{ "type": "Feature", "id": "WCR1975-000226", "properties": { "WCRNmbr": "WCR1975-000226", "LAT": 38.4994, "LONG": -122.031, "BlwThreshl":"NoData" ,"Head":null}, "geometry": { "type": "Point", "coordinates": [ -122.031, 38.4994 ] } },
{ "type": "Feature", "id": "WCR1975-000595", "properties": { "WCRNmbr": "WCR1975-000595", "LAT": 38.4994, "LONG": -122.031, "BlwThreshl":"NoData" ,"Head":null}, "geometry": { "type": "Point", "coordinates": [ -122.031, 38.4994 ] } },
{ "type": "Feature", "id": "WCR1976-001061", "properties": { "WCRNmbr": "WCR1976-001061", "LAT": 38.4994, "LONG": -122.031, "BlwThreshl":"NoData" ,"Head":null}, "geometry": { "type": "Point", "coordinates": [ -122.031, 38.4994 ] } },
{ "type": "Feature", "id": "WCR1978-000604", "properties": { "WCRNmbr": "WCR1978-000604", "LAT": 38.4967, "LONG": -122.033, "BlwThreshl":"NoData" ,"Head":null}, "geometry": { "type": "Point", "coordinates": [ -122.033, 38.4967 ] } },
{ "type": "Feature", "id": "WCR1979-001662", "properties": { "WCRNmbr": "WCR1979-001662", "LAT": 38.4994, "LONG": -122.031, "BlwThreshl":"NoData" ,"Head":null}, "geometry": { "type": "Point", "coordinates": [ -122.031, 38.4994 ] } },
{ "type": "Feature", "id": "WCR1988-007796", "properties": { "WCRNmbr": "WCR1988-007796", "LAT": 38.4994, "LONG": -122.031, "BlwThreshl":"NoData" ,"Head":null}, "geometry": { "type": "Point", "coordinates": [ -122.031, 38.4994 ] } },
{ "type": "Feature", "id": "WCR1992-001963", "properties": { "WCRNmbr": "WCR1992-001963", "LAT": 38.4971, "LONG": -122.016, "BlwThreshl":"Above" ,"Head":95.5989}, "geometry": { "type": "Point", "coordinates": [ -122.016, 38.4971 ] } },
{ "type": "Feature", "id": "WCR1993-002016", "properties": { "WCRNmbr": "WCR1993-002016", "LAT": 38.4994, "LONG": -122.031, "BlwThreshl":"NoData" ,"Head":null}, "geometry": { "type": "Point", "coordinates": [ -122.031, 38.4994 ] } },
{ "type": "Feature", "id": "WCR1997-006270", "properties": { "WCRNmbr": "WCR1997-006270", "LAT": 38.4994, "LONG": -122.031, "BlwThreshl":"NoData" ,"Head":null}, "geometry": { "type": "Point", "coordinates": [ -122.031, 38.4994 ] } },
{ "type": "Feature", "id": "WCR2015-004995", "properties": { "WCRNmbr": "WCR2015-004995", "LAT": 38.5008, "LONG": -122.036, "BlwThreshl":"NoData" ,"Head":null}, "geometry": { "type": "Point", "coordinates": [ -122.036, 38.5008 ] } },
{ "type": "Feature", "id": "WCR2017-008583", "properties": { "WCRNmbr": "WCR2017-008583", "LAT": 38.4998, "LONG": -122.031, "BlwThreshl":"NoData" ,"Head":null}, "geometry": { "type": "Point", "coordinates": [ -122.031, 38.4998 ] } },
{ "type": "Feature", "id": "WCR2006-001372", "properties": { "WCRNmbr": "WCR2006-001372", "LAT": 38.5, "LONG": -122.001, "BlwThreshl":"Above" ,"Head":92.0037}, "geometry": { "type": "Point", "coordinates": [ -122.001, 38.5 ] } },
{ "type": "Feature", "id": "WCR1979-001655", "properties": { "WCRNmbr": "WCR1979-001655", "LAT": 38.4951, "LONG": -121.687, "BlwThreshl":"Above" ,"Head":2.39552}, "geometry": { "type": "Point", "coordinates": [ -121.687, 38.4951 ] } },
{ "type": "Feature", "id": "WCR1980-002498", "properties": { "WCRNmbr": "WCR1980-002498", "LAT": 38.4947, "LONG": -121.65, "BlwThreshl":"Above" ,"Head":-5.86685}, "geometry": { "type": "Point", "coordinates": [ -121.65, 38.4947 ] } },
{ "type": "Feature", "id": "WCR0311975", "properties": { "WCRNmbr": "WCR0311975", "LAT": 38.526, "LONG": -122.034, "BlwThreshl":"Above" ,"Head":196.563}, "geometry": { "type": "Point", "coordinates": [ -122.034, 38.526 ] } },
{ "type": "Feature", "id": "WCR1975-000719", "properties": { "WCRNmbr": "WCR1975-000719", "LAT": 38.5259, "LONG": -122.016, "BlwThreshl":"Below" ,"Head":102.782}, "geometry": { "type": "Point", "coordinates": [ -122.016, 38.5259 ] } },
{ "type": "Feature", "id": "WCR1976-000636", "properties": { "WCRNmbr": "WCR1976-000636", "LAT": 38.5259, "LONG": -122.016, "BlwThreshl":"Above" ,"Head":102.782}, "geometry": { "type": "Point", "coordinates": [ -122.016, 38.5259 ] } },
{ "type": "Feature", "id": "WCR1976-000843", "properties": { "WCRNmbr": "WCR1976-000843", "LAT": 38.5258, "LONG": -122.016, "BlwThreshl":"Above" ,"Head":102.782}, "geometry": { "type": "Point", "coordinates": [ -122.016, 38.5258 ] } },
{ "type": "Feature", "id": "WCR1976-001328", "properties": { "WCRNmbr": "WCR1976-001328", "LAT": 38.5259, "LONG": -122.016, "BlwThreshl":"Below" ,"Head":102.782}, "geometry": { "type": "Point", "coordinates": [ -122.016, 38.5259 ] } },
{ "type": "Feature", "id": "WCR1977-000058", "properties": { "WCRNmbr": "WCR1977-000058", "LAT": 38.5114, "LONG": -122.016, "BlwThreshl":"Above" ,"Head":96.2975}, "geometry": { "type": "Point", "coordinates": [ -122.016, 38.5114 ] } },
{ "type": "Feature", "id": "WCR1977-000173", "properties": { "WCRNmbr": "WCR1977-000173", "LAT": 38.5259, "LONG": -122.016, "BlwThreshl":"Above" ,"Head":102.782}, "geometry": { "type": "Point", "coordinates": [ -122.016, 38.5259 ] } },
{ "type": "Feature", "id": "WCR1977-001412", "properties": { "WCRNmbr": "WCR1977-001412", "LAT": 38.5259, "LONG": -122.016, "BlwThreshl":"Above" ,"Head":102.782}, "geometry": { "type": "Point", "coordinates": [ -122.016, 38.5259 ] } },
{ "type": "Feature", "id": "WCR1977-001906", "properties": { "WCRNmbr": "WCR1977-001906", "LAT": 38.5259, "LONG": -122.016, "BlwThreshl":"Below" ,"Head":102.782}, "geometry": { "type": "Point", "coordinates": [ -122.016, 38.5259 ] } },
{ "type": "Feature", "id": "WCR1977-002003", "properties": { "WCRNmbr": "WCR1977-002003", "LAT": 38.5259, "LONG": -122.016, "BlwThreshl":"Above" ,"Head":102.782}, "geometry": { "type": "Point", "coordinates": [ -122.016, 38.5259 ] } },
{ "type": "Feature", "id": "WCR1978-000006", "properties": { "WCRNmbr": "WCR1978-000006", "LAT": 38.5115, "LONG": -122.033, "BlwThreshl":"Above" ,"Head":157.782}, "geometry": { "type": "Point", "coordinates": [ -122.033, 38.5115 ] } },
{ "type": "Feature", "id": "WCR1978-000903", "properties": { "WCRNmbr": "WCR1978-000903", "LAT": 38.5259, "LONG": -122.016, "BlwThreshl":"Above" ,"Head":102.782}, "geometry": { "type": "Point", "coordinates": [ -122.016, 38.5259 ] } },
{ "type": "Feature", "id": "WCR1978-001813", "properties": { "WCRNmbr": "WCR1978-001813", "LAT": 38.5259, "LONG": -122.016, "BlwThreshl":"Above" ,"Head":102.782}, "geometry": { "type": "Point", "coordinates": [ -122.016, 38.5259 ] } },
{ "type": "Feature", "id": "WCR1979-000642", "properties": { "WCRNmbr": "WCR1979-000642", "LAT": 38.5259, "LONG": -122.016, "BlwThreshl":"Above" ,"Head":102.782}, "geometry": { "type": "Point", "coordinates": [ -122.016, 38.5259 ] } },
{ "type": "Feature", "id": "WCR1979-001300", "properties": { "WCRNmbr": "WCR1979-001300", "LAT": 38.5259, "LONG": -122.016, "BlwThreshl":"Above" ,"Head":102.782}, "geometry": { "type": "Point", "coordinates": [ -122.016, 38.5259 ] } },
{ "type": "Feature", "id": "WCR1980-000316", "properties": { "WCRNmbr": "WCR1980-000316", "LAT": 38.526, "LONG": -122.034, "BlwThreshl":"Above" ,"Head":196.563}, "geometry": { "type": "Point", "coordinates": [ -122.034, 38.526 ] } },
{ "type": "Feature", "id": "WCR1982-001388", "properties": { "WCRNmbr": "WCR1982-001388", "LAT": 38.5259, "LONG": -122.016, "BlwThreshl":"Below" ,"Head":102.782}, "geometry": { "type": "Point", "coordinates": [ -122.016, 38.5259 ] } },
{ "type": "Feature", "id": "WCR1988-007449", "properties": { "WCRNmbr": "WCR1988-007449", "LAT": 38.5259, "LONG": -122.016, "BlwThreshl":"Above" ,"Head":102.782}, "geometry": { "type": "Point", "coordinates": [ -122.016, 38.5259 ] } },
{ "type": "Feature", "id": "WCR1989-008737", "properties": { "WCRNmbr": "WCR1989-008737", "LAT": 38.5259, "LONG": -122.016, "BlwThreshl":"Above" ,"Head":102.782}, "geometry": { "type": "Point", "coordinates": [ -122.016, 38.5259 ] } },
{ "type": "Feature", "id": "WCR1990-004035", "properties": { "WCRNmbr": "WCR1990-004035", "LAT": 38.5259, "LONG": -122.016, "BlwThreshl":"Above" ,"Head":102.782}, "geometry": { "type": "Point", "coordinates": [ -122.016, 38.5259 ] } },
{ "type": "Feature", "id": "WCR1994-003955", "properties": { "WCRNmbr": "WCR1994-003955", "LAT": 38.5259, "LONG": -122.016, "BlwThreshl":"Above" ,"Head":102.782}, "geometry": { "type": "Point", "coordinates": [ -122.016, 38.5259 ] } },
{ "type": "Feature", "id": "WCR1994-005764", "properties": { "WCRNmbr": "WCR1994-005764", "LAT": 38.5114, "LONG": -122.016, "BlwThreshl":"Above" ,"Head":96.2975}, "geometry": { "type": "Point", "coordinates": [ -122.016, 38.5114 ] } },
{ "type": "Feature", "id": "WCR1995-001119", "properties": { "WCRNmbr": "WCR1995-001119", "LAT": 38.5259, "LONG": -122.016, "BlwThreshl":"Above" ,"Head":102.782}, "geometry": { "type": "Point", "coordinates": [ -122.016, 38.5259 ] } },
{ "type": "Feature", "id": "WCR1995-006718", "properties": { "WCRNmbr": "WCR1995-006718", "LAT": 38.5259, "LONG": -122.016, "BlwThreshl":"Above" ,"Head":102.782}, "geometry": { "type": "Point", "coordinates": [ -122.016, 38.5259 ] } },
{ "type": "Feature", "id": "WCR1997-001756", "properties": { "WCRNmbr": "WCR1997-001756", "LAT": 38.5114, "LONG": -122.016, "BlwThreshl":"Above" ,"Head":96.2975}, "geometry": { "type": "Point", "coordinates": [ -122.016, 38.5114 ] } },
{ "type": "Feature", "id": "WCR1998-001250", "properties": { "WCRNmbr": "WCR1998-001250", "LAT": 38.526, "LONG": -122.034, "BlwThreshl":"Above" ,"Head":196.563}, "geometry": { "type": "Point", "coordinates": [ -122.034, 38.526 ] } },
{ "type": "Feature", "id": "WCR2001-001800", "properties": { "WCRNmbr": "WCR2001-001800", "LAT": 38.526, "LONG": -122.034, "BlwThreshl":"Above" ,"Head":196.563}, "geometry": { "type": "Point", "coordinates": [ -122.034, 38.526 ] } },
{ "type": "Feature", "id": "WCR2004-004639", "properties": { "WCRNmbr": "WCR2004-004639", "LAT": 38.5259, "LONG": -122.016, "BlwThreshl":"Above" ,"Head":110.777}, "geometry": { "type": "Point", "coordinates": [ -122.016, 38.5259 ] } },
{ "type": "Feature", "id": "WCR2009-004708", "properties": { "WCRNmbr": "WCR2009-004708", "LAT": 38.5259, "LONG": -122.016, "BlwThreshl":"Above" ,"Head":110.777}, "geometry": { "type": "Point", "coordinates": [ -122.016, 38.5259 ] } },
{ "type": "Feature", "id": "WCR2009-004804", "properties": { "WCRNmbr": "WCR2009-004804", "LAT": 38.5259, "LONG": -122.016, "BlwThreshl":"Above" ,"Head":110.777}, "geometry": { "type": "Point", "coordinates": [ -122.016, 38.5259 ] } },
{ "type": "Feature", "id": "WCR2014-003773", "properties": { "WCRNmbr": "WCR2014-003773", "LAT": 38.5264, "LONG": -122.02, "BlwThreshl":"Above" ,"Head":110.777}, "geometry": { "type": "Point", "coordinates": [ -122.02, 38.5264 ] } },
{ "type": "Feature", "id": "WCR2014-014043", "properties": { "WCRNmbr": "WCR2014-014043", "LAT": 38.5217, "LONG": -122.032, "BlwThreshl":"NoData" ,"Head":null}, "geometry": { "type": "Point", "coordinates": [ -122.032, 38.5217 ] } },
{ "type": "Feature", "id": "WCR2015-008063", "properties": { "WCRNmbr": "WCR2015-008063", "LAT": 38.5192, "LONG": -122.015, "BlwThreshl":"Above" ,"Head":99.4071}, "geometry": { "type": "Point", "coordinates": [ -122.015, 38.5192 ] } },
{ "type": "Feature", "id": "WCR2016-009168", "properties": { "WCRNmbr": "WCR2016-009168", "LAT": 38.5228, "LONG": -122.018, "BlwThreshl":"Above" ,"Head":99.4071}, "geometry": { "type": "Point", "coordinates": [ -122.018, 38.5228 ] } },
{ "type": "Feature", "id": "WCR2016-010286", "properties": { "WCRNmbr": "WCR2016-010286", "LAT": 38.5197, "LONG": -122.034, "BlwThreshl":"NoData" ,"Head":null}, "geometry": { "type": "Point", "coordinates": [ -122.034, 38.5197 ] } },
{ "type": "Feature", "id": "WCR2016-011665", "properties": { "WCRNmbr": "WCR2016-011665", "LAT": 38.526, "LONG": -122.034, "BlwThreshl":"NoData" ,"Head":null}, "geometry": { "type": "Point", "coordinates": [ -122.034, 38.526 ] } },
{ "type": "Feature", "id": "WCR2017-011371", "properties": { "WCRNmbr": "WCR2017-011371", "LAT": 38.5228, "LONG": -122.015, "BlwThreshl":"Above" ,"Head":99.4071}, "geometry": { "type": "Point", "coordinates": [ -122.015, 38.5228 ] } },
{ "type": "Feature", "id": "WCR2022-005285", "properties": { "WCRNmbr": "WCR2022-005285", "LAT": 38.5213, "LONG": -122.023, "BlwThreshl":"Above" ,"Head":99.4071}, "geometry": { "type": "Point", "coordinates": [ -122.023, 38.5213 ] } },
{ "type": "Feature", "id": "WCR2023-008074", "properties": { "WCRNmbr": "WCR2023-008074", "LAT": 38.5197, "LONG": -122.021, "BlwThreshl":"Above" ,"Head":99.4071}, "geometry": { "type": "Point", "coordinates": [ -122.021, 38.5197 ] } },
{ "type": "Feature", "id": "WCR1971-000441", "properties": { "WCRNmbr": "WCR1971-000441", "LAT": 38.5112, "LONG": -121.999, "BlwThreshl":"Above" ,"Head":90.3012}, "geometry": { "type": "Point", "coordinates": [ -121.999, 38.5112 ] } },
{ "type": "Feature", "id": "WCR1975-000677", "properties": { "WCRNmbr": "WCR1975-000677", "LAT": 38.5257, "LONG": -121.999, "BlwThreshl":"Above" ,"Head":93.649}, "geometry": { "type": "Point", "coordinates": [ -121.999, 38.5257 ] } },
{ "type": "Feature", "id": "WCR1977-002069", "properties": { "WCRNmbr": "WCR1977-002069", "LAT": 38.5257, "LONG": -121.999, "BlwThreshl":"Above" ,"Head":93.649}, "geometry": { "type": "Point", "coordinates": [ -121.999, 38.5257 ] } },
{ "type": "Feature", "id": "WCR1978-001637", "properties": { "WCRNmbr": "WCR1978-001637", "LAT": 38.5112, "LONG": -121.999, "BlwThreshl":"Above" ,"Head":90.3012}, "geometry": { "type": "Point", "coordinates": [ -121.999, 38.5112 ] } },
{ "type": "Feature", "id": "WCR1978-001992", "properties": { "WCRNmbr": "WCR1978-001992", "LAT": 38.5112, "LONG": -121.999, "BlwThreshl":"Above" ,"Head":90.3012}, "geometry": { "type": "Point", "coordinates": [ -121.999, 38.5112 ] } },
{ "type": "Feature", "id": "WCR1989-008738", "properties": { "WCRNmbr": "WCR1989-008738", "LAT": 38.5112, "LONG": -121.999, "BlwThreshl":"Above" ,"Head":90.3012}, "geometry": { "type": "Point", "coordinates": [ -121.999, 38.5112 ] } },
{ "type": "Feature", "id": "WCR1990-010282", "properties": { "WCRNmbr": "WCR1990-010282", "LAT": 38.5112, "LONG": -121.999, "BlwThreshl":"Above" ,"Head":90.3012}, "geometry": { "type": "Point", "coordinates": [ -121.999, 38.5112 ] } },
{ "type": "Feature", "id": "WCR1993-002055", "properties": { "WCRNmbr": "WCR1993-002055", "LAT": 38.5112, "LONG": -121.999, "BlwThreshl":"Above" ,"Head":90.3012}, "geometry": { "type": "Point", "coordinates": [ -121.999, 38.5112 ] } },
{ "type": "Feature", "id": "WCR2005-001164", "properties": { "WCRNmbr": "WCR2005-001164", "LAT": 38.5142, "LONG": -121.998, "BlwThreshl":"Above" ,"Head":90.3012}, "geometry": { "type": "Point", "coordinates": [ -121.998, 38.5142 ] } },
{ "type": "Feature", "id": "WCR2009-005137", "properties": { "WCRNmbr": "WCR2009-005137", "LAT": 38.5112, "LONG": -121.999, "BlwThreshl":"Above" ,"Head":90.3012}, "geometry": { "type": "Point", "coordinates": [ -121.999, 38.5112 ] } },
{ "type": "Feature", "id": "WCR2016-015985", "properties": { "WCRNmbr": "WCR2016-015985", "LAT": 38.5108, "LONG": -122.009, "BlwThreshl":"Above" ,"Head":93.5689}, "geometry": { "type": "Point", "coordinates": [ -122.009, 38.5108 ] } },
{ "type": "Feature", "id": "WCR2021-005359", "properties": { "WCRNmbr": "WCR2021-005359", "LAT": 38.5191, "LONG": -121.99, "BlwThreshl":"Above" ,"Head":88.4586}, "geometry": { "type": "Point", "coordinates": [ -121.99, 38.5191 ] } },
{ "type": "Feature", "id": "WCR2022-009646", "properties": { "WCRNmbr": "WCR2022-009646", "LAT": 38.5182, "LONG": -121.998, "BlwThreshl":"Above" ,"Head":91.5459}, "geometry": { "type": "Point", "coordinates": [ -121.998, 38.5182 ] } },
{ "type": "Feature", "id": "WCR2024-000007", "properties": { "WCRNmbr": "WCR2024-000007", "LAT": 38.5157, "LONG": -121.999, "BlwThreshl":"Above" ,"Head":90.3012}, "geometry": { "type": "Point", "coordinates": [ -121.999, 38.5157 ] } },
{ "type": "Feature", "id": "WCR2024-000008", "properties": { "WCRNmbr": "WCR2024-000008", "LAT": 38.5157, "LONG": -121.999, "BlwThreshl":"Above" ,"Head":90.3012}, "geometry": { "type": "Point", "coordinates": [ -121.999, 38.5157 ] } },
{ "type": "Feature", "id": "WCR2024-000013", "properties": { "WCRNmbr": "WCR2024-000013", "LAT": 38.5195, "LONG": -122.011, "BlwThreshl":"Above" ,"Head":95.1063}, "geometry": { "type": "Point", "coordinates": [ -122.011, 38.5195 ] } },
{ "type": "Feature", "id": "WCR2016-011331", "properties": { "WCRNmbr": "WCR2016-011331", "LAT": 38.5256, "LONG": -121.98, "BlwThreshl":"Above" ,"Head":87.6539}, "geometry": { "type": "Point", "coordinates": [ -121.98, 38.5256 ] } },
{ "type": "Feature", "id": "WCR2023-005785", "properties": { "WCRNmbr": "WCR2023-005785", "LAT": 38.5159, "LONG": -121.989, "BlwThreshl":"Above" ,"Head":87.1766}, "geometry": { "type": "Point", "coordinates": [ -121.989, 38.5159 ] } },
{ "type": "Feature", "id": "WCR2024-000155", "properties": { "WCRNmbr": "WCR2024-000155", "LAT": 38.5155, "LONG": -121.986, "BlwThreshl":"Above" ,"Head":83.4436}, "geometry": { "type": "Point", "coordinates": [ -121.986, 38.5155 ] } },
{ "type": "Feature", "id": "WCR0303197", "properties": { "WCRNmbr": "WCR0303197", "LAT": 38.5273, "LONG": -121.963, "BlwThreshl":"Above" ,"Head":81.8279}, "geometry": { "type": "Point", "coordinates": [ -121.963, 38.5273 ] } },
{ "type": "Feature", "id": "WCR1972-000756", "properties": { "WCRNmbr": "WCR1972-000756", "LAT": 38.5273, "LONG": -121.963, "BlwThreshl":"Above" ,"Head":81.8279}, "geometry": { "type": "Point", "coordinates": [ -121.963, 38.5273 ] } },
{ "type": "Feature", "id": "WCR1976-001542", "properties": { "WCRNmbr": "WCR1976-001542", "LAT": 38.5273, "LONG": -121.963, "BlwThreshl":"Above" ,"Head":81.8279}, "geometry": { "type": "Point", "coordinates": [ -121.963, 38.5273 ] } },
{ "type": "Feature", "id": "WCR1977-000405", "properties": { "WCRNmbr": "WCR1977-000405", "LAT": 38.5273, "LONG": -121.963, "BlwThreshl":"Above" ,"Head":81.8279}, "geometry": { "type": "Point", "coordinates": [ -121.963, 38.5273 ] } },
{ "type": "Feature", "id": "WCR1981-003098", "properties": { "WCRNmbr": "WCR1981-003098", "LAT": 38.5273, "LONG": -121.963, "BlwThreshl":"Above" ,"Head":81.8279}, "geometry": { "type": "Point", "coordinates": [ -121.963, 38.5273 ] } },
{ "type": "Feature", "id": "WCR1979-001538", "properties": { "WCRNmbr": "WCR1979-001538", "LAT": 38.5242, "LONG": -121.686, "BlwThreshl":"Above" ,"Head":-6.45376}, "geometry": { "type": "Point", "coordinates": [ -121.686, 38.5242 ] } },
{ "type": "Feature", "id": "WCR1995-002775", "properties": { "WCRNmbr": "WCR1995-002775", "LAT": 38.5094, "LONG": -121.687, "BlwThreshl":"Above" ,"Head":-1.53995}, "geometry": { "type": "Point", "coordinates": [ -121.687, 38.5094 ] } },
{ "type": "Feature", "id": "WCR2001-006441", "properties": { "WCRNmbr": "WCR2001-006441", "LAT": 38.5267, "LONG": -121.689, "BlwThreshl":"Above" ,"Head":-6.45376}, "geometry": { "type": "Point", "coordinates": [ -121.689, 38.5267 ] } },
{ "type": "Feature", "id": "WCR2015-011956", "properties": { "WCRNmbr": "WCR2015-011956", "LAT": 38.523, "LONG": -121.689, "BlwThreshl":"Above" ,"Head":-5.32407}, "geometry": { "type": "Point", "coordinates": [ -121.689, 38.523 ] } },
{ "type": "Feature", "id": "WCR2016-008804", "properties": { "WCRNmbr": "WCR2016-008804", "LAT": 38.5294, "LONG": -122.019, "BlwThreshl":"Above" ,"Head":110.777}, "geometry": { "type": "Point", "coordinates": [ -122.019, 38.5294 ] } },
{ "type": "Feature", "id": "WCR1981-002353", "properties": { "WCRNmbr": "WCR1981-002353", "LAT": 38.5403, "LONG": -121.999, "BlwThreshl":"Above" ,"Head":99.6335}, "geometry": { "type": "Point", "coordinates": [ -121.999, 38.5403 ] } },
{ "type": "Feature", "id": "WCR2013-001058", "properties": { "WCRNmbr": "WCR2013-001058", "LAT": 38.5314, "LONG": -122.013, "BlwThreshl":"Above" ,"Head":99.9861}, "geometry": { "type": "Point", "coordinates": [ -122.013, 38.5314 ] } },
{ "type": "Feature", "id": "WCR2015-002982", "properties": { "WCRNmbr": "WCR2015-002982", "LAT": 38.5306, "LONG": -122.011, "BlwThreshl":"Above" ,"Head":99.9861}, "geometry": { "type": "Point", "coordinates": [ -122.011, 38.5306 ] } },
{ "type": "Feature", "id": "WCR2015-010250", "properties": { "WCRNmbr": "WCR2015-010250", "LAT": 38.5283, "LONG": -122.013, "BlwThreshl":"Above" ,"Head":97.0665}, "geometry": { "type": "Point", "coordinates": [ -122.013, 38.5283 ] } },
{ "type": "Feature", "id": "WCR2022-014480", "properties": { "WCRNmbr": "WCR2022-014480", "LAT": 38.5324, "LONG": -122.009, "BlwThreshl":"Above" ,"Head":99.9861}, "geometry": { "type": "Point", "coordinates": [ -122.009, 38.5324 ] } },
{ "type": "Feature", "id": "WCR2013-002914", "properties": { "WCRNmbr": "WCR2013-002914", "LAT": 38.5344, "LONG": -121.97, "BlwThreshl":"Above" ,"Head":87.9747}, "geometry": { "type": "Point", "coordinates": [ -121.97, 38.5344 ] } },
{ "type": "Feature", "id": "WCR2015-012707", "properties": { "WCRNmbr": "WCR2015-012707", "LAT": 38.5394, "LONG": -121.971, "BlwThreshl":"Above" ,"Head":92.1331}, "geometry": { "type": "Point", "coordinates": [ -121.971, 38.5394 ] } },
{ "type": "Feature", "id": "WCR2023-002674", "properties": { "WCRNmbr": "WCR2023-002674", "LAT": 38.5323, "LONG": -121.97, "BlwThreshl":"Above" ,"Head":87.9747}, "geometry": { "type": "Point", "coordinates": [ -121.97, 38.5323 ] } },
{ "type": "Feature", "id": "WCR1976-001087", "properties": { "WCRNmbr": "WCR1976-001087", "LAT": 38.54, "LONG": -121.962, "BlwThreshl":"Above" ,"Head":88.8158}, "geometry": { "type": "Point", "coordinates": [ -121.962, 38.54 ] } },
{ "type": "Feature", "id": "WCR1978-001770", "properties": { "WCRNmbr": "WCR1978-001770", "LAT": 38.54, "LONG": -121.943, "BlwThreshl":"Above" ,"Head":81.0977}, "geometry": { "type": "Point", "coordinates": [ -121.943, 38.54 ] } },
{ "type": "Feature", "id": "WCR1979-000777", "properties": { "WCRNmbr": "WCR1979-000777", "LAT": 38.54, "LONG": -121.962, "BlwThreshl":"Above" ,"Head":88.8158}, "geometry": { "type": "Point", "coordinates": [ -121.962, 38.54 ] } },
{ "type": "Feature", "id": "WCR2002-008368", "properties": { "WCRNmbr": "WCR2002-008368", "LAT": 38.54, "LONG": -121.962, "BlwThreshl":"Above" ,"Head":88.8158}, "geometry": { "type": "Point", "coordinates": [ -121.962, 38.54 ] } },
{ "type": "Feature", "id": "WCR2021-002400", "properties": { "WCRNmbr": "WCR2021-002400", "LAT": 38.5308, "LONG": -121.957, "BlwThreshl":"Above" ,"Head":80.7844}, "geometry": { "type": "Point", "coordinates": [ -121.957, 38.5308 ] } },
{ "type": "Feature", "id": "WCR1972-000381", "properties": { "WCRNmbr": "WCR1972-000381", "LAT": 38.5398, "LONG": -121.925, "BlwThreshl":"Above" ,"Head":70.1519}, "geometry": { "type": "Point", "coordinates": [ -121.925, 38.5398 ] } },
{ "type": "Feature", "id": "WCR1988-001357", "properties": { "WCRNmbr": "WCR1988-001357", "LAT": 38.5398, "LONG": -121.925, "BlwThreshl":"Above" ,"Head":70.1519}, "geometry": { "type": "Point", "coordinates": [ -121.925, 38.5398 ] } },
{ "type": "Feature", "id": "WCR2000-002098", "properties": { "WCRNmbr": "WCR2000-002098", "LAT": 38.5398, "LONG": -121.925, "BlwThreshl":"Above" ,"Head":70.1519}, "geometry": { "type": "Point", "coordinates": [ -121.925, 38.5398 ] } },
{ "type": "Feature", "id": "WCR2000-006833", "properties": { "WCRNmbr": "WCR2000-006833", "LAT": 38.5398, "LONG": -121.925, "BlwThreshl":"Above" ,"Head":70.1519}, "geometry": { "type": "Point", "coordinates": [ -121.925, 38.5398 ] } },
{ "type": "Feature", "id": "WCR1990-005265", "properties": { "WCRNmbr": "WCR1990-005265", "LAT": 38.54, "LONG": -121.906, "BlwThreshl":"Above" ,"Head":67.7442}, "geometry": { "type": "Point", "coordinates": [ -121.906, 38.54 ] } },
{ "type": "Feature", "id": "WCR2003-001293", "properties": { "WCRNmbr": "WCR2003-001293", "LAT": 38.54, "LONG": -121.906, "BlwThreshl":"Above" ,"Head":67.7442}, "geometry": { "type": "Point", "coordinates": [ -121.906, 38.54 ] } },
{ "type": "Feature", "id": "WCR2007-001897", "properties": { "WCRNmbr": "WCR2007-001897", "LAT": 38.54, "LONG": -121.906, "BlwThreshl":"Above" ,"Head":67.7442}, "geometry": { "type": "Point", "coordinates": [ -121.906, 38.54 ] } },
{ "type": "Feature", "id": "WCR2007-002610", "properties": { "WCRNmbr": "WCR2007-002610", "LAT": 38.54, "LONG": -121.906, "BlwThreshl":"Above" ,"Head":67.7442}, "geometry": { "type": "Point", "coordinates": [ -121.906, 38.54 ] } },
{ "type": "Feature", "id": "WCR1977-000759", "properties": { "WCRNmbr": "WCR1977-000759", "LAT": 38.542, "LONG": -121.887, "BlwThreshl":"Above" ,"Head":65.8838}, "geometry": { "type": "Point", "coordinates": [ -121.887, 38.542 ] } },
{ "type": "Feature", "id": "WCR1976-000849", "properties": { "WCRNmbr": "WCR1976-000849", "LAT": 38.5426, "LONG": -121.868, "BlwThreshl":"Above" ,"Head":68.6574}, "geometry": { "type": "Point", "coordinates": [ -121.868, 38.5426 ] } },
{ "type": "Feature", "id": "WCR1991-011931", "properties": { "WCRNmbr": "WCR1991-011931", "LAT": 38.5414, "LONG": -121.849, "BlwThreshl":"Above" ,"Head":55.0094}, "geometry": { "type": "Point", "coordinates": [ -121.849, 38.5414 ] } },
{ "type": "Feature", "id": "WCR1995-001340", "properties": { "WCRNmbr": "WCR1995-001340", "LAT": 38.5426, "LONG": -121.868, "BlwThreshl":"Above" ,"Head":68.6574}, "geometry": { "type": "Point", "coordinates": [ -121.868, 38.5426 ] } },
{ "type": "Feature", "id": "WCR2023-008737", "properties": { "WCRNmbr": "WCR2023-008737", "LAT": 38.5386, "LONG": -121.858, "BlwThreshl":"Above" ,"Head":65.1367}, "geometry": { "type": "Point", "coordinates": [ -121.858, 38.5386 ] } },
{ "type": "Feature", "id": "WCR2024-003406", "properties": { "WCRNmbr": "WCR2024-003406", "LAT": 38.5386, "LONG": -121.858, "BlwThreshl":"Above" ,"Head":69.2119}, "geometry": { "type": "Point", "coordinates": [ -121.858, 38.5386 ] } },
{ "type": "Feature", "id": "WCR1971-000115", "properties": { "WCRNmbr": "WCR1971-000115", "LAT": 38.5397, "LONG": -121.831, "BlwThreshl":"Above" ,"Head":38.0448}, "geometry": { "type": "Point", "coordinates": [ -121.831, 38.5397 ] } },
{ "type": "Feature", "id": "WCR1972-000708", "properties": { "WCRNmbr": "WCR1972-000708", "LAT": 38.5397, "LONG": -121.831, "BlwThreshl":"Above" ,"Head":38.0448}, "geometry": { "type": "Point", "coordinates": [ -121.831, 38.5397 ] } },
{ "type": "Feature", "id": "WCR1972-000777", "properties": { "WCRNmbr": "WCR1972-000777", "LAT": 38.5397, "LONG": -121.831, "BlwThreshl":"Above" ,"Head":38.0448}, "geometry": { "type": "Point", "coordinates": [ -121.831, 38.5397 ] } },
{ "type": "Feature", "id": "WCR1973-000452", "properties": { "WCRNmbr": "WCR1973-000452", "LAT": 38.5397, "LONG": -121.831, "BlwThreshl":"Above" ,"Head":38.0448}, "geometry": { "type": "Point", "coordinates": [ -121.831, 38.5397 ] } },
{ "type": "Feature", "id": "WCR1975-000676", "properties": { "WCRNmbr": "WCR1975-000676", "LAT": 38.5397, "LONG": -121.831, "BlwThreshl":"Above" ,"Head":38.0448}, "geometry": { "type": "Point", "coordinates": [ -121.831, 38.5397 ] } },
{ "type": "Feature", "id": "WCR1978-001043", "properties": { "WCRNmbr": "WCR1978-001043", "LAT": 38.5397, "LONG": -121.831, "BlwThreshl":"Above" ,"Head":38.0448}, "geometry": { "type": "Point", "coordinates": [ -121.831, 38.5397 ] } },
{ "type": "Feature", "id": "WCR1990-005264", "properties": { "WCRNmbr": "WCR1990-005264", "LAT": 38.5397, "LONG": -121.831, "BlwThreshl":"Above" ,"Head":38.0448}, "geometry": { "type": "Point", "coordinates": [ -121.831, 38.5397 ] } },
{ "type": "Feature", "id": "WCR1990-010284", "properties": { "WCRNmbr": "WCR1990-010284", "LAT": 38.5397, "LONG": -121.831, "BlwThreshl":"Above" ,"Head":38.0448}, "geometry": { "type": "Point", "coordinates": [ -121.831, 38.5397 ] } },
{ "type": "Feature", "id": "WCR1990-012495", "properties": { "WCRNmbr": "WCR1990-012495", "LAT": 38.5397, "LONG": -121.831, "BlwThreshl":"Above" ,"Head":38.0448}, "geometry": { "type": "Point", "coordinates": [ -121.831, 38.5397 ] } },
{ "type": "Feature", "id": "WCR1990-013173", "properties": { "WCRNmbr": "WCR1990-013173", "LAT": 38.5397, "LONG": -121.831, "BlwThreshl":"Above" ,"Head":38.0448}, "geometry": { "type": "Point", "coordinates": [ -121.831, 38.5397 ] } },
{ "type": "Feature", "id": "WCR2001-001753", "properties": { "WCRNmbr": "WCR2001-001753", "LAT": 38.5397, "LONG": -121.831, "BlwThreshl":"Above" ,"Head":38.0448}, "geometry": { "type": "Point", "coordinates": [ -121.831, 38.5397 ] } },
{ "type": "Feature", "id": "WCR2001-001780", "properties": { "WCRNmbr": "WCR2001-001780", "LAT": 38.5397, "LONG": -121.831, "BlwThreshl":"Above" ,"Head":38.0448}, "geometry": { "type": "Point", "coordinates": [ -121.831, 38.5397 ] } },
{ "type": "Feature", "id": "WCR2011-002988", "properties": { "WCRNmbr": "WCR2011-002988", "LAT": 38.5397, "LONG": -121.831, "BlwThreshl":"Above" ,"Head":38.0448}, "geometry": { "type": "Point", "coordinates": [ -121.831, 38.5397 ] } },
{ "type": "Feature", "id": "WCR2023-007066", "properties": { "WCRNmbr": "WCR2023-007066", "LAT": 38.5439, "LONG": -121.826, "BlwThreshl":"Above" ,"Head":28.3077}, "geometry": { "type": "Point", "coordinates": [ -121.826, 38.5439 ] } },
{ "type": "Feature", "id": "WCR2023-007227", "properties": { "WCRNmbr": "WCR2023-007227", "LAT": 38.5462, "LONG": -121.826, "BlwThreshl":"Above" ,"Head":27.6229}, "geometry": { "type": "Point", "coordinates": [ -121.826, 38.5462 ] } },
{ "type": "Feature", "id": "WCR1980-004511", "properties": { "WCRNmbr": "WCR1980-004511", "LAT": 38.5397, "LONG": -121.813, "BlwThreshl":"Above" ,"Head":24.1507}, "geometry": { "type": "Point", "coordinates": [ -121.813, 38.5397 ] } },
{ "type": "Feature", "id": "WCR1997-003350", "properties": { "WCRNmbr": "WCR1997-003350", "LAT": 38.5298, "LONG": -121.812, "BlwThreshl":"Above" ,"Head":28.6192}, "geometry": { "type": "Point", "coordinates": [ -121.812, 38.5298 ] } },
{ "type": "Feature", "id": "WCR2011-004764", "properties": { "WCRNmbr": "WCR2011-004764", "LAT": 38.5442, "LONG": -121.823, "BlwThreshl":"Above" ,"Head":28.3077}, "geometry": { "type": "Point", "coordinates": [ -121.823, 38.5442 ] } },
{ "type": "Feature", "id": "WCR2013-002491", "properties": { "WCRNmbr": "WCR2013-002491", "LAT": 38.5439, "LONG": -121.8, "BlwThreshl":"Above" ,"Head":15.6676}, "geometry": { "type": "Point", "coordinates": [ -121.8, 38.5439 ] } },
{ "type": "Feature", "id": "WCR2024-000298", "properties": { "WCRNmbr": "WCR2024-000298", "LAT": 38.5462, "LONG": -121.822, "BlwThreshl":"Above" ,"Head":27.6229}, "geometry": { "type": "Point", "coordinates": [ -121.822, 38.5462 ] } },
{ "type": "Feature", "id": "WCR2024-004708", "properties": { "WCRNmbr": "WCR2024-004708", "LAT": 38.5439, "LONG": -121.8, "BlwThreshl":"Above" ,"Head":15.6676}, "geometry": { "type": "Point", "coordinates": [ -121.8, 38.5439 ] } },
{ "type": "Feature", "id": "WCR1776-001059", "properties": { "WCRNmbr": "WCR1776-001059", "LAT": 38.5395, "LONG": -121.795, "BlwThreshl":"Above" ,"Head":15.6676}, "geometry": { "type": "Point", "coordinates": [ -121.795, 38.5395 ] } },
{ "type": "Feature", "id": "WCR1972-000088", "properties": { "WCRNmbr": "WCR1972-000088", "LAT": 38.5395, "LONG": -121.795, "BlwThreshl":"Above" ,"Head":15.6676}, "geometry": { "type": "Point", "coordinates": [ -121.795, 38.5395 ] } },
{ "type": "Feature", "id": "WCR1973-000129", "properties": { "WCRNmbr": "WCR1973-000129", "LAT": 38.5395, "LONG": -121.795, "BlwThreshl":"Above" ,"Head":15.6676}, "geometry": { "type": "Point", "coordinates": [ -121.795, 38.5395 ] } },
{ "type": "Feature", "id": "WCR1973-000171", "properties": { "WCRNmbr": "WCR1973-000171", "LAT": 38.5395, "LONG": -121.795, "BlwThreshl":"Above" ,"Head":15.6676}, "geometry": { "type": "Point", "coordinates": [ -121.795, 38.5395 ] } },
{ "type": "Feature", "id": "WCR1974-000186", "properties": { "WCRNmbr": "WCR1974-000186", "LAT": 38.5395, "LONG": -121.795, "BlwThreshl":"Above" ,"Head":15.6676}, "geometry": { "type": "Point", "coordinates": [ -121.795, 38.5395 ] } },
{ "type": "Feature", "id": "WCR1974-000267", "properties": { "WCRNmbr": "WCR1974-000267", "LAT": 38.5395, "LONG": -121.795, "BlwThreshl":"Above" ,"Head":15.6676}, "geometry": { "type": "Point", "coordinates": [ -121.795, 38.5395 ] } },
{ "type": "Feature", "id": "WCR1975-000208", "properties": { "WCRNmbr": "WCR1975-000208", "LAT": 38.5395, "LONG": -121.795, "BlwThreshl":"Above" ,"Head":15.6676}, "geometry": { "type": "Point", "coordinates": [ -121.795, 38.5395 ] } },
{ "type": "Feature", "id": "WCR1975-000671", "properties": { "WCRNmbr": "WCR1975-000671", "LAT": 38.5395, "LONG": -121.795, "BlwThreshl":"Above" ,"Head":15.6676}, "geometry": { "type": "Point", "coordinates": [ -121.795, 38.5395 ] } },
{ "type": "Feature", "id": "WCR1978-000127", "properties": { "WCRNmbr": "WCR1978-000127", "LAT": 38.5395, "LONG": -121.795, "BlwThreshl":"Above" ,"Head":15.6676}, "geometry": { "type": "Point", "coordinates": [ -121.795, 38.5395 ] } },
{ "type": "Feature", "id": "WCR1995-001407", "properties": { "WCRNmbr": "WCR1995-001407", "LAT": 38.5291, "LONG": -121.794, "BlwThreshl":"Above" ,"Head":13.4039}, "geometry": { "type": "Point", "coordinates": [ -121.794, 38.5291 ] } },
{ "type": "Feature", "id": "WCR2002-001091", "properties": { "WCRNmbr": "WCR2002-001091", "LAT": 38.5395, "LONG": -121.795, "BlwThreshl":"Above" ,"Head":15.6676}, "geometry": { "type": "Point", "coordinates": [ -121.795, 38.5395 ] } },
{ "type": "Feature", "id": "WCR2011-006080", "properties": { "WCRNmbr": "WCR2011-006080", "LAT": 38.5436, "LONG": -121.798, "BlwThreshl":"Above" ,"Head":15.6676}, "geometry": { "type": "Point", "coordinates": [ -121.798, 38.5436 ] } },
{ "type": "Feature", "id": "WCR2012-001478", "properties": { "WCRNmbr": "WCR2012-001478", "LAT": 38.5439, "LONG": -121.799, "BlwThreshl":"Above" ,"Head":15.6676}, "geometry": { "type": "Point", "coordinates": [ -121.799, 38.5439 ] } },
{ "type": "Feature", "id": "WCR2015-006514", "properties": { "WCRNmbr": "WCR2015-006514", "LAT": 38.5395, "LONG": -121.795, "BlwThreshl":"Above" ,"Head":15.6676}, "geometry": { "type": "Point", "coordinates": [ -121.795, 38.5395 ] } },
{ "type": "Feature", "id": "WCR2015-009921", "properties": { "WCRNmbr": "WCR2015-009921", "LAT": 38.5444, "LONG": -121.799, "BlwThreshl":"Above" ,"Head":15.6676}, "geometry": { "type": "Point", "coordinates": [ -121.799, 38.5444 ] } },
{ "type": "Feature", "id": "WCR2021-012498", "properties": { "WCRNmbr": "WCR2021-012498", "LAT": 38.5436, "LONG": -121.797, "BlwThreshl":"Above" ,"Head":15.6676}, "geometry": { "type": "Point", "coordinates": [ -121.797, 38.5436 ] } },
{ "type": "Feature", "id": "WCR2021-012502", "properties": { "WCRNmbr": "WCR2021-012502", "LAT": 38.544, "LONG": -121.796, "BlwThreshl":"Above" ,"Head":15.6676}, "geometry": { "type": "Point", "coordinates": [ -121.796, 38.544 ] } },
{ "type": "Feature", "id": "WCR1998-000890", "properties": { "WCRNmbr": "WCR1998-000890", "LAT": 38.5394, "LONG": -121.742, "BlwThreshl":"Above" ,"Head":3.78217}, "geometry": { "type": "Point", "coordinates": [ -121.742, 38.5394 ] } },
{ "type": "Feature", "id": "WCR0137732", "properties": { "WCRNmbr": "WCR0137732", "LAT": 38.5396, "LONG": -121.703, "BlwThreshl":"Above" ,"Head":-6.57588}, "geometry": { "type": "Point", "coordinates": [ -121.703, 38.5396 ] } },
{ "type": "Feature", "id": "WCR1971-000117", "properties": { "WCRNmbr": "WCR1971-000117", "LAT": 38.5396, "LONG": -121.703, "BlwThreshl":"Above" ,"Head":1.6611}, "geometry": { "type": "Point", "coordinates": [ -121.703, 38.5396 ] } },
{ "type": "Feature", "id": "WCR1979-002100", "properties": { "WCRNmbr": "WCR1979-002100", "LAT": 38.5296, "LONG": -121.699, "BlwThreshl":"Above" ,"Head":-6.46839}, "geometry": { "type": "Point", "coordinates": [ -121.699, 38.5296 ] } },
{ "type": "Feature", "id": "WCR1980-001195", "properties": { "WCRNmbr": "WCR1980-001195", "LAT": 38.5396, "LONG": -121.703, "BlwThreshl":"Above" ,"Head":-6.57588}, "geometry": { "type": "Point", "coordinates": [ -121.703, 38.5396 ] } },
{ "type": "Feature", "id": "WCR1985-006988", "properties": { "WCRNmbr": "WCR1985-006988", "LAT": 38.5396, "LONG": -121.703, "BlwThreshl":"Above" ,"Head":1.6611}, "geometry": { "type": "Point", "coordinates": [ -121.703, 38.5396 ] } },
{ "type": "Feature", "id": "WCR1987-001760", "properties": { "WCRNmbr": "WCR1987-001760", "LAT": 38.5396, "LONG": -121.703, "BlwThreshl":"Above" ,"Head":1.6611}, "geometry": { "type": "Point", "coordinates": [ -121.703, 38.5396 ] } },
{ "type": "Feature", "id": "WCR1991-001908", "properties": { "WCRNmbr": "WCR1991-001908", "LAT": 38.5387, "LONG": -121.685, "BlwThreshl":"Above" ,"Head":-5.19419}, "geometry": { "type": "Point", "coordinates": [ -121.685, 38.5387 ] } },
{ "type": "Feature", "id": "WCR1991-009074", "properties": { "WCRNmbr": "WCR1991-009074", "LAT": 38.5396, "LONG": -121.703, "BlwThreshl":"Above" ,"Head":1.6611}, "geometry": { "type": "Point", "coordinates": [ -121.703, 38.5396 ] } },
{ "type": "Feature", "id": "WCR1991-009075", "properties": { "WCRNmbr": "WCR1991-009075", "LAT": 38.5396, "LONG": -121.703, "BlwThreshl":"Above" ,"Head":1.6611}, "geometry": { "type": "Point", "coordinates": [ -121.703, 38.5396 ] } },
{ "type": "Feature", "id": "WCR1993-005147", "properties": { "WCRNmbr": "WCR1993-005147", "LAT": 38.5396, "LONG": -121.703, "BlwThreshl":"Above" ,"Head":1.6611}, "geometry": { "type": "Point", "coordinates": [ -121.703, 38.5396 ] } },
{ "type": "Feature", "id": "WCR2004-004642", "properties": { "WCRNmbr": "WCR2004-004642", "LAT": 38.5387, "LONG": -121.685, "BlwThreshl":"Above" ,"Head":-5.19419}, "geometry": { "type": "Point", "coordinates": [ -121.685, 38.5387 ] } },
{ "type": "Feature", "id": "WCR2015-010913", "properties": { "WCRNmbr": "WCR2015-010913", "LAT": 38.5392, "LONG": -121.696, "BlwThreshl":"Above" ,"Head":-2.50536}, "geometry": { "type": "Point", "coordinates": [ -121.696, 38.5392 ] } },
{ "type": "Feature", "id": "WCR2016-014494", "properties": { "WCRNmbr": "WCR2016-014494", "LAT": 38.5433, "LONG": -121.698, "BlwThreshl":"Above" ,"Head":-2.50536}, "geometry": { "type": "Point", "coordinates": [ -121.698, 38.5433 ] } },
{ "type": "Feature", "id": "WCR2017-008615", "properties": { "WCRNmbr": "WCR2017-008615", "LAT": 38.5386, "LONG": -121.694, "BlwThreshl":"Above" ,"Head":-2.50536}, "geometry": { "type": "Point", "coordinates": [ -121.694, 38.5386 ] } },
{ "type": "Feature", "id": "WCR2018-009777", "properties": { "WCRNmbr": "WCR2018-009777", "LAT": 38.5392, "LONG": -121.692, "BlwThreshl":"Above" ,"Head":-5.19419}, "geometry": { "type": "Point", "coordinates": [ -121.692, 38.5392 ] } },
{ "type": "Feature", "id": "WCR2020-002853", "properties": { "WCRNmbr": "WCR2020-002853", "LAT": 38.5395, "LONG": -121.693, "BlwThreshl":"Above" ,"Head":-2.50536}, "geometry": { "type": "Point", "coordinates": [ -121.693, 38.5395 ] } },
{ "type": "Feature", "id": "WCR1973-000333", "properties": { "WCRNmbr": "WCR1973-000333", "LAT": 38.5551, "LONG": -122.017, "BlwThreshl":"Below" ,"Head":114.022}, "geometry": { "type": "Point", "coordinates": [ -122.017, 38.5551 ] } },
{ "type": "Feature", "id": "WCR2018-003745", "properties": { "WCRNmbr": "WCR2018-003745", "LAT": 38.5509, "LONG": -122.017, "BlwThreshl":"Above" ,"Head":110.449}, "geometry": { "type": "Point", "coordinates": [ -122.017, 38.5509 ] } },
{ "type": "Feature", "id": "WCR1972-000712", "properties": { "WCRNmbr": "WCR1972-000712", "LAT": 38.5544, "LONG": -121.98, "BlwThreshl":"Above" ,"Head":102.835}, "geometry": { "type": "Point", "coordinates": [ -121.98, 38.5544 ] } },
{ "type": "Feature", "id": "WCR1999-005846", "properties": { "WCRNmbr": "WCR1999-005846", "LAT": 38.5544, "LONG": -121.98, "BlwThreshl":"Above" ,"Head":102.835}, "geometry": { "type": "Point", "coordinates": [ -121.98, 38.5544 ] } },
{ "type": "Feature", "id": "WCR1975-000645", "properties": { "WCRNmbr": "WCR1975-000645", "LAT": 38.5544, "LONG": -121.962, "BlwThreshl":"Above" ,"Head":96.6242}, "geometry": { "type": "Point", "coordinates": [ -121.962, 38.5544 ] } },
{ "type": "Feature", "id": "WCR2001-006052", "properties": { "WCRNmbr": "WCR2001-006052", "LAT": 38.5544, "LONG": -121.962, "BlwThreshl":"Above" ,"Head":96.6242}, "geometry": { "type": "Point", "coordinates": [ -121.962, 38.5544 ] } },
{ "type": "Feature", "id": "WCR2007-001790", "properties": { "WCRNmbr": "WCR2007-001790", "LAT": 38.5543, "LONG": -121.943, "BlwThreshl":"Above" ,"Head":88.8959}, "geometry": { "type": "Point", "coordinates": [ -121.943, 38.5543 ] } },
{ "type": "Feature", "id": "WCR2012-003440", "properties": { "WCRNmbr": "WCR2012-003440", "LAT": 38.5539, "LONG": -121.944, "BlwThreshl":"Above" ,"Head":88.8959}, "geometry": { "type": "Point", "coordinates": [ -121.944, 38.5539 ] } },
{ "type": "Feature", "id": "WCR2022-005644", "properties": { "WCRNmbr": "WCR2022-005644", "LAT": 38.5626, "LONG": -121.934, "BlwThreshl":"Above" ,"Head":86.8461}, "geometry": { "type": "Point", "coordinates": [ -121.934, 38.5626 ] } },
{ "type": "Feature", "id": "WCR2003-001338", "properties": { "WCRNmbr": "WCR2003-001338", "LAT": 38.5545, "LONG": -121.906, "BlwThreshl":"Above" ,"Head":71.7434}, "geometry": { "type": "Point", "coordinates": [ -121.906, 38.5545 ] } },
{ "type": "Feature", "id": "WCR2023-007554", "properties": { "WCRNmbr": "WCR2023-007554", "LAT": 38.5473, "LONG": -121.911, "BlwThreshl":"Above" ,"Head":69.4972}, "geometry": { "type": "Point", "coordinates": [ -121.911, 38.5473 ] } },
{ "type": "Feature", "id": "WCR2023-011626", "properties": { "WCRNmbr": "WCR2023-011626", "LAT": 38.5489, "LONG": -121.873, "BlwThreshl":"Above" ,"Head":66.0755}, "geometry": { "type": "Point", "coordinates": [ -121.873, 38.5489 ] } },
{ "type": "Feature", "id": "WCR1971-000501", "properties": { "WCRNmbr": "WCR1971-000501", "LAT": 38.5542, "LONG": -121.849, "BlwThreshl":"Above" ,"Head":52.9912}, "geometry": { "type": "Point", "coordinates": [ -121.849, 38.5542 ] } },
{ "type": "Feature", "id": "WCR1973-000455", "properties": { "WCRNmbr": "WCR1973-000455", "LAT": 38.5541, "LONG": -121.85, "BlwThreshl":"Above" ,"Head":52.9912}, "geometry": { "type": "Point", "coordinates": [ -121.85, 38.5541 ] } },
{ "type": "Feature", "id": "WCR1990-004837", "properties": { "WCRNmbr": "WCR1990-004837", "LAT": 38.5543, "LONG": -121.868, "BlwThreshl":"Above" ,"Head":61.1404}, "geometry": { "type": "Point", "coordinates": [ -121.868, 38.5543 ] } },
{ "type": "Feature", "id": "WCR1997-001755", "properties": { "WCRNmbr": "WCR1997-001755", "LAT": 38.5541, "LONG": -121.85, "BlwThreshl":"Above" ,"Head":52.9912}, "geometry": { "type": "Point", "coordinates": [ -121.85, 38.5541 ] } },
{ "type": "Feature", "id": "WCR1997-001918", "properties": { "WCRNmbr": "WCR1997-001918", "LAT": 38.5543, "LONG": -121.868, "BlwThreshl":"Above" ,"Head":61.1404}, "geometry": { "type": "Point", "coordinates": [ -121.868, 38.5543 ] } },
{ "type": "Feature", "id": "WCR1970-000241", "properties": { "WCRNmbr": "WCR1970-000241", "LAT": 38.5541, "LONG": -121.831, "BlwThreshl":"Above" ,"Head":33.5049}, "geometry": { "type": "Point", "coordinates": [ -121.831, 38.5541 ] } },
{ "type": "Feature", "id": "WCR1972-000709", "properties": { "WCRNmbr": "WCR1972-000709", "LAT": 38.5541, "LONG": -121.831, "BlwThreshl":"Above" ,"Head":33.5049}, "geometry": { "type": "Point", "coordinates": [ -121.831, 38.5541 ] } },
{ "type": "Feature", "id": "WCR1972-000778", "properties": { "WCRNmbr": "WCR1972-000778", "LAT": 38.5541, "LONG": -121.831, "BlwThreshl":"Above" ,"Head":33.5049}, "geometry": { "type": "Point", "coordinates": [ -121.831, 38.5541 ] } },
{ "type": "Feature", "id": "WCR1974-000006", "properties": { "WCRNmbr": "WCR1974-000006", "LAT": 38.5541, "LONG": -121.831, "BlwThreshl":"Above" ,"Head":33.5049}, "geometry": { "type": "Point", "coordinates": [ -121.831, 38.5541 ] } },
{ "type": "Feature", "id": "WCR1976-000241", "properties": { "WCRNmbr": "WCR1976-000241", "LAT": 38.5541, "LONG": -121.831, "BlwThreshl":"Above" ,"Head":33.5049}, "geometry": { "type": "Point", "coordinates": [ -121.831, 38.5541 ] } },
{ "type": "Feature", "id": "WCR1976-000755", "properties": { "WCRNmbr": "WCR1976-000755", "LAT": 38.5541, "LONG": -121.831, "BlwThreshl":"Above" ,"Head":33.5049}, "geometry": { "type": "Point", "coordinates": [ -121.831, 38.5541 ] } },
{ "type": "Feature", "id": "WCR1977-001338", "properties": { "WCRNmbr": "WCR1977-001338", "LAT": 38.5541, "LONG": -121.831, "BlwThreshl":"Above" ,"Head":33.5049}, "geometry": { "type": "Point", "coordinates": [ -121.831, 38.5541 ] } },
{ "type": "Feature", "id": "WCR1977-002060", "properties": { "WCRNmbr": "WCR1977-002060", "LAT": 38.5541, "LONG": -121.831, "BlwThreshl":"Above" ,"Head":33.5049}, "geometry": { "type": "Point", "coordinates": [ -121.831, 38.5541 ] } },
{ "type": "Feature", "id": "WCR1978-001068", "properties": { "WCRNmbr": "WCR1978-001068", "LAT": 38.5541, "LONG": -121.831, "BlwThreshl":"Above" ,"Head":33.5049}, "geometry": { "type": "Point", "coordinates": [ -121.831, 38.5541 ] } },
{ "type": "Feature", "id": "WCR1978-001165", "properties": { "WCRNmbr": "WCR1978-001165", "LAT": 38.5541, "LONG": -121.831, "BlwThreshl":"Above" ,"Head":33.5049}, "geometry": { "type": "Point", "coordinates": [ -121.831, 38.5541 ] } },
{ "type": "Feature", "id": "WCR1983-001859", "properties": { "WCRNmbr": "WCR1983-001859", "LAT": 38.5541, "LONG": -121.831, "BlwThreshl":"Above" ,"Head":33.5049}, "geometry": { "type": "Point", "coordinates": [ -121.831, 38.5541 ] } },
{ "type": "Feature", "id": "WCR1990-006721", "properties": { "WCRNmbr": "WCR1990-006721", "LAT": 38.5541, "LONG": -121.831, "BlwThreshl":"Above" ,"Head":33.5049}, "geometry": { "type": "Point", "coordinates": [ -121.831, 38.5541 ] } },
{ "type": "Feature", "id": "WCR1994-002321", "properties": { "WCRNmbr": "WCR1994-002321", "LAT": 38.5541, "LONG": -121.831, "BlwThreshl":"Above" ,"Head":33.5049}, "geometry": { "type": "Point", "coordinates": [ -121.831, 38.5541 ] } },
{ "type": "Feature", "id": "WCR1995-001341", "properties": { "WCRNmbr": "WCR1995-001341", "LAT": 38.5541, "LONG": -121.831, "BlwThreshl":"Above" ,"Head":33.5049}, "geometry": { "type": "Point", "coordinates": [ -121.831, 38.5541 ] } },
{ "type": "Feature", "id": "WCR1995-004462", "properties": { "WCRNmbr": "WCR1995-004462", "LAT": 38.5541, "LONG": -121.831, "BlwThreshl":"Above" ,"Head":33.5049}, "geometry": { "type": "Point", "coordinates": [ -121.831, 38.5541 ] } },
{ "type": "Feature", "id": "WCR2002-002207", "properties": { "WCRNmbr": "WCR2002-002207", "LAT": 38.5486, "LONG": -121.833, "BlwThreshl":"Above" ,"Head":35.2198}, "geometry": { "type": "Point", "coordinates": [ -121.833, 38.5486 ] } },
{ "type": "Feature", "id": "WCR2005-005123", "properties": { "WCRNmbr": "WCR2005-005123", "LAT": 38.5541, "LONG": -121.831, "BlwThreshl":"Above" ,"Head":33.5049}, "geometry": { "type": "Point", "coordinates": [ -121.831, 38.5541 ] } },
{ "type": "Feature", "id": "WCR2005-005125", "properties": { "WCRNmbr": "WCR2005-005125", "LAT": 38.5541, "LONG": -121.831, "BlwThreshl":"Above" ,"Head":33.5049}, "geometry": { "type": "Point", "coordinates": [ -121.831, 38.5541 ] } },
{ "type": "Feature", "id": "WCR2007-006747", "properties": { "WCRNmbr": "WCR2007-006747", "LAT": 38.5541, "LONG": -121.831, "BlwThreshl":"Above" ,"Head":33.5049}, "geometry": { "type": "Point", "coordinates": [ -121.831, 38.5541 ] } },
{ "type": "Feature", "id": "WCR2016-009167", "properties": { "WCRNmbr": "WCR2016-009167", "LAT": 38.5644, "LONG": -121.841, "BlwThreshl":"Above" ,"Head":41.0826}, "geometry": { "type": "Point", "coordinates": [ -121.841, 38.5644 ] } },
{ "type": "Feature", "id": "WCR2022-011410", "properties": { "WCRNmbr": "WCR2022-011410", "LAT": 38.5468, "LONG": -121.845, "BlwThreshl":"Above" ,"Head":43.2403}, "geometry": { "type": "Point", "coordinates": [ -121.845, 38.5468 ] } },
{ "type": "Feature", "id": "WCR2023-004602", "properties": { "WCRNmbr": "WCR2023-004602", "LAT": 38.5569, "LONG": -121.84, "BlwThreshl":"Above" ,"Head":41.3695}, "geometry": { "type": "Point", "coordinates": [ -121.84, 38.5569 ] } },
{ "type": "Feature", "id": "WCR2023-010199", "properties": { "WCRNmbr": "WCR2023-010199", "LAT": 38.549, "LONG": -121.835, "BlwThreshl":"Above" ,"Head":35.2198}, "geometry": { "type": "Point", "coordinates": [ -121.835, 38.549 ] } },
{ "type": "Feature", "id": "WCR0293293", "properties": { "WCRNmbr": "WCR0293293", "LAT": 38.5542, "LONG": -121.812, "BlwThreshl":"Above" ,"Head":25.5166}, "geometry": { "type": "Point", "coordinates": [ -121.812, 38.5542 ] } },
{ "type": "Feature", "id": "WCR1776-000532", "properties": { "WCRNmbr": "WCR1776-000532", "LAT": 38.5542, "LONG": -121.812, "BlwThreshl":"Above" ,"Head":25.5166}, "geometry": { "type": "Point", "coordinates": [ -121.812, 38.5542 ] } },
{ "type": "Feature", "id": "WCR1975-000641", "properties": { "WCRNmbr": "WCR1975-000641", "LAT": 38.5542, "LONG": -121.812, "BlwThreshl":"Above" ,"Head":25.5166}, "geometry": { "type": "Point", "coordinates": [ -121.812, 38.5542 ] } },
{ "type": "Feature", "id": "WCR1978-001023", "properties": { "WCRNmbr": "WCR1978-001023", "LAT": 38.5542, "LONG": -121.812, "BlwThreshl":"Above" ,"Head":25.5166}, "geometry": { "type": "Point", "coordinates": [ -121.812, 38.5542 ] } },
{ "type": "Feature", "id": "WCR1986-005009", "properties": { "WCRNmbr": "WCR1986-005009", "LAT": 38.5542, "LONG": -121.812, "BlwThreshl":"Above" ,"Head":25.5166}, "geometry": { "type": "Point", "coordinates": [ -121.812, 38.5542 ] } },
{ "type": "Feature", "id": "WCR1999-000624", "properties": { "WCRNmbr": "WCR1999-000624", "LAT": 38.5542, "LONG": -121.812, "BlwThreshl":"Above" ,"Head":25.5166}, "geometry": { "type": "Point", "coordinates": [ -121.812, 38.5542 ] } },
{ "type": "Feature", "id": "WCR2000-002158", "properties": { "WCRNmbr": "WCR2000-002158", "LAT": 38.5542, "LONG": -121.812, "BlwThreshl":"Above" ,"Head":25.5166}, "geometry": { "type": "Point", "coordinates": [ -121.812, 38.5542 ] } },
{ "type": "Feature", "id": "WCR2006-004944", "properties": { "WCRNmbr": "WCR2006-004944", "LAT": 38.5542, "LONG": -121.812, "BlwThreshl":"Above" ,"Head":25.5166}, "geometry": { "type": "Point", "coordinates": [ -121.812, 38.5542 ] } },
{ "type": "Feature", "id": "WCR2017-008780", "properties": { "WCRNmbr": "WCR2017-008780", "LAT": 38.5542, "LONG": -121.812, "BlwThreshl":"Above" ,"Head":25.5166}, "geometry": { "type": "Point", "coordinates": [ -121.812, 38.5542 ] } },
{ "type": "Feature", "id": "WCR2023-006068", "properties": { "WCRNmbr": "WCR2023-006068", "LAT": 38.5547, "LONG": -121.819, "BlwThreshl":"Above" ,"Head":25.5166}, "geometry": { "type": "Point", "coordinates": [ -121.819, 38.5547 ] } },
{ "type": "Feature", "id": "WCR2023-013365", "properties": { "WCRNmbr": "WCR2023-013365", "LAT": 38.5475, "LONG": -121.822, "BlwThreshl":"Above" ,"Head":27.6229}, "geometry": { "type": "Point", "coordinates": [ -121.822, 38.5475 ] } },
{ "type": "Feature", "id": "WCR1971-000252", "properties": { "WCRNmbr": "WCR1971-000252", "LAT": 38.5539, "LONG": -121.795, "BlwThreshl":"Above" ,"Head":17.862}, "geometry": { "type": "Point", "coordinates": [ -121.795, 38.5539 ] } },
{ "type": "Feature", "id": "WCR1985-004106", "properties": { "WCRNmbr": "WCR1985-004106", "LAT": 38.5539, "LONG": -121.795, "BlwThreshl":"Above" ,"Head":17.862}, "geometry": { "type": "Point", "coordinates": [ -121.795, 38.5539 ] } },
{ "type": "Feature", "id": "WCR1986-000596", "properties": { "WCRNmbr": "WCR1986-000596", "LAT": 38.5532, "LONG": -121.685, "BlwThreshl":"Above" ,"Head":-6.25467}, "geometry": { "type": "Point", "coordinates": [ -121.685, 38.5532 ] } },
{ "type": "Feature", "id": "WCR2003-001233", "properties": { "WCRNmbr": "WCR2003-001233", "LAT": 38.5569, "LONG": -121.672, "BlwThreshl":"Above" ,"Head":-8.47914}, "geometry": { "type": "Point", "coordinates": [ -121.672, 38.5569 ] } },
{ "type": "Feature", "id": "WCR2002-002942", "properties": { "WCRNmbr": "WCR2002-002942", "LAT": 38.5669, "LONG": -121.973, "BlwThreshl":"Above" ,"Head":108.05}, "geometry": { "type": "Point", "coordinates": [ -121.973, 38.5669 ] } },
{ "type": "Feature", "id": "WCR0095154", "properties": { "WCRNmbr": "WCR0095154", "LAT": 38.569, "LONG": -121.943, "BlwThreshl":"Above" ,"Head":94.5472}, "geometry": { "type": "Point", "coordinates": [ -121.943, 38.569 ] } },
{ "type": "Feature", "id": "WCR1977-002057", "properties": { "WCRNmbr": "WCR1977-002057", "LAT": 38.569, "LONG": -121.943, "BlwThreshl":"Above" ,"Head":94.5472}, "geometry": { "type": "Point", "coordinates": [ -121.943, 38.569 ] } },
{ "type": "Feature", "id": "WCR1983-003700", "properties": { "WCRNmbr": "WCR1983-003700", "LAT": 38.569, "LONG": -121.943, "BlwThreshl":"Above" ,"Head":94.5472}, "geometry": { "type": "Point", "coordinates": [ -121.943, 38.569 ] } },
{ "type": "Feature", "id": "WCR2001-003906", "properties": { "WCRNmbr": "WCR2001-003906", "LAT": 38.569, "LONG": -121.943, "BlwThreshl":"Above" ,"Head":94.5472}, "geometry": { "type": "Point", "coordinates": [ -121.943, 38.569 ] } },
{ "type": "Feature", "id": "WCR2001-006059", "properties": { "WCRNmbr": "WCR2001-006059", "LAT": 38.5691, "LONG": -121.962, "BlwThreshl":"Above" ,"Head":103.042}, "geometry": { "type": "Point", "coordinates": [ -121.962, 38.5691 ] } },
{ "type": "Feature", "id": "WCR1972-000328", "properties": { "WCRNmbr": "WCR1972-000328", "LAT": 38.5836, "LONG": -121.906, "BlwThreshl":"Above" ,"Head":78.3586}, "geometry": { "type": "Point", "coordinates": [ -121.906, 38.5836 ] } },
{ "type": "Feature", "id": "WCR1990-000880", "properties": { "WCRNmbr": "WCR1990-000880", "LAT": 38.5836, "LONG": -121.906, "BlwThreshl":"Above" ,"Head":78.3586}, "geometry": { "type": "Point", "coordinates": [ -121.906, 38.5836 ] } },
{ "type": "Feature", "id": "WCR2000-006244", "properties": { "WCRNmbr": "WCR2000-006244", "LAT": 38.5689, "LONG": -121.906, "BlwThreshl":"Above" ,"Head":76.006}, "geometry": { "type": "Point", "coordinates": [ -121.906, 38.5689 ] } },
{ "type": "Feature", "id": "WCR2002-006615", "properties": { "WCRNmbr": "WCR2002-006615", "LAT": 38.565, "LONG": -121.904, "BlwThreshl":"Above" ,"Head":74.2374}, "geometry": { "type": "Point", "coordinates": [ -121.904, 38.565 ] } },
{ "type": "Feature", "id": "WCR2016-013487", "properties": { "WCRNmbr": "WCR2016-013487", "LAT": 38.5756, "LONG": -121.873, "BlwThreshl":"Above" ,"Head":58.098}, "geometry": { "type": "Point", "coordinates": [ -121.873, 38.5756 ] } },
{ "type": "Feature", "id": "WCR2016-015686", "properties": { "WCRNmbr": "WCR2016-015686", "LAT": 38.5743, "LONG": -121.875, "BlwThreshl":"Above" ,"Head":58.098}, "geometry": { "type": "Point", "coordinates": [ -121.875, 38.5743 ] } },
{ "type": "Feature", "id": "WCR2022-003572", "properties": { "WCRNmbr": "WCR2022-003572", "LAT": 38.5767, "LONG": -121.873, "BlwThreshl":"Above" ,"Head":58.098}, "geometry": { "type": "Point", "coordinates": [ -121.873, 38.5767 ] } },
{ "type": "Feature", "id": "WCR0220288", "properties": { "WCRNmbr": "WCR0220288", "LAT": 38.5834, "LONG": -121.868, "BlwThreshl":"Above" ,"Head":57.3841}, "geometry": { "type": "Point", "coordinates": [ -121.868, 38.5834 ] } },
{ "type": "Feature", "id": "WCR0236033", "properties": { "WCRNmbr": "WCR0236033", "LAT": 38.5687, "LONG": -121.849, "BlwThreshl":"Above" ,"Head":50.4641}, "geometry": { "type": "Point", "coordinates": [ -121.849, 38.5687 ] } },
{ "type": "Feature", "id": "WCR0311718", "properties": { "WCRNmbr": "WCR0311718", "LAT": 38.5834, "LONG": -121.868, "BlwThreshl":"Above" ,"Head":57.3841}, "geometry": { "type": "Point", "coordinates": [ -121.868, 38.5834 ] } },
{ "type": "Feature", "id": "WCR1776-000530", "properties": { "WCRNmbr": "WCR1776-000530", "LAT": 38.5687, "LONG": -121.849, "BlwThreshl":"Above" ,"Head":50.4641}, "geometry": { "type": "Point", "coordinates": [ -121.849, 38.5687 ] } },
{ "type": "Feature", "id": "WCR1970-000062", "properties": { "WCRNmbr": "WCR1970-000062", "LAT": 38.5687, "LONG": -121.849, "BlwThreshl":"Above" ,"Head":50.4641}, "geometry": { "type": "Point", "coordinates": [ -121.849, 38.5687 ] } },
{ "type": "Feature", "id": "WCR1970-000244", "properties": { "WCRNmbr": "WCR1970-000244", "LAT": 38.5687, "LONG": -121.849, "BlwThreshl":"Above" ,"Head":50.4641}, "geometry": { "type": "Point", "coordinates": [ -121.849, 38.5687 ] } },
{ "type": "Feature", "id": "WCR1970-000245", "properties": { "WCRNmbr": "WCR1970-000245", "LAT": 38.5687, "LONG": -121.849, "BlwThreshl":"Above" ,"Head":50.4641}, "geometry": { "type": "Point", "coordinates": [ -121.849, 38.5687 ] } },
{ "type": "Feature", "id": "WCR1970-000247", "properties": { "WCRNmbr": "WCR1970-000247", "LAT": 38.5687, "LONG": -121.849, "BlwThreshl":"Above" ,"Head":50.4641}, "geometry": { "type": "Point", "coordinates": [ -121.849, 38.5687 ] } },
{ "type": "Feature", "id": "WCR1971-000168", "properties": { "WCRNmbr": "WCR1971-000168", "LAT": 38.5688, "LONG": -121.868, "BlwThreshl":"Above" ,"Head":58.5223}, "geometry": { "type": "Point", "coordinates": [ -121.868, 38.5688 ] } },
{ "type": "Feature", "id": "WCR1971-000623", "properties": { "WCRNmbr": "WCR1971-000623", "LAT": 38.5688, "LONG": -121.868, "BlwThreshl":"Above" ,"Head":58.5223}, "geometry": { "type": "Point", "coordinates": [ -121.868, 38.5688 ] } },
{ "type": "Feature", "id": "WCR1972-000207", "properties": { "WCRNmbr": "WCR1972-000207", "LAT": 38.5687, "LONG": -121.849, "BlwThreshl":"Above" ,"Head":50.4641}, "geometry": { "type": "Point", "coordinates": [ -121.849, 38.5687 ] } },
{ "type": "Feature", "id": "WCR1974-000061", "properties": { "WCRNmbr": "WCR1974-000061", "LAT": 38.5688, "LONG": -121.868, "BlwThreshl":"Above" ,"Head":58.5223}, "geometry": { "type": "Point", "coordinates": [ -121.868, 38.5688 ] } },
{ "type": "Feature", "id": "WCR1974-000062", "properties": { "WCRNmbr": "WCR1974-000062", "LAT": 38.5688, "LONG": -121.868, "BlwThreshl":"Above" ,"Head":58.5223}, "geometry": { "type": "Point", "coordinates": [ -121.868, 38.5688 ] } },
{ "type": "Feature", "id": "WCR1974-000392", "properties": { "WCRNmbr": "WCR1974-000392", "LAT": 38.5834, "LONG": -121.849, "BlwThreshl":"Above" ,"Head":49.2422}, "geometry": { "type": "Point", "coordinates": [ -121.849, 38.5834 ] } },
{ "type": "Feature", "id": "WCR1974-000443", "properties": { "WCRNmbr": "WCR1974-000443", "LAT": 38.5834, "LONG": -121.849, "BlwThreshl":"Above" ,"Head":49.2422}, "geometry": { "type": "Point", "coordinates": [ -121.849, 38.5834 ] } },
{ "type": "Feature", "id": "WCR1974-000716", "properties": { "WCRNmbr": "WCR1974-000716", "LAT": 38.5687, "LONG": -121.849, "BlwThreshl":"Above" ,"Head":50.4641}, "geometry": { "type": "Point", "coordinates": [ -121.849, 38.5687 ] } },
{ "type": "Feature", "id": "WCR1975-000193", "properties": { "WCRNmbr": "WCR1975-000193", "LAT": 38.5687, "LONG": -121.849, "BlwThreshl":"Above" ,"Head":50.4641}, "geometry": { "type": "Point", "coordinates": [ -121.849, 38.5687 ] } },
{ "type": "Feature", "id": "WCR1975-000354", "properties": { "WCRNmbr": "WCR1975-000354", "LAT": 38.5834, "LONG": -121.868, "BlwThreshl":"Above" ,"Head":57.3841}, "geometry": { "type": "Point", "coordinates": [ -121.868, 38.5834 ] } },
{ "type": "Feature", "id": "WCR1975-000678", "properties": { "WCRNmbr": "WCR1975-000678", "LAT": 38.5834, "LONG": -121.868, "BlwThreshl":"Above" ,"Head":57.3841}, "geometry": { "type": "Point", "coordinates": [ -121.868, 38.5834 ] } },
{ "type": "Feature", "id": "WCR1976-000371", "properties": { "WCRNmbr": "WCR1976-000371", "LAT": 38.5834, "LONG": -121.868, "BlwThreshl":"Above" ,"Head":57.3841}, "geometry": { "type": "Point", "coordinates": [ -121.868, 38.5834 ] } },
{ "type": "Feature", "id": "WCR1976-000618", "properties": { "WCRNmbr": "WCR1976-000618", "LAT": 38.5687, "LONG": -121.849, "BlwThreshl":"Above" ,"Head":50.4641}, "geometry": { "type": "Point", "coordinates": [ -121.849, 38.5687 ] } },
{ "type": "Feature", "id": "WCR1976-000950", "properties": { "WCRNmbr": "WCR1976-000950", "LAT": 38.5687, "LONG": -121.849, "BlwThreshl":"Above" ,"Head":50.4641}, "geometry": { "type": "Point", "coordinates": [ -121.849, 38.5687 ] } },
{ "type": "Feature", "id": "WCR1976-000951", "properties": { "WCRNmbr": "WCR1976-000951", "LAT": 38.5834, "LONG": -121.868, "BlwThreshl":"Above" ,"Head":57.3841}, "geometry": { "type": "Point", "coordinates": [ -121.868, 38.5834 ] } },
{ "type": "Feature", "id": "WCR1976-000970", "properties": { "WCRNmbr": "WCR1976-000970", "LAT": 38.5687, "LONG": -121.849, "BlwThreshl":"Above" ,"Head":50.4641}, "geometry": { "type": "Point", "coordinates": [ -121.849, 38.5687 ] } },
{ "type": "Feature", "id": "WCR1976-001080", "properties": { "WCRNmbr": "WCR1976-001080", "LAT": 38.5687, "LONG": -121.849, "BlwThreshl":"Above" ,"Head":50.4641}, "geometry": { "type": "Point", "coordinates": [ -121.849, 38.5687 ] } },
{ "type": "Feature", "id": "WCR1977-000188", "properties": { "WCRNmbr": "WCR1977-000188", "LAT": 38.5834, "LONG": -121.868, "BlwThreshl":"Above" ,"Head":57.3841}, "geometry": { "type": "Point", "coordinates": [ -121.868, 38.5834 ] } },
{ "type": "Feature", "id": "WCR1977-001905", "properties": { "WCRNmbr": "WCR1977-001905", "LAT": 38.5688, "LONG": -121.868, "BlwThreshl":"Above" ,"Head":58.5223}, "geometry": { "type": "Point", "coordinates": [ -121.868, 38.5688 ] } },
{ "type": "Feature", "id": "WCR1978-001065", "properties": { "WCRNmbr": "WCR1978-001065", "LAT": 38.5687, "LONG": -121.849, "BlwThreshl":"Above" ,"Head":50.4641}, "geometry": { "type": "Point", "coordinates": [ -121.849, 38.5687 ] } },
{ "type": "Feature", "id": "WCR1978-001661", "properties": { "WCRNmbr": "WCR1978-001661", "LAT": 38.5687, "LONG": -121.849, "BlwThreshl":"Above" ,"Head":50.4641}, "geometry": { "type": "Point", "coordinates": [ -121.849, 38.5687 ] } },
{ "type": "Feature", "id": "WCR1979-000125", "properties": { "WCRNmbr": "WCR1979-000125", "LAT": 38.5688, "LONG": -121.868, "BlwThreshl":"Above" ,"Head":58.5223}, "geometry": { "type": "Point", "coordinates": [ -121.868, 38.5688 ] } },
{ "type": "Feature", "id": "WCR1979-000600", "properties": { "WCRNmbr": "WCR1979-000600", "LAT": 38.5687, "LONG": -121.849, "BlwThreshl":"Above" ,"Head":50.4641}, "geometry": { "type": "Point", "coordinates": [ -121.849, 38.5687 ] } },
{ "type": "Feature", "id": "WCR1979-000715", "properties": { "WCRNmbr": "WCR1979-000715", "LAT": 38.5834, "LONG": -121.868, "BlwThreshl":"Above" ,"Head":57.3841}, "geometry": { "type": "Point", "coordinates": [ -121.868, 38.5834 ] } },
{ "type": "Feature", "id": "WCR1979-000724", "properties": { "WCRNmbr": "WCR1979-000724", "LAT": 38.5834, "LONG": -121.868, "BlwThreshl":"Above" ,"Head":57.3841}, "geometry": { "type": "Point", "coordinates": [ -121.868, 38.5834 ] } },
{ "type": "Feature", "id": "WCR1979-002098", "properties": { "WCRNmbr": "WCR1979-002098", "LAT": 38.5834, "LONG": -121.868, "BlwThreshl":"Above" ,"Head":57.3841}, "geometry": { "type": "Point", "coordinates": [ -121.868, 38.5834 ] } },
{ "type": "Feature", "id": "WCR1979-002286", "properties": { "WCRNmbr": "WCR1979-002286", "LAT": 38.5688, "LONG": -121.868, "BlwThreshl":"Above" ,"Head":58.5223}, "geometry": { "type": "Point", "coordinates": [ -121.868, 38.5688 ] } },
{ "type": "Feature", "id": "WCR1980-002491", "properties": { "WCRNmbr": "WCR1980-002491", "LAT": 38.5834, "LONG": -121.868, "BlwThreshl":"Above" ,"Head":57.3841}, "geometry": { "type": "Point", "coordinates": [ -121.868, 38.5834 ] } },
{ "type": "Feature", "id": "WCR1980-002502", "properties": { "WCRNmbr": "WCR1980-002502", "LAT": 38.5834, "LONG": -121.868, "BlwThreshl":"Above" ,"Head":57.3841}, "geometry": { "type": "Point", "coordinates": [ -121.868, 38.5834 ] } },
{ "type": "Feature", "id": "WCR1981-002748", "properties": { "WCRNmbr": "WCR1981-002748", "LAT": 38.5687, "LONG": -121.849, "BlwThreshl":"Above" ,"Head":50.4641}, "geometry": { "type": "Point", "coordinates": [ -121.849, 38.5687 ] } },
{ "type": "Feature", "id": "WCR1986-001329", "properties": { "WCRNmbr": "WCR1986-001329", "LAT": 38.5688, "LONG": -121.868, "BlwThreshl":"Above" ,"Head":58.5223}, "geometry": { "type": "Point", "coordinates": [ -121.868, 38.5688 ] } },
{ "type": "Feature", "id": "WCR1986-001330", "properties": { "WCRNmbr": "WCR1986-001330", "LAT": 38.5834, "LONG": -121.849, "BlwThreshl":"Above" ,"Head":49.2422}, "geometry": { "type": "Point", "coordinates": [ -121.849, 38.5834 ] } },
{ "type": "Feature", "id": "WCR1987-001803", "properties": { "WCRNmbr": "WCR1987-001803", "LAT": 38.5834, "LONG": -121.868, "BlwThreshl":"Above" ,"Head":57.3841}, "geometry": { "type": "Point", "coordinates": [ -121.868, 38.5834 ] } },
{ "type": "Feature", "id": "WCR1988-003408", "properties": { "WCRNmbr": "WCR1988-003408", "LAT": 38.5834, "LONG": -121.849, "BlwThreshl":"Above" ,"Head":49.2422}, "geometry": { "type": "Point", "coordinates": [ -121.849, 38.5834 ] } },
{ "type": "Feature", "id": "WCR1988-004183", "properties": { "WCRNmbr": "WCR1988-004183", "LAT": 38.5834, "LONG": -121.849, "BlwThreshl":"Above" ,"Head":49.2422}, "geometry": { "type": "Point", "coordinates": [ -121.849, 38.5834 ] } },
{ "type": "Feature", "id": "WCR1988-004187", "properties": { "WCRNmbr": "WCR1988-004187", "LAT": 38.5834, "LONG": -121.849, "BlwThreshl":"Above" ,"Head":49.2422}, "geometry": { "type": "Point", "coordinates": [ -121.849, 38.5834 ] } },
{ "type": "Feature", "id": "WCR1989-009681", "properties": { "WCRNmbr": "WCR1989-009681", "LAT": 38.5834, "LONG": -121.849, "BlwThreshl":"Above" ,"Head":49.2422}, "geometry": { "type": "Point", "coordinates": [ -121.849, 38.5834 ] } },
{ "type": "Feature", "id": "WCR1998-001248", "properties": { "WCRNmbr": "WCR1998-001248", "LAT": 38.5834, "LONG": -121.868, "BlwThreshl":"Above" ,"Head":57.3841}, "geometry": { "type": "Point", "coordinates": [ -121.868, 38.5834 ] } },
{ "type": "Feature", "id": "WCR1998-003689", "properties": { "WCRNmbr": "WCR1998-003689", "LAT": 38.5834, "LONG": -121.868, "BlwThreshl":"Above" ,"Head":57.3841}, "geometry": { "type": "Point", "coordinates": [ -121.868, 38.5834 ] } },
{ "type": "Feature", "id": "WCR1999-005833", "properties": { "WCRNmbr": "WCR1999-005833", "LAT": 38.5834, "LONG": -121.868, "BlwThreshl":"Above" ,"Head":57.3841}, "geometry": { "type": "Point", "coordinates": [ -121.868, 38.5834 ] } },
{ "type": "Feature", "id": "WCR1999-005851", "properties": { "WCRNmbr": "WCR1999-005851", "LAT": 38.5834, "LONG": -121.849, "BlwThreshl":"Above" ,"Head":49.2422}, "geometry": { "type": "Point", "coordinates": [ -121.849, 38.5834 ] } },
{ "type": "Feature", "id": "WCR1999-005855", "properties": { "WCRNmbr": "WCR1999-005855", "LAT": 38.5834, "LONG": -121.868, "BlwThreshl":"Above" ,"Head":57.3841}, "geometry": { "type": "Point", "coordinates": [ -121.868, 38.5834 ] } },
{ "type": "Feature", "id": "WCR1999-006108", "properties": { "WCRNmbr": "WCR1999-006108", "LAT": 38.5834, "LONG": -121.868, "BlwThreshl":"Above" ,"Head":57.3841}, "geometry": { "type": "Point", "coordinates": [ -121.868, 38.5834 ] } },
{ "type": "Feature", "id": "WCR1999-006109", "properties": { "WCRNmbr": "WCR1999-006109", "LAT": 38.5834, "LONG": -121.868, "BlwThreshl":"Above" ,"Head":57.3841}, "geometry": { "type": "Point", "coordinates": [ -121.868, 38.5834 ] } },
{ "type": "Feature", "id": "WCR2001-001819", "properties": { "WCRNmbr": "WCR2001-001819", "LAT": 38.5688, "LONG": -121.868, "BlwThreshl":"Above" ,"Head":58.5223}, "geometry": { "type": "Point", "coordinates": [ -121.868, 38.5688 ] } },
{ "type": "Feature", "id": "WCR2003-004889", "properties": { "WCRNmbr": "WCR2003-004889", "LAT": 38.5688, "LONG": -121.868, "BlwThreshl":"Above" ,"Head":58.5223}, "geometry": { "type": "Point", "coordinates": [ -121.868, 38.5688 ] } },
{ "type": "Feature", "id": "WCR2005-004039", "properties": { "WCRNmbr": "WCR2005-004039", "LAT": 38.5687, "LONG": -121.849, "BlwThreshl":"Above" ,"Head":50.4641}, "geometry": { "type": "Point", "coordinates": [ -121.849, 38.5687 ] } },
{ "type": "Feature", "id": "WCR2005-004076", "properties": { "WCRNmbr": "WCR2005-004076", "LAT": 38.5834, "LONG": -121.868, "BlwThreshl":"Above" ,"Head":57.3841}, "geometry": { "type": "Point", "coordinates": [ -121.868, 38.5834 ] } },
{ "type": "Feature", "id": "WCR2006-006907", "properties": { "WCRNmbr": "WCR2006-006907", "LAT": 38.5834, "LONG": -121.849, "BlwThreshl":"Above" ,"Head":49.2422}, "geometry": { "type": "Point", "coordinates": [ -121.849, 38.5834 ] } },
{ "type": "Feature", "id": "WCR2007-001904", "properties": { "WCRNmbr": "WCR2007-001904", "LAT": 38.5834, "LONG": -121.849, "BlwThreshl":"Above" ,"Head":49.2422}, "geometry": { "type": "Point", "coordinates": [ -121.849, 38.5834 ] } },
{ "type": "Feature", "id": "WCR2007-006579", "properties": { "WCRNmbr": "WCR2007-006579", "LAT": 38.5687, "LONG": -121.849, "BlwThreshl":"Above" ,"Head":50.4641}, "geometry": { "type": "Point", "coordinates": [ -121.849, 38.5687 ] } },
{ "type": "Feature", "id": "WCR2007-007219", "properties": { "WCRNmbr": "WCR2007-007219", "LAT": 38.5687, "LONG": -121.849, "BlwThreshl":"Above" ,"Head":50.4641}, "geometry": { "type": "Point", "coordinates": [ -121.849, 38.5687 ] } },
{ "type": "Feature", "id": "WCR2017-000063", "properties": { "WCRNmbr": "WCR2017-000063", "LAT": 38.572, "LONG": -121.866, "BlwThreshl":"Above" ,"Head":54.6275}, "geometry": { "type": "Point", "coordinates": [ -121.866, 38.572 ] } },
{ "type": "Feature", "id": "WCR2017-008105", "properties": { "WCRNmbr": "WCR2017-008105", "LAT": 38.5694, "LONG": -121.859, "BlwThreshl":"Above" ,"Head":54.6275}, "geometry": { "type": "Point", "coordinates": [ -121.859, 38.5694 ] } },
{ "type": "Feature", "id": "WCR2022-010765", "properties": { "WCRNmbr": "WCR2022-010765", "LAT": 38.5746, "LONG": -121.859, "BlwThreshl":"Above" ,"Head":54.0307}, "geometry": { "type": "Point", "coordinates": [ -121.859, 38.5746 ] } },
{ "type": "Feature", "id": "WCR2023-001917", "properties": { "WCRNmbr": "WCR2023-001917", "LAT": 38.576, "LONG": -121.86, "BlwThreshl":"Above" ,"Head":54.0307}, "geometry": { "type": "Point", "coordinates": [ -121.86, 38.576 ] } },
{ "type": "Feature", "id": "WCR2023-004424", "properties": { "WCRNmbr": "WCR2023-004424", "LAT": 38.5715, "LONG": -121.859, "BlwThreshl":"Above" ,"Head":54.6275}, "geometry": { "type": "Point", "coordinates": [ -121.859, 38.5715 ] } },
{ "type": "Feature", "id": "WCR2023-006076", "properties": { "WCRNmbr": "WCR2023-006076", "LAT": 38.5743, "LONG": -121.863, "BlwThreshl":"Above" ,"Head":54.0307}, "geometry": { "type": "Point", "coordinates": [ -121.863, 38.5743 ] } },
{ "type": "Feature", "id": "WCR1776-001032", "properties": { "WCRNmbr": "WCR1776-001032", "LAT": 38.5688, "LONG": -121.831, "BlwThreshl":"Above" ,"Head":35.6289}, "geometry": { "type": "Point", "coordinates": [ -121.831, 38.5688 ] } },
{ "type": "Feature", "id": "WCR1973-000451", "properties": { "WCRNmbr": "WCR1973-000451", "LAT": 38.5688, "LONG": -121.831, "BlwThreshl":"Above" ,"Head":35.6289}, "geometry": { "type": "Point", "coordinates": [ -121.831, 38.5688 ] } },
{ "type": "Feature", "id": "WCR1973-000532", "properties": { "WCRNmbr": "WCR1973-000532", "LAT": 38.5688, "LONG": -121.831, "BlwThreshl":"Above" ,"Head":35.6289}, "geometry": { "type": "Point", "coordinates": [ -121.831, 38.5688 ] } },
{ "type": "Feature", "id": "WCR1984-002583", "properties": { "WCRNmbr": "WCR1984-002583", "LAT": 38.5688, "LONG": -121.831, "BlwThreshl":"Above" ,"Head":35.6289}, "geometry": { "type": "Point", "coordinates": [ -121.831, 38.5688 ] } },
{ "type": "Feature", "id": "WCR1988-003405", "properties": { "WCRNmbr": "WCR1988-003405", "LAT": 38.5688, "LONG": -121.831, "BlwThreshl":"Above" ,"Head":35.6289}, "geometry": { "type": "Point", "coordinates": [ -121.831, 38.5688 ] } },
{ "type": "Feature", "id": "WCR2006-001370", "properties": { "WCRNmbr": "WCR2006-001370", "LAT": 38.5834, "LONG": -121.831, "BlwThreshl":"Above" ,"Head":37.1919}, "geometry": { "type": "Point", "coordinates": [ -121.831, 38.5834 ] } },
{ "type": "Feature", "id": "WCR2016-014573", "properties": { "WCRNmbr": "WCR2016-014573", "LAT": 38.5708, "LONG": -121.84, "BlwThreshl":"Above" ,"Head":41.8898}, "geometry": { "type": "Point", "coordinates": [ -121.84, 38.5708 ] } },
{ "type": "Feature", "id": "WCR2017-008067", "properties": { "WCRNmbr": "WCR2017-008067", "LAT": 38.5695, "LONG": -121.84, "BlwThreshl":"Above" ,"Head":41.8898}, "geometry": { "type": "Point", "coordinates": [ -121.84, 38.5695 ] } },
{ "type": "Feature", "id": "WCR2019-004041", "properties": { "WCRNmbr": "WCR2019-004041", "LAT": 38.5729, "LONG": -121.84, "BlwThreshl":"Above" ,"Head":41.8898}, "geometry": { "type": "Point", "coordinates": [ -121.84, 38.5729 ] } },
{ "type": "Feature", "id": "WCR2002-001184", "properties": { "WCRNmbr": "WCR2002-001184", "LAT": 38.5834, "LONG": -121.812, "BlwThreshl":"Above" ,"Head":31.2031}, "geometry": { "type": "Point", "coordinates": [ -121.812, 38.5834 ] } },
{ "type": "Feature", "id": "WCR2004-004611", "properties": { "WCRNmbr": "WCR2004-004611", "LAT": 38.5834, "LONG": -121.812, "BlwThreshl":"Above" ,"Head":31.2031}, "geometry": { "type": "Point", "coordinates": [ -121.812, 38.5834 ] } },
{ "type": "Feature", "id": "WCR2011-002906", "properties": { "WCRNmbr": "WCR2011-002906", "LAT": 38.5694, "LONG": -121.818, "BlwThreshl":"Above" ,"Head":28.2737}, "geometry": { "type": "Point", "coordinates": [ -121.818, 38.5694 ] } },
{ "type": "Feature", "id": "WCR1776-001206", "properties": { "WCRNmbr": "WCR1776-001206", "LAT": 38.5832, "LONG": -121.794, "BlwThreshl":"Above" ,"Head":26.1234}, "geometry": { "type": "Point", "coordinates": [ -121.794, 38.5832 ] } },
{ "type": "Feature", "id": "WCR1970-000265", "properties": { "WCRNmbr": "WCR1970-000265", "LAT": 38.5684, "LONG": -121.777, "BlwThreshl":"Above" ,"Head":11.9942}, "geometry": { "type": "Point", "coordinates": [ -121.777, 38.5684 ] } },
{ "type": "Feature", "id": "WCR1971-000249", "properties": { "WCRNmbr": "WCR1971-000249", "LAT": 38.5684, "LONG": -121.777, "BlwThreshl":"Above" ,"Head":11.9942}, "geometry": { "type": "Point", "coordinates": [ -121.777, 38.5684 ] } },
{ "type": "Feature", "id": "WCR1972-000003", "properties": { "WCRNmbr": "WCR1972-000003", "LAT": 38.5684, "LONG": -121.777, "BlwThreshl":"Above" ,"Head":11.9942}, "geometry": { "type": "Point", "coordinates": [ -121.777, 38.5684 ] } },
{ "type": "Feature", "id": "WCR1973-000134", "properties": { "WCRNmbr": "WCR1973-000134", "LAT": 38.5684, "LONG": -121.777, "BlwThreshl":"Above" ,"Head":11.9942}, "geometry": { "type": "Point", "coordinates": [ -121.777, 38.5684 ] } },
{ "type": "Feature", "id": "WCR1973-000811", "properties": { "WCRNmbr": "WCR1973-000811", "LAT": 38.5684, "LONG": -121.777, "BlwThreshl":"Above" ,"Head":11.9942}, "geometry": { "type": "Point", "coordinates": [ -121.777, 38.5684 ] } },
{ "type": "Feature", "id": "WCR1973-000846", "properties": { "WCRNmbr": "WCR1973-000846", "LAT": 38.5684, "LONG": -121.777, "BlwThreshl":"Above" ,"Head":11.9942}, "geometry": { "type": "Point", "coordinates": [ -121.777, 38.5684 ] } },
{ "type": "Feature", "id": "WCR1974-000388", "properties": { "WCRNmbr": "WCR1974-000388", "LAT": 38.5684, "LONG": -121.777, "BlwThreshl":"Above" ,"Head":11.9942}, "geometry": { "type": "Point", "coordinates": [ -121.777, 38.5684 ] } },
{ "type": "Feature", "id": "WCR1975-000200", "properties": { "WCRNmbr": "WCR1975-000200", "LAT": 38.5684, "LONG": -121.777, "BlwThreshl":"Above" ,"Head":11.9942}, "geometry": { "type": "Point", "coordinates": [ -121.777, 38.5684 ] } },
{ "type": "Feature", "id": "WCR1976-000236", "properties": { "WCRNmbr": "WCR1976-000236", "LAT": 38.5684, "LONG": -121.777, "BlwThreshl":"Above" ,"Head":11.9942}, "geometry": { "type": "Point", "coordinates": [ -121.777, 38.5684 ] } },
{ "type": "Feature", "id": "WCR1976-000611", "properties": { "WCRNmbr": "WCR1976-000611", "LAT": 38.5684, "LONG": -121.777, "BlwThreshl":"Above" ,"Head":11.9942}, "geometry": { "type": "Point", "coordinates": [ -121.777, 38.5684 ] } },
{ "type": "Feature", "id": "WCR1976-001018", "properties": { "WCRNmbr": "WCR1976-001018", "LAT": 38.5684, "LONG": -121.777, "BlwThreshl":"Above" ,"Head":11.9942}, "geometry": { "type": "Point", "coordinates": [ -121.777, 38.5684 ] } },
{ "type": "Feature", "id": "WCR1977-000089", "properties": { "WCRNmbr": "WCR1977-000089", "LAT": 38.5684, "LONG": -121.777, "BlwThreshl":"Above" ,"Head":11.9942}, "geometry": { "type": "Point", "coordinates": [ -121.777, 38.5684 ] } },
{ "type": "Feature", "id": "WCR1977-001043", "properties": { "WCRNmbr": "WCR1977-001043", "LAT": 38.5684, "LONG": -121.777, "BlwThreshl":"Above" ,"Head":11.9942}, "geometry": { "type": "Point", "coordinates": [ -121.777, 38.5684 ] } },
{ "type": "Feature", "id": "WCR1978-000910", "properties": { "WCRNmbr": "WCR1978-000910", "LAT": 38.5831, "LONG": -121.777, "BlwThreshl":"Above" ,"Head":13.748}, "geometry": { "type": "Point", "coordinates": [ -121.777, 38.5831 ] } },
{ "type": "Feature", "id": "WCR1978-001777", "properties": { "WCRNmbr": "WCR1978-001777", "LAT": 38.5684, "LONG": -121.777, "BlwThreshl":"Above" ,"Head":11.9942}, "geometry": { "type": "Point", "coordinates": [ -121.777, 38.5684 ] } },
{ "type": "Feature", "id": "WCR1980-000050", "properties": { "WCRNmbr": "WCR1980-000050", "LAT": 38.5684, "LONG": -121.777, "BlwThreshl":"Above" ,"Head":11.9942}, "geometry": { "type": "Point", "coordinates": [ -121.777, 38.5684 ] } },
{ "type": "Feature", "id": "WCR1980-000315", "properties": { "WCRNmbr": "WCR1980-000315", "LAT": 38.5684, "LONG": -121.777, "BlwThreshl":"Above" ,"Head":11.9942}, "geometry": { "type": "Point", "coordinates": [ -121.777, 38.5684 ] } },
{ "type": "Feature", "id": "WCR1980-002490", "properties": { "WCRNmbr": "WCR1980-002490", "LAT": 38.5684, "LONG": -121.777, "BlwThreshl":"Above" ,"Head":11.9942}, "geometry": { "type": "Point", "coordinates": [ -121.777, 38.5684 ] } },
{ "type": "Feature", "id": "WCR1991-001905", "properties": { "WCRNmbr": "WCR1991-001905", "LAT": 38.5684, "LONG": -121.777, "BlwThreshl":"Above" ,"Head":11.9942}, "geometry": { "type": "Point", "coordinates": [ -121.777, 38.5684 ] } },
{ "type": "Feature", "id": "WCR1998-004439", "properties": { "WCRNmbr": "WCR1998-004439", "LAT": 38.5684, "LONG": -121.777, "BlwThreshl":"Above" ,"Head":11.9942}, "geometry": { "type": "Point", "coordinates": [ -121.777, 38.5684 ] } },
{ "type": "Feature", "id": "WCR1999-000641", "properties": { "WCRNmbr": "WCR1999-000641", "LAT": 38.5684, "LONG": -121.777, "BlwThreshl":"Above" ,"Head":11.9942}, "geometry": { "type": "Point", "coordinates": [ -121.777, 38.5684 ] } },
{ "type": "Feature", "id": "WCR2000-006242", "properties": { "WCRNmbr": "WCR2000-006242", "LAT": 38.5831, "LONG": -121.777, "BlwThreshl":"Above" ,"Head":13.748}, "geometry": { "type": "Point", "coordinates": [ -121.777, 38.5831 ] } },
{ "type": "Feature", "id": "WCR2008-003609", "properties": { "WCRNmbr": "WCR2008-003609", "LAT": 38.5684, "LONG": -121.777, "BlwThreshl":"Above" ,"Head":11.9942}, "geometry": { "type": "Point", "coordinates": [ -121.777, 38.5684 ] } },
{ "type": "Feature", "id": "WCR1988-002622", "properties": { "WCRNmbr": "WCR1988-002622", "LAT": 38.5829, "LONG": -121.758, "BlwThreshl":"Above" ,"Head":3.96488}, "geometry": { "type": "Point", "coordinates": [ -121.758, 38.5829 ] } },
{ "type": "Feature", "id": "WCR2000-006363", "properties": { "WCRNmbr": "WCR2000-006363", "LAT": 38.5728, "LONG": -121.769, "BlwThreshl":"Above" ,"Head":8.13714}, "geometry": { "type": "Point", "coordinates": [ -121.769, 38.5728 ] } },
{ "type": "Feature", "id": "WCR2007-001795", "properties": { "WCRNmbr": "WCR2007-001795", "LAT": 38.5829, "LONG": -121.758, "BlwThreshl":"Above" ,"Head":3.96488}, "geometry": { "type": "Point", "coordinates": [ -121.758, 38.5829 ] } },
{ "type": "Feature", "id": "WCR2017-001254", "properties": { "WCRNmbr": "WCR2017-001254", "LAT": 38.5731, "LONG": -121.771, "BlwThreshl":"Above" ,"Head":8.13714}, "geometry": { "type": "Point", "coordinates": [ -121.771, 38.5731 ] } },
{ "type": "Feature", "id": "WCR2022-005098", "properties": { "WCRNmbr": "WCR2022-005098", "LAT": 38.5731, "LONG": -121.77, "BlwThreshl":"Above" ,"Head":8.13714}, "geometry": { "type": "Point", "coordinates": [ -121.77, 38.5731 ] } },
{ "type": "Feature", "id": "WCR1977-002053", "properties": { "WCRNmbr": "WCR1977-002053", "LAT": 38.5827, "LONG": -121.74, "BlwThreshl":"Above" ,"Head":-0.806927}, "geometry": { "type": "Point", "coordinates": [ -121.74, 38.5827 ] } },
{ "type": "Feature", "id": "WCR2000-003126", "properties": { "WCRNmbr": "WCR2000-003126", "LAT": 38.5826, "LONG": -121.721, "BlwThreshl":"Above" ,"Head":-3.14969}, "geometry": { "type": "Point", "coordinates": [ -121.721, 38.5826 ] } },
{ "type": "Feature", "id": "WCR2006-007125", "properties": { "WCRNmbr": "WCR2006-007125", "LAT": 38.5826, "LONG": -121.721, "BlwThreshl":"Above" ,"Head":-3.14969}, "geometry": { "type": "Point", "coordinates": [ -121.721, 38.5826 ] } },
{ "type": "Feature", "id": "WCR1972-000211", "properties": { "WCRNmbr": "WCR1972-000211", "LAT": 38.5678, "LONG": -121.684, "BlwThreshl":"Above" ,"Head":-6.96389}, "geometry": { "type": "Point", "coordinates": [ -121.684, 38.5678 ] } },
{ "type": "Feature", "id": "WCR1975-000185", "properties": { "WCRNmbr": "WCR1975-000185", "LAT": 38.5678, "LONG": -121.684, "BlwThreshl":"Above" ,"Head":-6.96389}, "geometry": { "type": "Point", "coordinates": [ -121.684, 38.5678 ] } },
{ "type": "Feature", "id": "WCR1999-006128", "properties": { "WCRNmbr": "WCR1999-006128", "LAT": 38.5825, "LONG": -121.684, "BlwThreshl":"Above" ,"Head":-7.12727}, "geometry": { "type": "Point", "coordinates": [ -121.684, 38.5825 ] } },
{ "type": "Feature", "id": "WCR2001-001840", "properties": { "WCRNmbr": "WCR2001-001840", "LAT": 38.5825, "LONG": -121.703, "BlwThreshl":"Above" ,"Head":-5.50367}, "geometry": { "type": "Point", "coordinates": [ -121.703, 38.5825 ] } },
{ "type": "Feature", "id": "WCR2003-001273", "properties": { "WCRNmbr": "WCR2003-001273", "LAT": 38.5825, "LONG": -121.684, "BlwThreshl":"Above" ,"Head":-7.12727}, "geometry": { "type": "Point", "coordinates": [ -121.684, 38.5825 ] } },
{ "type": "Feature", "id": "WCR2016-010562", "properties": { "WCRNmbr": "WCR2016-010562", "LAT": 38.5722, "LONG": -121.684, "BlwThreshl":"Above" ,"Head":-6.96389}, "geometry": { "type": "Point", "coordinates": [ -121.684, 38.5722 ] } },
{ "type": "Feature", "id": "WCR1977-001829", "properties": { "WCRNmbr": "WCR1977-001829", "LAT": 38.5677, "LONG": -121.666, "BlwThreshl":"Above" ,"Head":-8.2796}, "geometry": { "type": "Point", "coordinates": [ -121.666, 38.5677 ] } },
{ "type": "Feature", "id": "WCR1972-000378", "properties": { "WCRNmbr": "WCR1972-000378", "LAT": 38.5844, "LONG": -121.999, "BlwThreshl":"Above" ,"Head":128.697}, "geometry": { "type": "Point", "coordinates": [ -121.999, 38.5844 ] } },
{ "type": "Feature", "id": "WCR1998-001249", "properties": { "WCRNmbr": "WCR1998-001249", "LAT": 38.5988, "LONG": -121.999, "BlwThreshl":"Above" ,"Head":142.536}, "geometry": { "type": "Point", "coordinates": [ -121.999, 38.5988 ] } },
{ "type": "Feature", "id": "WCR2005-005128", "properties": { "WCRNmbr": "WCR2005-005128", "LAT": 38.5988, "LONG": -121.999, "BlwThreshl":"Above" ,"Head":142.536}, "geometry": { "type": "Point", "coordinates": [ -121.999, 38.5988 ] } },
{ "type": "Feature", "id": "WCR2008-001099", "properties": { "WCRNmbr": "WCR2008-001099", "LAT": 38.5988, "LONG": -121.999, "BlwThreshl":"Above" ,"Head":142.536}, "geometry": { "type": "Point", "coordinates": [ -121.999, 38.5988 ] } },
{ "type": "Feature", "id": "WCR2023-004170", "properties": { "WCRNmbr": "WCR2023-004170", "LAT": 38.593, "LONG": -122.01, "BlwThreshl":"Above" ,"Head":140.143}, "geometry": { "type": "Point", "coordinates": [ -122.01, 38.593 ] } },
{ "type": "Feature", "id": "WCR1977-000059", "properties": { "WCRNmbr": "WCR1977-000059", "LAT": 38.5986, "LONG": -121.98, "BlwThreshl":"Above" ,"Head":129.263}, "geometry": { "type": "Point", "coordinates": [ -121.98, 38.5986 ] } },
{ "type": "Feature", "id": "WCR1981-000104", "properties": { "WCRNmbr": "WCR1981-000104", "LAT": 38.584, "LONG": -121.98, "BlwThreshl":"Above" ,"Head":120.71}, "geometry": { "type": "Point", "coordinates": [ -121.98, 38.584 ] } },
{ "type": "Feature", "id": "WCR1981-003091", "properties": { "WCRNmbr": "WCR1981-003091", "LAT": 38.584, "LONG": -121.98, "BlwThreshl":"Above" ,"Head":120.71}, "geometry": { "type": "Point", "coordinates": [ -121.98, 38.584 ] } },
{ "type": "Feature", "id": "WCR1998-001238", "properties": { "WCRNmbr": "WCR1998-001238", "LAT": 38.5986, "LONG": -121.98, "BlwThreshl":"Above" ,"Head":129.263}, "geometry": { "type": "Point", "coordinates": [ -121.98, 38.5986 ] } },
{ "type": "Feature", "id": "WCR2010-006733", "properties": { "WCRNmbr": "WCR2010-006733", "LAT": 38.5986, "LONG": -121.98, "BlwThreshl":"Above" ,"Head":129.263}, "geometry": { "type": "Point", "coordinates": [ -121.98, 38.5986 ] } },
{ "type": "Feature", "id": "WCR2018-012116", "properties": { "WCRNmbr": "WCR2018-012116", "LAT": 38.5958, "LONG": -121.972, "BlwThreshl":"Above" ,"Head":120.982}, "geometry": { "type": "Point", "coordinates": [ -121.972, 38.5958 ] } },
{ "type": "Feature", "id": "WCR2023-004153", "properties": { "WCRNmbr": "WCR2023-004153", "LAT": 38.5989509, "LONG": -121.9757, "BlwThreshl":"Above" ,"Head":120.982}, "geometry": { "type": "Point", "coordinates": [ -121.9757, 38.5989509 ] } },
{ "type": "Feature", "id": "WCR2023-004389", "properties": { "WCRNmbr": "WCR2023-004389", "LAT": 38.6016, "LONG": -121.988, "BlwThreshl":"Above" ,"Head":136.771}, "geometry": { "type": "Point", "coordinates": [ -121.988, 38.6016 ] } },
{ "type": "Feature", "id": "WCR2023-004430", "properties": { "WCRNmbr": "WCR2023-004430", "LAT": 38.5912, "LONG": -121.99, "BlwThreshl":"Above" ,"Head":130.369}, "geometry": { "type": "Point", "coordinates": [ -121.99, 38.5912 ] } },
{ "type": "Feature", "id": "WCR1978-001621", "properties": { "WCRNmbr": "WCR1978-001621", "LAT": 38.5984, "LONG": -121.943, "BlwThreshl":"Above" ,"Head":93.7099}, "geometry": { "type": "Point", "coordinates": [ -121.943, 38.5984 ] } },
{ "type": "Feature", "id": "WCR1995-002785", "properties": { "WCRNmbr": "WCR1995-002785", "LAT": 38.5985, "LONG": -121.962, "BlwThreshl":"Above" ,"Head":111.386}, "geometry": { "type": "Point", "coordinates": [ -121.962, 38.5985 ] } },
{ "type": "Feature", "id": "WCR1999-000617", "properties": { "WCRNmbr": "WCR1999-000617", "LAT": 38.5984, "LONG": -121.943, "BlwThreshl":"Above" ,"Head":93.7099}, "geometry": { "type": "Point", "coordinates": [ -121.943, 38.5984 ] } },
{ "type": "Feature", "id": "WCR2002-001093", "properties": { "WCRNmbr": "WCR2002-001093", "LAT": 38.5838, "LONG": -121.943, "BlwThreshl":"Above" ,"Head":96.0924}, "geometry": { "type": "Point", "coordinates": [ -121.943, 38.5838 ] } },
{ "type": "Feature", "id": "WCR1978-001170", "properties": { "WCRNmbr": "WCR1978-001170", "LAT": 38.5837, "LONG": -121.925, "BlwThreshl":"Above" ,"Head":84.0988}, "geometry": { "type": "Point", "coordinates": [ -121.925, 38.5837 ] } },
{ "type": "Feature", "id": "WCR1985-004116", "properties": { "WCRNmbr": "WCR1985-004116", "LAT": 38.5837, "LONG": -121.925, "BlwThreshl":"Above" ,"Head":84.0988}, "geometry": { "type": "Point", "coordinates": [ -121.925, 38.5837 ] } },
{ "type": "Feature", "id": "WCR2006-001367", "properties": { "WCRNmbr": "WCR2006-001367", "LAT": 38.5983, "LONG": -121.925, "BlwThreshl":"Above" ,"Head":86.1741}, "geometry": { "type": "Point", "coordinates": [ -121.925, 38.5983 ] } },
{ "type": "Feature", "id": "WCR2002-008405", "properties": { "WCRNmbr": "WCR2002-008405", "LAT": 38.5982, "LONG": -121.906, "BlwThreshl":"Above" ,"Head":80.0254}, "geometry": { "type": "Point", "coordinates": [ -121.906, 38.5982 ] } },
{ "type": "Feature", "id": "WCR1972-000392", "properties": { "WCRNmbr": "WCR1972-000392", "LAT": 38.5981, "LONG": -121.886, "BlwThreshl":"Above" ,"Head":74.4941}, "geometry": { "type": "Point", "coordinates": [ -121.886, 38.5981 ] } },
{ "type": "Feature", "id": "WCR1975-000201", "properties": { "WCRNmbr": "WCR1975-000201", "LAT": 38.5981, "LONG": -121.886, "BlwThreshl":"Above" ,"Head":74.4941}, "geometry": { "type": "Point", "coordinates": [ -121.886, 38.5981 ] } },
{ "type": "Feature", "id": "WCR2023-007233", "properties": { "WCRNmbr": "WCR2023-007233", "LAT": 38.5926, "LONG": -121.877, "BlwThreshl":"Above" ,"Head":69.9741}, "geometry": { "type": "Point", "coordinates": [ -121.877, 38.5926 ] } },
{ "type": "Feature", "id": "WCR1972-000052", "properties": { "WCRNmbr": "WCR1972-000052", "LAT": 38.598, "LONG": -121.868, "BlwThreshl":"Above" ,"Head":57.2809}, "geometry": { "type": "Point", "coordinates": [ -121.868, 38.598 ] } },
{ "type": "Feature", "id": "WCR1993-002012", "properties": { "WCRNmbr": "WCR1993-002012", "LAT": 38.5979, "LONG": -121.849, "BlwThreshl":"Above" ,"Head":47.9797}, "geometry": { "type": "Point", "coordinates": [ -121.849, 38.5979 ] } },
{ "type": "Feature", "id": "WCR1995-001110", "properties": { "WCRNmbr": "WCR1995-001110", "LAT": 38.5979, "LONG": -121.849, "BlwThreshl":"Above" ,"Head":47.9797}, "geometry": { "type": "Point", "coordinates": [ -121.849, 38.5979 ] } },
{ "type": "Feature", "id": "WCR1998-003734", "properties": { "WCRNmbr": "WCR1998-003734", "LAT": 38.5979, "LONG": -121.849, "BlwThreshl":"Above" ,"Head":47.9797}, "geometry": { "type": "Point", "coordinates": [ -121.849, 38.5979 ] } },
{ "type": "Feature", "id": "WCR1999-000615", "properties": { "WCRNmbr": "WCR1999-000615", "LAT": 38.598, "LONG": -121.868, "BlwThreshl":"Above" ,"Head":57.2809}, "geometry": { "type": "Point", "coordinates": [ -121.868, 38.598 ] } },
{ "type": "Feature", "id": "WCR2002-006629", "properties": { "WCRNmbr": "WCR2002-006629", "LAT": 38.59, "LONG": -121.834, "BlwThreshl":"Above" ,"Head":38.8789}, "geometry": { "type": "Point", "coordinates": [ -121.834, 38.59 ] } },
{ "type": "Feature", "id": "WCR2024-005138", "properties": { "WCRNmbr": "WCR2024-005138", "LAT": 38.5982, "LONG": -121.807, "BlwThreshl":"Above" ,"Head":32.5721}, "geometry": { "type": "Point", "coordinates": [ -121.807, 38.5982 ] } },
{ "type": "Feature", "id": "WCR1970-000236", "properties": { "WCRNmbr": "WCR1970-000236", "LAT": 38.5978, "LONG": -121.794, "BlwThreshl":"Above" ,"Head":30.0101}, "geometry": { "type": "Point", "coordinates": [ -121.794, 38.5978 ] } },
{ "type": "Feature", "id": "WCR1979-000716", "properties": { "WCRNmbr": "WCR1979-000716", "LAT": 38.5976, "LONG": -121.776, "BlwThreshl":"Above" ,"Head":14.434}, "geometry": { "type": "Point", "coordinates": [ -121.776, 38.5976 ] } },
{ "type": "Feature", "id": "WCR1979-002103", "properties": { "WCRNmbr": "WCR1979-002103", "LAT": 38.5976, "LONG": -121.776, "BlwThreshl":"Above" ,"Head":14.434}, "geometry": { "type": "Point", "coordinates": [ -121.776, 38.5976 ] } },
{ "type": "Feature", "id": "WCR1995-001626", "properties": { "WCRNmbr": "WCR1995-001626", "LAT": 38.5976, "LONG": -121.776, "BlwThreshl":"Above" ,"Head":14.434}, "geometry": { "type": "Point", "coordinates": [ -121.776, 38.5976 ] } },
{ "type": "Feature", "id": "WCR2010-002148", "properties": { "WCRNmbr": "WCR2010-002148", "LAT": 38.5976, "LONG": -121.776, "BlwThreshl":"Above" ,"Head":14.434}, "geometry": { "type": "Point", "coordinates": [ -121.776, 38.5976 ] } },
{ "type": "Feature", "id": "WCR2023-013524", "properties": { "WCRNmbr": "WCR2023-013524", "LAT": 38.6008, "LONG": -121.79, "BlwThreshl":"Above" ,"Head":21.3797}, "geometry": { "type": "Point", "coordinates": [ -121.79, 38.6008 ] } },
{ "type": "Feature", "id": "WCR1973-000276", "properties": { "WCRNmbr": "WCR1973-000276", "LAT": 38.5976, "LONG": -121.758, "BlwThreshl":"Above" ,"Head":3.61676}, "geometry": { "type": "Point", "coordinates": [ -121.758, 38.5976 ] } },
{ "type": "Feature", "id": "WCR2011-005731", "properties": { "WCRNmbr": "WCR2011-005731", "LAT": 38.5972, "LONG": -121.731, "BlwThreshl":"Above" ,"Head":-3.09578}, "geometry": { "type": "Point", "coordinates": [ -121.731, 38.5972 ] } },
{ "type": "Feature", "id": "WCR1993-005193", "properties": { "WCRNmbr": "WCR1993-005193", "LAT": 38.5972, "LONG": -121.721, "BlwThreshl":"Above" ,"Head":-4.22224}, "geometry": { "type": "Point", "coordinates": [ -121.721, 38.5972 ] } },
{ "type": "Feature", "id": "WCR2006-001374", "properties": { "WCRNmbr": "WCR2006-001374", "LAT": 38.5971, "LONG": -121.702, "BlwThreshl":"Above" ,"Head":-6.02276}, "geometry": { "type": "Point", "coordinates": [ -121.702, 38.5971 ] } },
{ "type": "Feature", "id": "WCR2020-006726", "properties": { "WCRNmbr": "WCR2020-006726", "LAT": 38.5913, "LONG": -121.666, "BlwThreshl":"Above" ,"Head":-7.68215}, "geometry": { "type": "Point", "coordinates": [ -121.666, 38.5913 ] } },
{ "type": "Feature", "id": "WCR1992-001961", "properties": { "WCRNmbr": "WCR1992-001961", "LAT": 38.6136, "LONG": -122.017, "BlwThreshl":"Below" ,"Head":166.189}, "geometry": { "type": "Point", "coordinates": [ -122.017, 38.6136 ] } },
{ "type": "Feature", "id": "WCR1981-000171", "properties": { "WCRNmbr": "WCR1981-000171", "LAT": 38.6135, "LONG": -121.999, "BlwThreshl":"Above" ,"Head":162.244}, "geometry": { "type": "Point", "coordinates": [ -121.999, 38.6135 ] } },
{ "type": "Feature", "id": "WCR1981-003086", "properties": { "WCRNmbr": "WCR1981-003086", "LAT": 38.6135, "LONG": -121.999, "BlwThreshl":"Above" ,"Head":162.244}, "geometry": { "type": "Point", "coordinates": [ -121.999, 38.6135 ] } },
{ "type": "Feature", "id": "WCR1973-000445", "properties": { "WCRNmbr": "WCR1973-000445", "LAT": 38.6132, "LONG": -121.98, "BlwThreshl":"Above" ,"Head":145.627}, "geometry": { "type": "Point", "coordinates": [ -121.98, 38.6132 ] } },
{ "type": "Feature", "id": "WCR1999-000642", "properties": { "WCRNmbr": "WCR1999-000642", "LAT": 38.6132, "LONG": -121.98, "BlwThreshl":"Above" ,"Head":145.627}, "geometry": { "type": "Point", "coordinates": [ -121.98, 38.6132 ] } },
{ "type": "Feature", "id": "WCR0162591", "properties": { "WCRNmbr": "WCR0162591", "LAT": 38.6131, "LONG": -121.962, "BlwThreshl":"Above" ,"Head":115.439}, "geometry": { "type": "Point", "coordinates": [ -121.962, 38.6131 ] } },
{ "type": "Feature", "id": "WCR2003-001275", "properties": { "WCRNmbr": "WCR2003-001275", "LAT": 38.6131, "LONG": -121.962, "BlwThreshl":"Above" ,"Head":115.439}, "geometry": { "type": "Point", "coordinates": [ -121.962, 38.6131 ] } },
{ "type": "Feature", "id": "WCR2024-007674", "properties": { "WCRNmbr": "WCR2024-007674", "LAT": 38.6061, "LONG": -121.959, "BlwThreshl":"Above" ,"Head":113.003}, "geometry": { "type": "Point", "coordinates": [ -121.959, 38.6061 ] } },
{ "type": "Feature", "id": "WCR2023-009829", "properties": { "WCRNmbr": "WCR2023-009829", "LAT": 38.6051741, "LONG": -121.9362, "BlwThreshl":"Above" ,"Head":90.3776}, "geometry": { "type": "Point", "coordinates": [ -121.9362, 38.6051741 ] } },
{ "type": "Feature", "id": "WCR1976-001032", "properties": { "WCRNmbr": "WCR1976-001032", "LAT": 38.6127, "LONG": -121.905, "BlwThreshl":"Above" ,"Head":80.7084}, "geometry": { "type": "Point", "coordinates": [ -121.905, 38.6127 ] } },
{ "type": "Feature", "id": "WCR1977-001068", "properties": { "WCRNmbr": "WCR1977-001068", "LAT": 38.6127, "LONG": -121.905, "BlwThreshl":"Above" ,"Head":80.7084}, "geometry": { "type": "Point", "coordinates": [ -121.905, 38.6127 ] } },
{ "type": "Feature", "id": "WCR2004-004625", "properties": { "WCRNmbr": "WCR2004-004625", "LAT": 38.6127, "LONG": -121.905, "BlwThreshl":"Above" ,"Head":80.7084}, "geometry": { "type": "Point", "coordinates": [ -121.905, 38.6127 ] } },
{ "type": "Feature", "id": "WCR1979-001521", "properties": { "WCRNmbr": "WCR1979-001521", "LAT": 38.6124, "LONG": -121.849, "BlwThreshl":"Above" ,"Head":49.0177}, "geometry": { "type": "Point", "coordinates": [ -121.849, 38.6124 ] } },
{ "type": "Feature", "id": "WCR1996-003410", "properties": { "WCRNmbr": "WCR1996-003410", "LAT": 38.6125, "LONG": -121.868, "BlwThreshl":"Above" ,"Head":55.2204}, "geometry": { "type": "Point", "coordinates": [ -121.868, 38.6125 ] } },
{ "type": "Feature", "id": "WCR1988-001488", "properties": { "WCRNmbr": "WCR1988-001488", "LAT": 38.6123, "LONG": -121.812, "BlwThreshl":"Above" ,"Head":37.4164}, "geometry": { "type": "Point", "coordinates": [ -121.812, 38.6123 ] } },
{ "type": "Feature", "id": "WCR1990-012209", "properties": { "WCRNmbr": "WCR1990-012209", "LAT": 38.6123, "LONG": -121.812, "BlwThreshl":"Above" ,"Head":37.4164}, "geometry": { "type": "Point", "coordinates": [ -121.812, 38.6123 ] } },
{ "type": "Feature", "id": "WCR1996-002759", "properties": { "WCRNmbr": "WCR1996-002759", "LAT": 38.6123, "LONG": -121.812, "BlwThreshl":"Above" ,"Head":37.4164}, "geometry": { "type": "Point", "coordinates": [ -121.812, 38.6123 ] } },
{ "type": "Feature", "id": "WCR2013-001929", "properties": { "WCRNmbr": "WCR2013-001929", "LAT": 38.6167, "LONG": -121.801, "BlwThreshl":"Above" ,"Head":33.8851}, "geometry": { "type": "Point", "coordinates": [ -121.801, 38.6167 ] } },
{ "type": "Feature", "id": "WCR0055315", "properties": { "WCRNmbr": "WCR0055315", "LAT": 38.6122, "LONG": -121.794, "BlwThreshl":"Above" ,"Head":33.8851}, "geometry": { "type": "Point", "coordinates": [ -121.794, 38.6122 ] } },
{ "type": "Feature", "id": "WCR0209590", "properties": { "WCRNmbr": "WCR0209590", "LAT": 38.6122, "LONG": -121.776, "BlwThreshl":"Above" ,"Head":15.807}, "geometry": { "type": "Point", "coordinates": [ -121.776, 38.6122 ] } },
{ "type": "Feature", "id": "WCR1972-000714", "properties": { "WCRNmbr": "WCR1972-000714", "LAT": 38.6122, "LONG": -121.776, "BlwThreshl":"Above" ,"Head":15.807}, "geometry": { "type": "Point", "coordinates": [ -121.776, 38.6122 ] } },
{ "type": "Feature", "id": "WCR1975-000329", "properties": { "WCRNmbr": "WCR1975-000329", "LAT": 38.6122, "LONG": -121.794, "BlwThreshl":"Above" ,"Head":33.8851}, "geometry": { "type": "Point", "coordinates": [ -121.794, 38.6122 ] } },
{ "type": "Feature", "id": "WCR1977-000876", "properties": { "WCRNmbr": "WCR1977-000876", "LAT": 38.6122, "LONG": -121.776, "BlwThreshl":"Above" ,"Head":15.807}, "geometry": { "type": "Point", "coordinates": [ -121.776, 38.6122 ] } },
{ "type": "Feature", "id": "WCR1978-001706", "properties": { "WCRNmbr": "WCR1978-001706", "LAT": 38.6122, "LONG": -121.776, "BlwThreshl":"Above" ,"Head":15.807}, "geometry": { "type": "Point", "coordinates": [ -121.776, 38.6122 ] } },
{ "type": "Feature", "id": "WCR1984-004690", "properties": { "WCRNmbr": "WCR1984-004690", "LAT": 38.6122, "LONG": -121.776, "BlwThreshl":"Above" ,"Head":15.807}, "geometry": { "type": "Point", "coordinates": [ -121.776, 38.6122 ] } },
{ "type": "Feature", "id": "WCR1997-003352", "properties": { "WCRNmbr": "WCR1997-003352", "LAT": 38.6122, "LONG": -121.776, "BlwThreshl":"Above" ,"Head":15.807}, "geometry": { "type": "Point", "coordinates": [ -121.776, 38.6122 ] } },
{ "type": "Feature", "id": "WCR1975-000023", "properties": { "WCRNmbr": "WCR1975-000023", "LAT": 38.6121, "LONG": -121.757, "BlwThreshl":"Above" ,"Head":6.46447}, "geometry": { "type": "Point", "coordinates": [ -121.757, 38.6121 ] } },
{ "type": "Feature", "id": "WCR1993-005975", "properties": { "WCRNmbr": "WCR1993-005975", "LAT": 38.6121, "LONG": -121.757, "BlwThreshl":"Above" ,"Head":6.46447}, "geometry": { "type": "Point", "coordinates": [ -121.757, 38.6121 ] } },
{ "type": "Feature", "id": "WCR1971-000660", "properties": { "WCRNmbr": "WCR1971-000660", "LAT": 38.6119, "LONG": -121.739, "BlwThreshl":"Above" ,"Head":-0.450156}, "geometry": { "type": "Point", "coordinates": [ -121.739, 38.6119 ] } },
{ "type": "Feature", "id": "WCR1973-000150", "properties": { "WCRNmbr": "WCR1973-000150", "LAT": 38.6119, "LONG": -121.739, "BlwThreshl":"Above" ,"Head":-0.450156}, "geometry": { "type": "Point", "coordinates": [ -121.739, 38.6119 ] } },
{ "type": "Feature", "id": "WCR1974-000686", "properties": { "WCRNmbr": "WCR1974-000686", "LAT": 38.6119, "LONG": -121.739, "BlwThreshl":"Above" ,"Head":-0.450156}, "geometry": { "type": "Point", "coordinates": [ -121.739, 38.6119 ] } },
{ "type": "Feature", "id": "WCR1982-000416", "properties": { "WCRNmbr": "WCR1982-000416", "LAT": 38.6119, "LONG": -121.739, "BlwThreshl":"Above" ,"Head":-0.450156}, "geometry": { "type": "Point", "coordinates": [ -121.739, 38.6119 ] } },
{ "type": "Feature", "id": "WCR1986-002736", "properties": { "WCRNmbr": "WCR1986-002736", "LAT": 38.6119, "LONG": -121.739, "BlwThreshl":"Above" ,"Head":-0.450156}, "geometry": { "type": "Point", "coordinates": [ -121.739, 38.6119 ] } },
{ "type": "Feature", "id": "WCR1994-003874", "properties": { "WCRNmbr": "WCR1994-003874", "LAT": 38.6119, "LONG": -121.739, "BlwThreshl":"Above" ,"Head":-0.450156}, "geometry": { "type": "Point", "coordinates": [ -121.739, 38.6119 ] } },
{ "type": "Feature", "id": "WCR2011-005732", "properties": { "WCRNmbr": "WCR2011-005732", "LAT": 38.6158, "LONG": -121.732, "BlwThreshl":"Above" ,"Head":-2.75662}, "geometry": { "type": "Point", "coordinates": [ -121.732, 38.6158 ] } },
{ "type": "Feature", "id": "WCR2012-006347", "properties": { "WCRNmbr": "WCR2012-006347", "LAT": 38.6156, "LONG": -121.732, "BlwThreshl":"Above" ,"Head":-2.75662}, "geometry": { "type": "Point", "coordinates": [ -121.732, 38.6156 ] } },
{ "type": "Feature", "id": "WCR1989-010447", "properties": { "WCRNmbr": "WCR1989-010447", "LAT": 38.6117, "LONG": -121.721, "BlwThreshl":"Above" ,"Head":-4.23879}, "geometry": { "type": "Point", "coordinates": [ -121.721, 38.6117 ] } },
{ "type": "Feature", "id": "WCR2017-009769", "properties": { "WCRNmbr": "WCR2017-009769", "LAT": 38.6099, "LONG": -121.712, "BlwThreshl":"Above" ,"Head":-5.36094}, "geometry": { "type": "Point", "coordinates": [ -121.712, 38.6099 ] } },
{ "type": "Feature", "id": "WCR2021-003612", "properties": { "WCRNmbr": "WCR2021-003612", "LAT": 38.6055, "LONG": -121.715, "BlwThreshl":"Above" ,"Head":-5.36094}, "geometry": { "type": "Point", "coordinates": [ -121.715, 38.6055 ] } },
{ "type": "Feature", "id": "WCR1987-001757", "properties": { "WCRNmbr": "WCR1987-001757", "LAT": 38.6282, "LONG": -122.017, "BlwThreshl":"Above" ,"Head":166.715}, "geometry": { "type": "Point", "coordinates": [ -122.017, 38.6282 ] } },
{ "type": "Feature", "id": "WCR2019-005163", "properties": { "WCRNmbr": "WCR2019-005163", "LAT": 38.6265, "LONG": -122.017, "BlwThreshl":"Below" ,"Head":166.715}, "geometry": { "type": "Point", "coordinates": [ -122.017, 38.6265 ] } },
{ "type": "Feature", "id": "WCR1976-001013", "properties": { "WCRNmbr": "WCR1976-001013", "LAT": 38.628, "LONG": -121.999, "BlwThreshl":"Above" ,"Head":165.239}, "geometry": { "type": "Point", "coordinates": [ -121.999, 38.628 ] } },
{ "type": "Feature", "id": "WCR2006-002469", "properties": { "WCRNmbr": "WCR2006-002469", "LAT": 38.628, "LONG": -121.999, "BlwThreshl":"Above" ,"Head":165.239}, "geometry": { "type": "Point", "coordinates": [ -121.999, 38.628 ] } },
{ "type": "Feature", "id": "WCR2016-011420", "properties": { "WCRNmbr": "WCR2016-011420", "LAT": 38.635, "LONG": -122.008, "BlwThreshl":"Above" ,"Head":166.6}, "geometry": { "type": "Point", "coordinates": [ -122.008, 38.635 ] } },
{ "type": "Feature", "id": "WCR2020-013882", "properties": { "WCRNmbr": "WCR2020-013882", "LAT": 38.6356, "LONG": -122.01, "BlwThreshl":"Above" ,"Head":166.6}, "geometry": { "type": "Point", "coordinates": [ -122.01, 38.6356 ] } },
{ "type": "Feature", "id": "WCR1995-001405", "properties": { "WCRNmbr": "WCR1995-001405", "LAT": 38.6277, "LONG": -121.981, "BlwThreshl":"Above" ,"Head":162.555}, "geometry": { "type": "Point", "coordinates": [ -121.981, 38.6277 ] } },
{ "type": "Feature", "id": "WCR2018-012002", "properties": { "WCRNmbr": "WCR2018-012002", "LAT": 38.6277156, "LONG": -121.9685, "BlwThreshl":"Above" ,"Head":127.026}, "geometry": { "type": "Point", "coordinates": [ -121.9685, 38.6277156 ] } },
{ "type": "Feature", "id": "WCR2022-012230", "properties": { "WCRNmbr": "WCR2022-012230", "LAT": 38.625189, "LONG": -121.9724, "BlwThreshl":"Above" ,"Head":127.026}, "geometry": { "type": "Point", "coordinates": [ -121.9724, 38.625189 ] } },
{ "type": "Feature", "id": "WCR1977-000409", "properties": { "WCRNmbr": "WCR1977-000409", "LAT": 38.6276, "LONG": -121.962, "BlwThreshl":"Above" ,"Head":110.337}, "geometry": { "type": "Point", "coordinates": [ -121.962, 38.6276 ] } },
{ "type": "Feature", "id": "WCR2001-006048", "properties": { "WCRNmbr": "WCR2001-006048", "LAT": 38.6276, "LONG": -121.962, "BlwThreshl":"Above" ,"Head":110.337}, "geometry": { "type": "Point", "coordinates": [ -121.962, 38.6276 ] } },
{ "type": "Feature", "id": "WCR2017-010434", "properties": { "WCRNmbr": "WCR2017-010434", "LAT": 38.636, "LONG": -121.951, "BlwThreshl":"Above" ,"Head":96.5415}, "geometry": { "type": "Point", "coordinates": [ -121.951, 38.636 ] } },
{ "type": "Feature", "id": "WCR1972-000048", "properties": { "WCRNmbr": "WCR1972-000048", "LAT": 38.6273, "LONG": -121.925, "BlwThreshl":"Above" ,"Head":88.6171}, "geometry": { "type": "Point", "coordinates": [ -121.925, 38.6273 ] } },
{ "type": "Feature", "id": "WCR1981-000019", "properties": { "WCRNmbr": "WCR1981-000019", "LAT": 38.6272, "LONG": -121.906, "BlwThreshl":"Above" ,"Head":81.966}, "geometry": { "type": "Point", "coordinates": [ -121.906, 38.6272 ] } },
{ "type": "Feature", "id": "WCR1981-003984", "properties": { "WCRNmbr": "WCR1981-003984", "LAT": 38.6272, "LONG": -121.906, "BlwThreshl":"Above" ,"Head":81.966}, "geometry": { "type": "Point", "coordinates": [ -121.906, 38.6272 ] } },
{ "type": "Feature", "id": "WCR2008-006309", "properties": { "WCRNmbr": "WCR2008-006309", "LAT": 38.6272, "LONG": -121.906, "BlwThreshl":"Above" ,"Head":81.966}, "geometry": { "type": "Point", "coordinates": [ -121.906, 38.6272 ] } },
{ "type": "Feature", "id": "WCR2004-004633", "properties": { "WCRNmbr": "WCR2004-004633", "LAT": 38.6271, "LONG": -121.886, "BlwThreshl":"Above" ,"Head":73.7886}, "geometry": { "type": "Point", "coordinates": [ -121.886, 38.6271 ] } },
{ "type": "Feature", "id": "WCR2005-005242", "properties": { "WCRNmbr": "WCR2005-005242", "LAT": 38.6271, "LONG": -121.886, "BlwThreshl":"Above" ,"Head":73.7886}, "geometry": { "type": "Point", "coordinates": [ -121.886, 38.6271 ] } },
{ "type": "Feature", "id": "WCR1987-001778", "properties": { "WCRNmbr": "WCR1987-001778", "LAT": 38.6269, "LONG": -121.849, "BlwThreshl":"Above" ,"Head":49.1983}, "geometry": { "type": "Point", "coordinates": [ -121.849, 38.6269 ] } },
{ "type": "Feature", "id": "WCR1996-002752", "properties": { "WCRNmbr": "WCR1996-002752", "LAT": 38.6269, "LONG": -121.867, "BlwThreshl":"Above" ,"Head":53.4014}, "geometry": { "type": "Point", "coordinates": [ -121.867, 38.6269 ] } },
{ "type": "Feature", "id": "WCR1988-007788", "properties": { "WCRNmbr": "WCR1988-007788", "LAT": 38.6268, "LONG": -121.831, "BlwThreshl":"Above" ,"Head":44.9323}, "geometry": { "type": "Point", "coordinates": [ -121.831, 38.6268 ] } },
{ "type": "Feature", "id": "WCR2011-006691", "properties": { "WCRNmbr": "WCR2011-006691", "LAT": 38.6253, "LONG": -121.826, "BlwThreshl":"Above" ,"Head":41.5874}, "geometry": { "type": "Point", "coordinates": [ -121.826, 38.6253 ] } },
{ "type": "Feature", "id": "WCR1997-004667", "properties": { "WCRNmbr": "WCR1997-004667", "LAT": 38.6267, "LONG": -121.812, "BlwThreshl":"Above" ,"Head":38.9273}, "geometry": { "type": "Point", "coordinates": [ -121.812, 38.6267 ] } },
{ "type": "Feature", "id": "WCR2023-011621", "properties": { "WCRNmbr": "WCR2023-011621", "LAT": 38.6242, "LONG": -121.823, "BlwThreshl":"Above" ,"Head":41.1288}, "geometry": { "type": "Point", "coordinates": [ -121.823, 38.6242 ] } },
{ "type": "Feature", "id": "WCR0178169", "properties": { "WCRNmbr": "WCR0178169", "LAT": 38.6266, "LONG": -121.794, "BlwThreshl":"Above" ,"Head":33.9009}, "geometry": { "type": "Point", "coordinates": [ -121.794, 38.6266 ] } },
{ "type": "Feature", "id": "WCR1978-001052", "properties": { "WCRNmbr": "WCR1978-001052", "LAT": 38.6266, "LONG": -121.794, "BlwThreshl":"Above" ,"Head":33.9009}, "geometry": { "type": "Point", "coordinates": [ -121.794, 38.6266 ] } },
{ "type": "Feature", "id": "WCR1983-003701", "properties": { "WCRNmbr": "WCR1983-003701", "LAT": 38.6266, "LONG": -121.794, "BlwThreshl":"Above" ,"Head":33.9009}, "geometry": { "type": "Point", "coordinates": [ -121.794, 38.6266 ] } },
{ "type": "Feature", "id": "WCR2002-001177", "properties": { "WCRNmbr": "WCR2002-001177", "LAT": 38.6266, "LONG": -121.794, "BlwThreshl":"Above" ,"Head":33.9009}, "geometry": { "type": "Point", "coordinates": [ -121.794, 38.6266 ] } },
{ "type": "Feature", "id": "WCR2016-010253", "properties": { "WCRNmbr": "WCR2016-010253", "LAT": 38.6211, "LONG": -121.783, "BlwThreshl":"Above" ,"Head":19.0552}, "geometry": { "type": "Point", "coordinates": [ -121.783, 38.6211 ] } },
{ "type": "Feature", "id": "WCR0314345", "properties": { "WCRNmbr": "WCR0314345", "LAT": 38.6265, "LONG": -121.776, "BlwThreshl":"Above" ,"Head":21.2558}, "geometry": { "type": "Point", "coordinates": [ -121.776, 38.6265 ] } },
{ "type": "Feature", "id": "WCR1977-000189", "properties": { "WCRNmbr": "WCR1977-000189", "LAT": 38.6265, "LONG": -121.776, "BlwThreshl":"Above" ,"Head":21.2558}, "geometry": { "type": "Point", "coordinates": [ -121.776, 38.6265 ] } },
{ "type": "Feature", "id": "WCR1990-005245", "properties": { "WCRNmbr": "WCR1990-005245", "LAT": 38.6265, "LONG": -121.776, "BlwThreshl":"Above" ,"Head":21.2558}, "geometry": { "type": "Point", "coordinates": [ -121.776, 38.6265 ] } },
{ "type": "Feature", "id": "WCR1991-008152", "properties": { "WCRNmbr": "WCR1991-008152", "LAT": 38.6265, "LONG": -121.776, "BlwThreshl":"Above" ,"Head":21.2558}, "geometry": { "type": "Point", "coordinates": [ -121.776, 38.6265 ] } },
{ "type": "Feature", "id": "WCR1977-000404", "properties": { "WCRNmbr": "WCR1977-000404", "LAT": 38.6262, "LONG": -121.739, "BlwThreshl":"Above" ,"Head":7.76273}, "geometry": { "type": "Point", "coordinates": [ -121.739, 38.6262 ] } },
{ "type": "Feature", "id": "WCR2019-012553", "properties": { "WCRNmbr": "WCR2019-012553", "LAT": 38.6489, "LONG": -122.055, "BlwThreshl":"NoData" ,"Head":null}, "geometry": { "type": "Point", "coordinates": [ -122.055, 38.6489 ] } },
{ "type": "Feature", "id": "WCR2020-004420", "properties": { "WCRNmbr": "WCR2020-004420", "LAT": 38.6464, "LONG": -122.04, "BlwThreshl":"Above" ,"Head":204.098}, "geometry": { "type": "Point", "coordinates": [ -122.04, 38.6464 ] } },
{ "type": "Feature", "id": "WCR0060175", "properties": { "WCRNmbr": "WCR0060175", "LAT": 38.6427, "LONG": -122.036, "BlwThreshl":"Above" ,"Head":204.098}, "geometry": { "type": "Point", "coordinates": [ -122.036, 38.6427 ] } },
{ "type": "Feature", "id": "WCR1972-000043", "properties": { "WCRNmbr": "WCR1972-000043", "LAT": 38.6572, "LONG": -122.036, "BlwThreshl":"Above" ,"Head":172.503}, "geometry": { "type": "Point", "coordinates": [ -122.036, 38.6572 ] } },
{ "type": "Feature", "id": "WCR2002-006613", "properties": { "WCRNmbr": "WCR2002-006613", "LAT": 38.6519, "LONG": -122.037, "BlwThreshl":"Above" ,"Head":193.96}, "geometry": { "type": "Point", "coordinates": [ -122.037, 38.6519 ] } },
{ "type": "Feature", "id": "WCR2003-001259", "properties": { "WCRNmbr": "WCR2003-001259", "LAT": 38.6427, "LONG": -122.017, "BlwThreshl":"Above" ,"Head":167.676}, "geometry": { "type": "Point", "coordinates": [ -122.017, 38.6427 ] } },
{ "type": "Feature", "id": "WCR2019-012336", "properties": { "WCRNmbr": "WCR2019-012336", "LAT": 38.6456, "LONG": -122.022, "BlwThreshl":"Above" ,"Head":167.676}, "geometry": { "type": "Point", "coordinates": [ -122.022, 38.6456 ] } },
{ "type": "Feature", "id": "WCR1975-000020", "properties": { "WCRNmbr": "WCR1975-000020", "LAT": 38.657, "LONG": -121.999, "BlwThreshl":"Above" ,"Head":167.977}, "geometry": { "type": "Point", "coordinates": [ -121.999, 38.657 ] } },
{ "type": "Feature", "id": "WCR1982-000002", "properties": { "WCRNmbr": "WCR1982-000002", "LAT": 38.657, "LONG": -121.999, "BlwThreshl":"Above" ,"Head":167.977}, "geometry": { "type": "Point", "coordinates": [ -121.999, 38.657 ] } },
{ "type": "Feature", "id": "WCR1982-003311", "properties": { "WCRNmbr": "WCR1982-003311", "LAT": 38.657, "LONG": -121.999, "BlwThreshl":"Above" ,"Head":167.977}, "geometry": { "type": "Point", "coordinates": [ -121.999, 38.657 ] } },
{ "type": "Feature", "id": "WCR1992-004563", "properties": { "WCRNmbr": "WCR1992-004563", "LAT": 38.6425, "LONG": -121.999, "BlwThreshl":"Above" ,"Head":166.773}, "geometry": { "type": "Point", "coordinates": [ -121.999, 38.6425 ] } },
{ "type": "Feature", "id": "WCR2009-000996", "properties": { "WCRNmbr": "WCR2009-000996", "LAT": 38.657, "LONG": -121.999, "BlwThreshl":"Above" ,"Head":167.977}, "geometry": { "type": "Point", "coordinates": [ -121.999, 38.657 ] } },
{ "type": "Feature", "id": "WCR1972-000046", "properties": { "WCRNmbr": "WCR1972-000046", "LAT": 38.6566, "LONG": -121.981, "BlwThreshl":"Above" ,"Head":154.206}, "geometry": { "type": "Point", "coordinates": [ -121.981, 38.6566 ] } },
{ "type": "Feature", "id": "WCR1975-000824", "properties": { "WCRNmbr": "WCR1975-000824", "LAT": 38.6566, "LONG": -121.981, "BlwThreshl":"Above" ,"Head":154.206}, "geometry": { "type": "Point", "coordinates": [ -121.981, 38.6566 ] } },
{ "type": "Feature", "id": "WCR1982-000049", "properties": { "WCRNmbr": "WCR1982-000049", "LAT": 38.6421, "LONG": -121.981, "BlwThreshl":"Above" ,"Head":166.262}, "geometry": { "type": "Point", "coordinates": [ -121.981, 38.6421 ] } },
{ "type": "Feature", "id": "WCR1982-003319", "properties": { "WCRNmbr": "WCR1982-003319", "LAT": 38.6421, "LONG": -121.981, "BlwThreshl":"Above" ,"Head":166.262}, "geometry": { "type": "Point", "coordinates": [ -121.981, 38.6421 ] } },
{ "type": "Feature", "id": "WCR1988-004975", "properties": { "WCRNmbr": "WCR1988-004975", "LAT": 38.6566, "LONG": -121.981, "BlwThreshl":"Above" ,"Head":154.206}, "geometry": { "type": "Point", "coordinates": [ -121.981, 38.6566 ] } },
{ "type": "Feature", "id": "WCR1990-002745", "properties": { "WCRNmbr": "WCR1990-002745", "LAT": 38.6566, "LONG": -121.981, "BlwThreshl":"Above" ,"Head":155.321}, "geometry": { "type": "Point", "coordinates": [ -121.981, 38.6566 ] } },
{ "type": "Feature", "id": "WCR1991-009527", "properties": { "WCRNmbr": "WCR1991-009527", "LAT": 38.6566, "LONG": -121.981, "BlwThreshl":"Above" ,"Head":154.206}, "geometry": { "type": "Point", "coordinates": [ -121.981, 38.6566 ] } },
{ "type": "Feature", "id": "WCR1991-009636", "properties": { "WCRNmbr": "WCR1991-009636", "LAT": 38.6421, "LONG": -121.981, "BlwThreshl":"Above" ,"Head":166.262}, "geometry": { "type": "Point", "coordinates": [ -121.981, 38.6421 ] } },
{ "type": "Feature", "id": "WCR1996-001521", "properties": { "WCRNmbr": "WCR1996-001521", "LAT": 38.6421, "LONG": -121.981, "BlwThreshl":"Above" ,"Head":166.262}, "geometry": { "type": "Point", "coordinates": [ -121.981, 38.6421 ] } },
{ "type": "Feature", "id": "WCR1996-001522", "properties": { "WCRNmbr": "WCR1996-001522", "LAT": 38.6421, "LONG": -121.981, "BlwThreshl":"Above" ,"Head":166.262}, "geometry": { "type": "Point", "coordinates": [ -121.981, 38.6421 ] } },
{ "type": "Feature", "id": "WCR1999-000645", "properties": { "WCRNmbr": "WCR1999-000645", "LAT": 38.6566, "LONG": -121.981, "BlwThreshl":"Above" ,"Head":154.206}, "geometry": { "type": "Point", "coordinates": [ -121.981, 38.6566 ] } },
{ "type": "Feature", "id": "WCR2009-001266", "properties": { "WCRNmbr": "WCR2009-001266", "LAT": 38.6566, "LONG": -121.981, "BlwThreshl":"Above" ,"Head":154.206}, "geometry": { "type": "Point", "coordinates": [ -121.981, 38.6566 ] } },
{ "type": "Feature", "id": "WCR2010-000509", "properties": { "WCRNmbr": "WCR2010-000509", "LAT": 38.6566, "LONG": -121.981, "BlwThreshl":"Above" ,"Head":154.206}, "geometry": { "type": "Point", "coordinates": [ -121.981, 38.6566 ] } },
{ "type": "Feature", "id": "WCR1970-000308", "properties": { "WCRNmbr": "WCR1970-000308", "LAT": 38.6564, "LONG": -121.962, "BlwThreshl":"Above" ,"Head":129.553}, "geometry": { "type": "Point", "coordinates": [ -121.962, 38.6564 ] } },
{ "type": "Feature", "id": "WCR1970-000317", "properties": { "WCRNmbr": "WCR1970-000317", "LAT": 38.6419, "LONG": -121.943, "BlwThreshl":"Below" ,"Head":98.2043}, "geometry": { "type": "Point", "coordinates": [ -121.943, 38.6419 ] } },
{ "type": "Feature", "id": "WCR1971-000627", "properties": { "WCRNmbr": "WCR1971-000627", "LAT": 38.6564, "LONG": -121.962, "BlwThreshl":"Above" ,"Head":129.553}, "geometry": { "type": "Point", "coordinates": [ -121.962, 38.6564 ] } },
{ "type": "Feature", "id": "WCR1976-001344", "properties": { "WCRNmbr": "WCR1976-001344", "LAT": 38.6564, "LONG": -121.943, "BlwThreshl":"Above" ,"Head":102.05}, "geometry": { "type": "Point", "coordinates": [ -121.943, 38.6564 ] } },
{ "type": "Feature", "id": "WCR1996-002746", "properties": { "WCRNmbr": "WCR1996-002746", "LAT": 38.6419, "LONG": -121.943, "BlwThreshl":"Above" ,"Head":97.1579}, "geometry": { "type": "Point", "coordinates": [ -121.943, 38.6419 ] } },
{ "type": "Feature", "id": "WCR2001-006502", "properties": { "WCRNmbr": "WCR2001-006502", "LAT": 38.6564, "LONG": -121.962, "BlwThreshl":"Above" ,"Head":129.553}, "geometry": { "type": "Point", "coordinates": [ -121.962, 38.6564 ] } },
{ "type": "Feature", "id": "WCR2007-001789", "properties": { "WCRNmbr": "WCR2007-001789", "LAT": 38.6564, "LONG": -121.962, "BlwThreshl":"Above" ,"Head":129.553}, "geometry": { "type": "Point", "coordinates": [ -121.962, 38.6564 ] } },
{ "type": "Feature", "id": "WCR2023-011768", "properties": { "WCRNmbr": "WCR2023-011768", "LAT": 38.6494, "LONG": -121.9434, "BlwThreshl":"Above" ,"Head":99.1722}, "geometry": { "type": "Point", "coordinates": [ -121.9434, 38.6494 ] } },
{ "type": "Feature", "id": "WCR2008-001849", "properties": { "WCRNmbr": "WCR2008-001849", "LAT": 38.6563, "LONG": -121.905, "BlwThreshl":"Above" ,"Head":88.9394}, "geometry": { "type": "Point", "coordinates": [ -121.905, 38.6563 ] } },
{ "type": "Feature", "id": "WCR2008-003251", "properties": { "WCRNmbr": "WCR2008-003251", "LAT": 38.6563, "LONG": -121.905, "BlwThreshl":"Above" ,"Head":88.9394}, "geometry": { "type": "Point", "coordinates": [ -121.905, 38.6563 ] } },
{ "type": "Feature", "id": "WCR0209610", "properties": { "WCRNmbr": "WCR0209610", "LAT": 38.6562, "LONG": -121.886, "BlwThreshl":"Above" ,"Head":78.0798}, "geometry": { "type": "Point", "coordinates": [ -121.886, 38.6562 ] } },
{ "type": "Feature", "id": "WCR1973-000321", "properties": { "WCRNmbr": "WCR1973-000321", "LAT": 38.6562, "LONG": -121.886, "BlwThreshl":"Above" ,"Head":78.0798}, "geometry": { "type": "Point", "coordinates": [ -121.886, 38.6562 ] } },
{ "type": "Feature", "id": "WCR1973-000322", "properties": { "WCRNmbr": "WCR1973-000322", "LAT": 38.6562, "LONG": -121.886, "BlwThreshl":"Above" ,"Head":78.0798}, "geometry": { "type": "Point", "coordinates": [ -121.886, 38.6562 ] } },
{ "type": "Feature", "id": "WCR1976-000259", "properties": { "WCRNmbr": "WCR1976-000259", "LAT": 38.6417, "LONG": -121.886, "BlwThreshl":"Above" ,"Head":77.4721}, "geometry": { "type": "Point", "coordinates": [ -121.886, 38.6417 ] } },
{ "type": "Feature", "id": "WCR1977-001839", "properties": { "WCRNmbr": "WCR1977-001839", "LAT": 38.6562, "LONG": -121.886, "BlwThreshl":"Above" ,"Head":78.0798}, "geometry": { "type": "Point", "coordinates": [ -121.886, 38.6562 ] } },
{ "type": "Feature", "id": "WCR1979-000714", "properties": { "WCRNmbr": "WCR1979-000714", "LAT": 38.6562, "LONG": -121.886, "BlwThreshl":"Above" ,"Head":78.0798}, "geometry": { "type": "Point", "coordinates": [ -121.886, 38.6562 ] } },
{ "type": "Feature", "id": "WCR1979-002102", "properties": { "WCRNmbr": "WCR1979-002102", "LAT": 38.6562, "LONG": -121.886, "BlwThreshl":"Above" ,"Head":78.0798}, "geometry": { "type": "Point", "coordinates": [ -121.886, 38.6562 ] } },
{ "type": "Feature", "id": "WCR1987-008894", "properties": { "WCRNmbr": "WCR1987-008894", "LAT": 38.6562, "LONG": -121.886, "BlwThreshl":"Above" ,"Head":78.0798}, "geometry": { "type": "Point", "coordinates": [ -121.886, 38.6562 ] } },
{ "type": "Feature", "id": "WCR1994-000930", "properties": { "WCRNmbr": "WCR1994-000930", "LAT": 38.6562, "LONG": -121.886, "BlwThreshl":"Above" ,"Head":78.0798}, "geometry": { "type": "Point", "coordinates": [ -121.886, 38.6562 ] } },
{ "type": "Feature", "id": "WCR2001-001803", "properties": { "WCRNmbr": "WCR2001-001803", "LAT": 38.6562, "LONG": -121.886, "BlwThreshl":"Above" ,"Head":78.0798}, "geometry": { "type": "Point", "coordinates": [ -121.886, 38.6562 ] } },
{ "type": "Feature", "id": "WCR2005-004015", "properties": { "WCRNmbr": "WCR2005-004015", "LAT": 38.6416, "LONG": -121.886, "BlwThreshl":"Above" ,"Head":77.4721}, "geometry": { "type": "Point", "coordinates": [ -121.886, 38.6416 ] } },
{ "type": "Feature", "id": "WCR2005-005206", "properties": { "WCRNmbr": "WCR2005-005206", "LAT": 38.6416, "LONG": -121.886, "BlwThreshl":"Above" ,"Head":77.4721}, "geometry": { "type": "Point", "coordinates": [ -121.886, 38.6416 ] } },
{ "type": "Feature", "id": "WCR2020-011374", "properties": { "WCRNmbr": "WCR2020-011374", "LAT": 38.6495, "LONG": -121.873, "BlwThreshl":"Above" ,"Head":54.2532}, "geometry": { "type": "Point", "coordinates": [ -121.873, 38.6495 ] } },
{ "type": "Feature", "id": "WCR2022-008009", "properties": { "WCRNmbr": "WCR2022-008009", "LAT": 38.6476, "LONG": -121.875, "BlwThreshl":"Above" ,"Head":54.2532}, "geometry": { "type": "Point", "coordinates": [ -121.875, 38.6476 ] } },
{ "type": "Feature", "id": "WCR2023-005114", "properties": { "WCRNmbr": "WCR2023-005114", "LAT": 38.6439, "LONG": -121.872, "BlwThreshl":"Above" ,"Head":54.1662}, "geometry": { "type": "Point", "coordinates": [ -121.872, 38.6439 ] } },
{ "type": "Feature", "id": "WCR0080796", "properties": { "WCRNmbr": "WCR0080796", "LAT": 38.6561, "LONG": -121.867, "BlwThreshl":"Above" ,"Head":58.3632}, "geometry": { "type": "Point", "coordinates": [ -121.867, 38.6561 ] } },
{ "type": "Feature", "id": "WCR0156303", "properties": { "WCRNmbr": "WCR0156303", "LAT": 38.6415, "LONG": -121.867, "BlwThreshl":"Above" ,"Head":54.1662}, "geometry": { "type": "Point", "coordinates": [ -121.867, 38.6415 ] } },
{ "type": "Feature", "id": "WCR0314647", "properties": { "WCRNmbr": "WCR0314647", "LAT": 38.656, "LONG": -121.849, "BlwThreshl":"Above" ,"Head":49.0625}, "geometry": { "type": "Point", "coordinates": [ -121.849, 38.656 ] } },
{ "type": "Feature", "id": "WCR0314648", "properties": { "WCRNmbr": "WCR0314648", "LAT": 38.6561, "LONG": -121.867, "BlwThreshl":"Above" ,"Head":58.3632}, "geometry": { "type": "Point", "coordinates": [ -121.867, 38.6561 ] } },
{ "type": "Feature", "id": "WCR1970-000320", "properties": { "WCRNmbr": "WCR1970-000320", "LAT": 38.6561, "LONG": -121.867, "BlwThreshl":"Above" ,"Head":58.3632}, "geometry": { "type": "Point", "coordinates": [ -121.867, 38.6561 ] } },
{ "type": "Feature", "id": "WCR1971-000112", "properties": { "WCRNmbr": "WCR1971-000112", "LAT": 38.6561, "LONG": -121.867, "BlwThreshl":"Above" ,"Head":58.3632}, "geometry": { "type": "Point", "coordinates": [ -121.867, 38.6561 ] } },
{ "type": "Feature", "id": "WCR1971-000385", "properties": { "WCRNmbr": "WCR1971-000385", "LAT": 38.6415, "LONG": -121.867, "BlwThreshl":"Above" ,"Head":54.1662}, "geometry": { "type": "Point", "coordinates": [ -121.867, 38.6415 ] } },
{ "type": "Feature", "id": "WCR1972-000061", "properties": { "WCRNmbr": "WCR1972-000061", "LAT": 38.656, "LONG": -121.849, "BlwThreshl":"Above" ,"Head":49.0625}, "geometry": { "type": "Point", "coordinates": [ -121.849, 38.656 ] } },
{ "type": "Feature", "id": "WCR1972-000122", "properties": { "WCRNmbr": "WCR1972-000122", "LAT": 38.6561, "LONG": -121.867, "BlwThreshl":"Above" ,"Head":58.3632}, "geometry": { "type": "Point", "coordinates": [ -121.867, 38.6561 ] } },
{ "type": "Feature", "id": "WCR1972-000210", "properties": { "WCRNmbr": "WCR1972-000210", "LAT": 38.6561, "LONG": -121.849, "BlwThreshl":"Above" ,"Head":49.0625}, "geometry": { "type": "Point", "coordinates": [ -121.849, 38.6561 ] } },
{ "type": "Feature", "id": "WCR1972-000379", "properties": { "WCRNmbr": "WCR1972-000379", "LAT": 38.6561, "LONG": -121.867, "BlwThreshl":"Above" ,"Head":58.3632}, "geometry": { "type": "Point", "coordinates": [ -121.867, 38.6561 ] } },
{ "type": "Feature", "id": "WCR1973-000331", "properties": { "WCRNmbr": "WCR1973-000331", "LAT": 38.6561, "LONG": -121.867, "BlwThreshl":"Below" ,"Head":58.3632}, "geometry": { "type": "Point", "coordinates": [ -121.867, 38.6561 ] } },
{ "type": "Feature", "id": "WCR1975-000182", "properties": { "WCRNmbr": "WCR1975-000182", "LAT": 38.6561, "LONG": -121.867, "BlwThreshl":"Above" ,"Head":58.3632}, "geometry": { "type": "Point", "coordinates": [ -121.867, 38.6561 ] } },
{ "type": "Feature", "id": "WCR1975-000186", "properties": { "WCRNmbr": "WCR1975-000186", "LAT": 38.6561, "LONG": -121.867, "BlwThreshl":"Above" ,"Head":58.3632}, "geometry": { "type": "Point", "coordinates": [ -121.867, 38.6561 ] } },
{ "type": "Feature", "id": "WCR1975-000590", "properties": { "WCRNmbr": "WCR1975-000590", "LAT": 38.6561, "LONG": -121.867, "BlwThreshl":"Above" ,"Head":58.3632}, "geometry": { "type": "Point", "coordinates": [ -121.867, 38.6561 ] } },
{ "type": "Feature", "id": "WCR1976-000242", "properties": { "WCRNmbr": "WCR1976-000242", "LAT": 38.6561, "LONG": -121.867, "BlwThreshl":"Above" ,"Head":58.3632}, "geometry": { "type": "Point", "coordinates": [ -121.867, 38.6561 ] } },
{ "type": "Feature", "id": "WCR1976-000249", "properties": { "WCRNmbr": "WCR1976-000249", "LAT": 38.6561, "LONG": -121.867, "BlwThreshl":"Above" ,"Head":58.3632}, "geometry": { "type": "Point", "coordinates": [ -121.867, 38.6561 ] } },
{ "type": "Feature", "id": "WCR1976-000250", "properties": { "WCRNmbr": "WCR1976-000250", "LAT": 38.6561, "LONG": -121.867, "BlwThreshl":"Above" ,"Head":58.3632}, "geometry": { "type": "Point", "coordinates": [ -121.867, 38.6561 ] } },
{ "type": "Feature", "id": "WCR1976-000257", "properties": { "WCRNmbr": "WCR1976-000257", "LAT": 38.6561, "LONG": -121.867, "BlwThreshl":"Above" ,"Head":58.3632}, "geometry": { "type": "Point", "coordinates": [ -121.867, 38.6561 ] } },
{ "type": "Feature", "id": "WCR1976-000258", "properties": { "WCRNmbr": "WCR1976-000258", "LAT": 38.6561, "LONG": -121.867, "BlwThreshl":"Above" ,"Head":58.3632}, "geometry": { "type": "Point", "coordinates": [ -121.867, 38.6561 ] } },
{ "type": "Feature", "id": "WCR1976-000264", "properties": { "WCRNmbr": "WCR1976-000264", "LAT": 38.6561, "LONG": -121.867, "BlwThreshl":"Above" ,"Head":58.3632}, "geometry": { "type": "Point", "coordinates": [ -121.867, 38.6561 ] } },
{ "type": "Feature", "id": "WCR1976-000267", "properties": { "WCRNmbr": "WCR1976-000267", "LAT": 38.656, "LONG": -121.849, "BlwThreshl":"Above" ,"Head":49.0625}, "geometry": { "type": "Point", "coordinates": [ -121.849, 38.656 ] } },
{ "type": "Feature", "id": "WCR1976-001064", "properties": { "WCRNmbr": "WCR1976-001064", "LAT": 38.6561, "LONG": -121.867, "BlwThreshl":"Above" ,"Head":58.3632}, "geometry": { "type": "Point", "coordinates": [ -121.867, 38.6561 ] } },
{ "type": "Feature", "id": "WCR1976-001489", "properties": { "WCRNmbr": "WCR1976-001489", "LAT": 38.6561, "LONG": -121.867, "BlwThreshl":"Above" ,"Head":58.3632}, "geometry": { "type": "Point", "coordinates": [ -121.867, 38.6561 ] } },
{ "type": "Feature", "id": "WCR1977-000272", "properties": { "WCRNmbr": "WCR1977-000272", "LAT": 38.6561, "LONG": -121.867, "BlwThreshl":"Above" ,"Head":58.3632}, "geometry": { "type": "Point", "coordinates": [ -121.867, 38.6561 ] } },
{ "type": "Feature", "id": "WCR1977-001836", "properties": { "WCRNmbr": "WCR1977-001836", "LAT": 38.6561, "LONG": -121.867, "BlwThreshl":"Above" ,"Head":58.3632}, "geometry": { "type": "Point", "coordinates": [ -121.867, 38.6561 ] } },
{ "type": "Feature", "id": "WCR1977-001842", "properties": { "WCRNmbr": "WCR1977-001842", "LAT": 38.656, "LONG": -121.849, "BlwThreshl":"Above" ,"Head":49.0625}, "geometry": { "type": "Point", "coordinates": [ -121.849, 38.656 ] } },
{ "type": "Feature", "id": "WCR1978-001726", "properties": { "WCRNmbr": "WCR1978-001726", "LAT": 38.6561, "LONG": -121.867, "BlwThreshl":"Above" ,"Head":58.3632}, "geometry": { "type": "Point", "coordinates": [ -121.867, 38.6561 ] } },
{ "type": "Feature", "id": "WCR1978-001731", "properties": { "WCRNmbr": "WCR1978-001731", "LAT": 38.6415, "LONG": -121.867, "BlwThreshl":"Above" ,"Head":54.1662}, "geometry": { "type": "Point", "coordinates": [ -121.867, 38.6415 ] } },
{ "type": "Feature", "id": "WCR1978-001782", "properties": { "WCRNmbr": "WCR1978-001782", "LAT": 38.656, "LONG": -121.849, "BlwThreshl":"Above" ,"Head":49.0625}, "geometry": { "type": "Point", "coordinates": [ -121.849, 38.656 ] } },
{ "type": "Feature", "id": "WCR1978-001821", "properties": { "WCRNmbr": "WCR1978-001821", "LAT": 38.6415, "LONG": -121.867, "BlwThreshl":"Above" ,"Head":54.1662}, "geometry": { "type": "Point", "coordinates": [ -121.867, 38.6415 ] } },
{ "type": "Feature", "id": "WCR1979-000549", "properties": { "WCRNmbr": "WCR1979-000549", "LAT": 38.6561, "LONG": -121.867, "BlwThreshl":"Above" ,"Head":58.3632}, "geometry": { "type": "Point", "coordinates": [ -121.867, 38.6561 ] } },
{ "type": "Feature", "id": "WCR1979-000781", "properties": { "WCRNmbr": "WCR1979-000781", "LAT": 38.6561, "LONG": -121.867, "BlwThreshl":"Above" ,"Head":58.3632}, "geometry": { "type": "Point", "coordinates": [ -121.867, 38.6561 ] } },
{ "type": "Feature", "id": "WCR1979-000782", "properties": { "WCRNmbr": "WCR1979-000782", "LAT": 38.6561, "LONG": -121.867, "BlwThreshl":"Above" ,"Head":58.3632}, "geometry": { "type": "Point", "coordinates": [ -121.867, 38.6561 ] } },
{ "type": "Feature", "id": "WCR1979-001663", "properties": { "WCRNmbr": "WCR1979-001663", "LAT": 38.6561, "LONG": -121.867, "BlwThreshl":"Above" ,"Head":58.3632}, "geometry": { "type": "Point", "coordinates": [ -121.867, 38.6561 ] } },
{ "type": "Feature", "id": "WCR1979-002135", "properties": { "WCRNmbr": "WCR1979-002135", "LAT": 38.6561, "LONG": -121.867, "BlwThreshl":"Above" ,"Head":58.3632}, "geometry": { "type": "Point", "coordinates": [ -121.867, 38.6561 ] } },
{ "type": "Feature", "id": "WCR1980-004095", "properties": { "WCRNmbr": "WCR1980-004095", "LAT": 38.6561, "LONG": -121.867, "BlwThreshl":"Above" ,"Head":58.3632}, "geometry": { "type": "Point", "coordinates": [ -121.867, 38.6561 ] } },
{ "type": "Feature", "id": "WCR1984-000382", "properties": { "WCRNmbr": "WCR1984-000382", "LAT": 38.6561, "LONG": -121.867, "BlwThreshl":"Above" ,"Head":58.3632}, "geometry": { "type": "Point", "coordinates": [ -121.867, 38.6561 ] } },
{ "type": "Feature", "id": "WCR1984-000726", "properties": { "WCRNmbr": "WCR1984-000726", "LAT": 38.6561, "LONG": -121.867, "BlwThreshl":"Above" ,"Head":58.3632}, "geometry": { "type": "Point", "coordinates": [ -121.867, 38.6561 ] } },
{ "type": "Feature", "id": "WCR1985-001097", "properties": { "WCRNmbr": "WCR1985-001097", "LAT": 38.6561, "LONG": -121.867, "BlwThreshl":"Above" ,"Head":58.3632}, "geometry": { "type": "Point", "coordinates": [ -121.867, 38.6561 ] } },
{ "type": "Feature", "id": "WCR1986-005807", "properties": { "WCRNmbr": "WCR1986-005807", "LAT": 38.6561, "LONG": -121.867, "BlwThreshl":"Above" ,"Head":58.3632}, "geometry": { "type": "Point", "coordinates": [ -121.867, 38.6561 ] } },
{ "type": "Feature", "id": "WCR1986-005808", "properties": { "WCRNmbr": "WCR1986-005808", "LAT": 38.6415, "LONG": -121.867, "BlwThreshl":"Above" ,"Head":54.1662}, "geometry": { "type": "Point", "coordinates": [ -121.867, 38.6415 ] } },
{ "type": "Feature", "id": "WCR1986-007584", "properties": { "WCRNmbr": "WCR1986-007584", "LAT": 38.6561, "LONG": -121.867, "BlwThreshl":"Above" ,"Head":58.3632}, "geometry": { "type": "Point", "coordinates": [ -121.867, 38.6561 ] } },
{ "type": "Feature", "id": "WCR1986-007585", "properties": { "WCRNmbr": "WCR1986-007585", "LAT": 38.656, "LONG": -121.849, "BlwThreshl":"Above" ,"Head":49.0625}, "geometry": { "type": "Point", "coordinates": [ -121.849, 38.656 ] } },
{ "type": "Feature", "id": "WCR1987-004067", "properties": { "WCRNmbr": "WCR1987-004067", "LAT": 38.6415, "LONG": -121.867, "BlwThreshl":"Above" ,"Head":54.1662}, "geometry": { "type": "Point", "coordinates": [ -121.867, 38.6415 ] } },
{ "type": "Feature", "id": "WCR1987-004072", "properties": { "WCRNmbr": "WCR1987-004072", "LAT": 38.6561, "LONG": -121.867, "BlwThreshl":"Above" ,"Head":58.3632}, "geometry": { "type": "Point", "coordinates": [ -121.867, 38.6561 ] } },
{ "type": "Feature", "id": "WCR1987-004075", "properties": { "WCRNmbr": "WCR1987-004075", "LAT": 38.656, "LONG": -121.849, "BlwThreshl":"Above" ,"Head":49.0625}, "geometry": { "type": "Point", "coordinates": [ -121.849, 38.656 ] } },
{ "type": "Feature", "id": "WCR1987-005341", "properties": { "WCRNmbr": "WCR1987-005341", "LAT": 38.6561, "LONG": -121.867, "BlwThreshl":"Above" ,"Head":58.3632}, "geometry": { "type": "Point", "coordinates": [ -121.867, 38.6561 ] } },
{ "type": "Feature", "id": "WCR1988-004161", "properties": { "WCRNmbr": "WCR1988-004161", "LAT": 38.6561, "LONG": -121.867, "BlwThreshl":"Above" ,"Head":58.3632}, "geometry": { "type": "Point", "coordinates": [ -121.867, 38.6561 ] } },
{ "type": "Feature", "id": "WCR1990-006914", "properties": { "WCRNmbr": "WCR1990-006914", "LAT": 38.6561, "LONG": -121.867, "BlwThreshl":"Above" ,"Head":58.3632}, "geometry": { "type": "Point", "coordinates": [ -121.867, 38.6561 ] } },
{ "type": "Feature", "id": "WCR1991-004179", "properties": { "WCRNmbr": "WCR1991-004179", "LAT": 38.6415, "LONG": -121.867, "BlwThreshl":"Above" ,"Head":54.1662}, "geometry": { "type": "Point", "coordinates": [ -121.867, 38.6415 ] } },
{ "type": "Feature", "id": "WCR1994-003872", "properties": { "WCRNmbr": "WCR1994-003872", "LAT": 38.656, "LONG": -121.849, "BlwThreshl":"Above" ,"Head":49.0625}, "geometry": { "type": "Point", "coordinates": [ -121.849, 38.656 ] } },
{ "type": "Feature", "id": "WCR1999-000628", "properties": { "WCRNmbr": "WCR1999-000628", "LAT": 38.656, "LONG": -121.849, "BlwThreshl":"Above" ,"Head":49.0625}, "geometry": { "type": "Point", "coordinates": [ -121.849, 38.656 ] } },
{ "type": "Feature", "id": "WCR1999-005784", "properties": { "WCRNmbr": "WCR1999-005784", "LAT": 38.6561, "LONG": -121.867, "BlwThreshl":"Above" ,"Head":58.3632}, "geometry": { "type": "Point", "coordinates": [ -121.867, 38.6561 ] } },
{ "type": "Feature", "id": "WCR1999-005853", "properties": { "WCRNmbr": "WCR1999-005853", "LAT": 38.6561, "LONG": -121.867, "BlwThreshl":"Above" ,"Head":58.3632}, "geometry": { "type": "Point", "coordinates": [ -121.867, 38.6561 ] } },
{ "type": "Feature", "id": "WCR2000-004277", "properties": { "WCRNmbr": "WCR2000-004277", "LAT": 38.6561, "LONG": -121.867, "BlwThreshl":"Above" ,"Head":58.3632}, "geometry": { "type": "Point", "coordinates": [ -121.867, 38.6561 ] } },
{ "type": "Feature", "id": "WCR2000-006821", "properties": { "WCRNmbr": "WCR2000-006821", "LAT": 38.6561, "LONG": -121.867, "BlwThreshl":"Above" ,"Head":58.3632}, "geometry": { "type": "Point", "coordinates": [ -121.867, 38.6561 ] } },
{ "type": "Feature", "id": "WCR2000-006823", "properties": { "WCRNmbr": "WCR2000-006823", "LAT": 38.6561, "LONG": -121.867, "BlwThreshl":"Above" ,"Head":58.3632}, "geometry": { "type": "Point", "coordinates": [ -121.867, 38.6561 ] } },
{ "type": "Feature", "id": "WCR2000-006830", "properties": { "WCRNmbr": "WCR2000-006830", "LAT": 38.6561, "LONG": -121.867, "BlwThreshl":"Above" ,"Head":58.3632}, "geometry": { "type": "Point", "coordinates": [ -121.867, 38.6561 ] } },
{ "type": "Feature", "id": "WCR2001-001818", "properties": { "WCRNmbr": "WCR2001-001818", "LAT": 38.656, "LONG": -121.849, "BlwThreshl":"Above" ,"Head":49.0625}, "geometry": { "type": "Point", "coordinates": [ -121.849, 38.656 ] } },
{ "type": "Feature", "id": "WCR2001-006058", "properties": { "WCRNmbr": "WCR2001-006058", "LAT": 38.6561, "LONG": -121.867, "BlwThreshl":"Above" ,"Head":58.3632}, "geometry": { "type": "Point", "coordinates": [ -121.867, 38.6561 ] } },
{ "type": "Feature", "id": "WCR2001-006509", "properties": { "WCRNmbr": "WCR2001-006509", "LAT": 38.6561, "LONG": -121.867, "BlwThreshl":"Above" ,"Head":58.3632}, "geometry": { "type": "Point", "coordinates": [ -121.867, 38.6561 ] } },
{ "type": "Feature", "id": "WCR2002-008371", "properties": { "WCRNmbr": "WCR2002-008371", "LAT": 38.6561, "LONG": -121.867, "BlwThreshl":"Above" ,"Head":58.3632}, "geometry": { "type": "Point", "coordinates": [ -121.867, 38.6561 ] } },
{ "type": "Feature", "id": "WCR2002-008500", "properties": { "WCRNmbr": "WCR2002-008500", "LAT": 38.6561, "LONG": -121.867, "BlwThreshl":"Above" ,"Head":58.3632}, "geometry": { "type": "Point", "coordinates": [ -121.867, 38.6561 ] } },
{ "type": "Feature", "id": "WCR2002-008619", "properties": { "WCRNmbr": "WCR2002-008619", "LAT": 38.6561, "LONG": -121.867, "BlwThreshl":"Above" ,"Head":58.3632}, "geometry": { "type": "Point", "coordinates": [ -121.867, 38.6561 ] } },
{ "type": "Feature", "id": "WCR2004-002517", "properties": { "WCRNmbr": "WCR2004-002517", "LAT": 38.6561, "LONG": -121.867, "BlwThreshl":"Above" ,"Head":58.3632}, "geometry": { "type": "Point", "coordinates": [ -121.867, 38.6561 ] } },
{ "type": "Feature", "id": "WCR2022-006912", "properties": { "WCRNmbr": "WCR2022-006912", "LAT": 38.6576, "LONG": -121.868, "BlwThreshl":"Above" ,"Head":58.3632}, "geometry": { "type": "Point", "coordinates": [ -121.868, 38.6576 ] } },
{ "type": "Feature", "id": "WCR2022-011676", "properties": { "WCRNmbr": "WCR2022-011676", "LAT": 38.6579, "LONG": -121.868, "BlwThreshl":"Above" ,"Head":58.3632}, "geometry": { "type": "Point", "coordinates": [ -121.868, 38.6579 ] } },
{ "type": "Feature", "id": "WCR2022-013478", "properties": { "WCRNmbr": "WCR2022-013478", "LAT": 38.657, "LONG": -121.867, "BlwThreshl":"Above" ,"Head":58.3632}, "geometry": { "type": "Point", "coordinates": [ -121.867, 38.657 ] } },
{ "type": "Feature", "id": "WCR2022-014016", "properties": { "WCRNmbr": "WCR2022-014016", "LAT": 38.6576, "LONG": -121.867, "BlwThreshl":"Above" ,"Head":58.3632}, "geometry": { "type": "Point", "coordinates": [ -121.867, 38.6576 ] } },
{ "type": "Feature", "id": "WCR2023-005010", "properties": { "WCRNmbr": "WCR2023-005010", "LAT": 38.6546, "LONG": -121.864, "BlwThreshl":"Above" ,"Head":53.0161}, "geometry": { "type": "Point", "coordinates": [ -121.864, 38.6546 ] } },
{ "type": "Feature", "id": "WCR0178191", "properties": { "WCRNmbr": "WCR0178191", "LAT": 38.6559, "LONG": -121.831, "BlwThreshl":"Above" ,"Head":42.6007}, "geometry": { "type": "Point", "coordinates": [ -121.831, 38.6559 ] } },
{ "type": "Feature", "id": "WCR1976-000262", "properties": { "WCRNmbr": "WCR1976-000262", "LAT": 38.6559, "LONG": -121.831, "BlwThreshl":"Above" ,"Head":42.6007}, "geometry": { "type": "Point", "coordinates": [ -121.831, 38.6559 ] } },
{ "type": "Feature", "id": "WCR1976-000266", "properties": { "WCRNmbr": "WCR1976-000266", "LAT": 38.6559, "LONG": -121.831, "BlwThreshl":"Above" ,"Head":42.6007}, "geometry": { "type": "Point", "coordinates": [ -121.831, 38.6559 ] } },
{ "type": "Feature", "id": "WCR1977-001822", "properties": { "WCRNmbr": "WCR1977-001822", "LAT": 38.6559, "LONG": -121.831, "BlwThreshl":"Above" ,"Head":42.6007}, "geometry": { "type": "Point", "coordinates": [ -121.831, 38.6559 ] } },
{ "type": "Feature", "id": "WCR1977-001826", "properties": { "WCRNmbr": "WCR1977-001826", "LAT": 38.6559, "LONG": -121.831, "BlwThreshl":"Above" ,"Head":42.6007}, "geometry": { "type": "Point", "coordinates": [ -121.831, 38.6559 ] } },
{ "type": "Feature", "id": "WCR1983-003698", "properties": { "WCRNmbr": "WCR1983-003698", "LAT": 38.6559, "LONG": -121.831, "BlwThreshl":"Above" ,"Head":42.6007}, "geometry": { "type": "Point", "coordinates": [ -121.831, 38.6559 ] } },
{ "type": "Feature", "id": "WCR2002-006619", "properties": { "WCRNmbr": "WCR2002-006619", "LAT": 38.6475, "LONG": -121.838, "BlwThreshl":"Above" ,"Head":43.4232}, "geometry": { "type": "Point", "coordinates": [ -121.838, 38.6475 ] } },
{ "type": "Feature", "id": "WCR2003-001234", "properties": { "WCRNmbr": "WCR2003-001234", "LAT": 38.6408, "LONG": -121.821, "BlwThreshl":"Above" ,"Head":41.5463}, "geometry": { "type": "Point", "coordinates": [ -121.821, 38.6408 ] } },
{ "type": "Feature", "id": "WCR2021-002978", "properties": { "WCRNmbr": "WCR2021-002978", "LAT": 38.6552, "LONG": -121.814, "BlwThreshl":"Above" ,"Head":37.8562}, "geometry": { "type": "Point", "coordinates": [ -121.814, 38.6552 ] } },
{ "type": "Feature", "id": "WCR1977-000174", "properties": { "WCRNmbr": "WCR1977-000174", "LAT": 38.641, "LONG": -121.794, "BlwThreshl":"Above" ,"Head":32.0549}, "geometry": { "type": "Point", "coordinates": [ -121.794, 38.641 ] } },
{ "type": "Feature", "id": "WCR1977-000278", "properties": { "WCRNmbr": "WCR1977-000278", "LAT": 38.641, "LONG": -121.794, "BlwThreshl":"Above" ,"Head":32.0549}, "geometry": { "type": "Point", "coordinates": [ -121.794, 38.641 ] } },
{ "type": "Feature", "id": "WCR1977-000908", "properties": { "WCRNmbr": "WCR1977-000908", "LAT": 38.6557, "LONG": -121.793, "BlwThreshl":"Above" ,"Head":30.0305}, "geometry": { "type": "Point", "coordinates": [ -121.793, 38.6557 ] } },
{ "type": "Feature", "id": "WCR1994-000948", "properties": { "WCRNmbr": "WCR1994-000948", "LAT": 38.641, "LONG": -121.794, "BlwThreshl":"Above" ,"Head":32.0549}, "geometry": { "type": "Point", "coordinates": [ -121.794, 38.641 ] } },
{ "type": "Feature", "id": "WCR0065726", "properties": { "WCRNmbr": "WCR0065726", "LAT": 38.6408, "LONG": -121.757, "BlwThreshl":"Above" ,"Head":18.2221}, "geometry": { "type": "Point", "coordinates": [ -121.757, 38.6408 ] } },
{ "type": "Feature", "id": "WCR0178166", "properties": { "WCRNmbr": "WCR0178166", "LAT": 38.6555, "LONG": -121.775, "BlwThreshl":"Above" ,"Head":25.3823}, "geometry": { "type": "Point", "coordinates": [ -121.775, 38.6555 ] } },
{ "type": "Feature", "id": "WCR1980-002516", "properties": { "WCRNmbr": "WCR1980-002516", "LAT": 38.6555, "LONG": -121.775, "BlwThreshl":"Above" ,"Head":25.3823}, "geometry": { "type": "Point", "coordinates": [ -121.775, 38.6555 ] } },
{ "type": "Feature", "id": "WCR1984-002540", "properties": { "WCRNmbr": "WCR1984-002540", "LAT": 38.6555, "LONG": -121.775, "BlwThreshl":"Above" ,"Head":25.3823}, "geometry": { "type": "Point", "coordinates": [ -121.775, 38.6555 ] } },
{ "type": "Feature", "id": "WCR1989-011241", "properties": { "WCRNmbr": "WCR1989-011241", "LAT": 38.6408, "LONG": -121.757, "BlwThreshl":"Above" ,"Head":18.2221}, "geometry": { "type": "Point", "coordinates": [ -121.757, 38.6408 ] } },
{ "type": "Feature", "id": "WCR1992-010476", "properties": { "WCRNmbr": "WCR1992-010476", "LAT": 38.6408, "LONG": -121.757, "BlwThreshl":"Above" ,"Head":18.2221}, "geometry": { "type": "Point", "coordinates": [ -121.757, 38.6408 ] } },
{ "type": "Feature", "id": "WCR1995-002782", "properties": { "WCRNmbr": "WCR1995-002782", "LAT": 38.6555, "LONG": -121.775, "BlwThreshl":"Above" ,"Head":25.3823}, "geometry": { "type": "Point", "coordinates": [ -121.775, 38.6555 ] } },
{ "type": "Feature", "id": "WCR1998-001239", "properties": { "WCRNmbr": "WCR1998-001239", "LAT": 38.6555, "LONG": -121.775, "BlwThreshl":"Above" ,"Head":25.3823}, "geometry": { "type": "Point", "coordinates": [ -121.775, 38.6555 ] } },
{ "type": "Feature", "id": "WCR2004-004240", "properties": { "WCRNmbr": "WCR2004-004240", "LAT": 38.6553, "LONG": -121.766, "BlwThreshl":"Above" ,"Head":23.2194}, "geometry": { "type": "Point", "coordinates": [ -121.766, 38.6553 ] } },
{ "type": "Feature", "id": "WCR2006-001371", "properties": { "WCRNmbr": "WCR2006-001371", "LAT": 38.6409, "LONG": -121.775, "BlwThreshl":"Above" ,"Head":22.9119}, "geometry": { "type": "Point", "coordinates": [ -121.775, 38.6409 ] } },
{ "type": "Feature", "id": "WCR2022-009557", "properties": { "WCRNmbr": "WCR2022-009557", "LAT": 38.6414, "LONG": -121.762, "BlwThreshl":"Above" ,"Head":18.2221}, "geometry": { "type": "Point", "coordinates": [ -121.762, 38.6414 ] } },
{ "type": "Feature", "id": "WCR2013-004558", "properties": { "WCRNmbr": "WCR2013-004558", "LAT": 38.6467, "LONG": -121.713, "BlwThreshl":"Above" ,"Head":11.4326}, "geometry": { "type": "Point", "coordinates": [ -121.713, 38.6467 ] } },
{ "type": "Feature", "id": "WCR0092109", "properties": { "WCRNmbr": "WCR0092109", "LAT": 38.6718, "LONG": -122.073, "BlwThreshl":"Above" ,"Head":302.557}, "geometry": { "type": "Point", "coordinates": [ -122.073, 38.6718 ] } },
{ "type": "Feature", "id": "WCR1976-000348", "properties": { "WCRNmbr": "WCR1976-000348", "LAT": 38.6716, "LONG": -122.054, "BlwThreshl":"Below" ,"Head":227.186}, "geometry": { "type": "Point", "coordinates": [ -122.054, 38.6716 ] } },
{ "type": "Feature", "id": "WCR1976-001224", "properties": { "WCRNmbr": "WCR1976-001224", "LAT": 38.6716, "LONG": -122.054, "BlwThreshl":"Above" ,"Head":227.186}, "geometry": { "type": "Point", "coordinates": [ -122.054, 38.6716 ] } },
{ "type": "Feature", "id": "WCR1978-000912", "properties": { "WCRNmbr": "WCR1978-000912", "LAT": 38.6716, "LONG": -122.054, "BlwThreshl":"Above" ,"Head":227.186}, "geometry": { "type": "Point", "coordinates": [ -122.054, 38.6716 ] } },
{ "type": "Feature", "id": "WCR1989-003243", "properties": { "WCRNmbr": "WCR1989-003243", "LAT": 38.6716, "LONG": -122.054, "BlwThreshl":"Above" ,"Head":227.186}, "geometry": { "type": "Point", "coordinates": [ -122.054, 38.6716 ] } },
{ "type": "Feature", "id": "WCR1990-012195", "properties": { "WCRNmbr": "WCR1990-012195", "LAT": 38.6716, "LONG": -122.054, "BlwThreshl":"Above" ,"Head":227.261}, "geometry": { "type": "Point", "coordinates": [ -122.054, 38.6716 ] } },
{ "type": "Feature", "id": "WCR1991-004190", "properties": { "WCRNmbr": "WCR1991-004190", "LAT": 38.6716, "LONG": -122.054, "BlwThreshl":"Above" ,"Head":227.186}, "geometry": { "type": "Point", "coordinates": [ -122.054, 38.6716 ] } },
{ "type": "Feature", "id": "WCR1994-000926", "properties": { "WCRNmbr": "WCR1994-000926", "LAT": 38.6716, "LONG": -122.054, "BlwThreshl":"Above" ,"Head":227.186}, "geometry": { "type": "Point", "coordinates": [ -122.054, 38.6716 ] } },
{ "type": "Feature", "id": "WCR1995-001339", "properties": { "WCRNmbr": "WCR1995-001339", "LAT": 38.6716, "LONG": -122.054, "BlwThreshl":"Above" ,"Head":227.186}, "geometry": { "type": "Point", "coordinates": [ -122.054, 38.6716 ] } },
{ "type": "Feature", "id": "WCR2005-005214", "properties": { "WCRNmbr": "WCR2005-005214", "LAT": 38.6716, "LONG": -122.054, "BlwThreshl":"Above" ,"Head":227.261}, "geometry": { "type": "Point", "coordinates": [ -122.054, 38.6716 ] } },
{ "type": "Feature", "id": "WCR2006-001335", "properties": { "WCRNmbr": "WCR2006-001335", "LAT": 38.6716, "LONG": -122.054, "BlwThreshl":"Above" ,"Head":227.186}, "geometry": { "type": "Point", "coordinates": [ -122.054, 38.6716 ] } },
{ "type": "Feature", "id": "WCR2007-004271", "properties": { "WCRNmbr": "WCR2007-004271", "LAT": 38.6716, "LONG": -122.054, "BlwThreshl":"Above" ,"Head":227.186}, "geometry": { "type": "Point", "coordinates": [ -122.054, 38.6716 ] } },
{ "type": "Feature", "id": "WCR2019-013256", "properties": { "WCRNmbr": "WCR2019-013256", "LAT": 38.672, "LONG": -122.052, "BlwThreshl":"Above" ,"Head":227.186}, "geometry": { "type": "Point", "coordinates": [ -122.052, 38.672 ] } },
{ "type": "Feature", "id": "WCR1988-004107", "properties": { "WCRNmbr": "WCR1988-004107", "LAT": 38.6715, "LONG": -122.036, "BlwThreshl":"Above" ,"Head":164.729}, "geometry": { "type": "Point", "coordinates": [ -122.036, 38.6715 ] } },
{ "type": "Feature", "id": "WCR1988-005359", "properties": { "WCRNmbr": "WCR1988-005359", "LAT": 38.6715, "LONG": -122.036, "BlwThreshl":"Above" ,"Head":164.729}, "geometry": { "type": "Point", "coordinates": [ -122.036, 38.6715 ] } },
{ "type": "Feature", "id": "WCR1988-005360", "properties": { "WCRNmbr": "WCR1988-005360", "LAT": 38.6714, "LONG": -122.017, "BlwThreshl":"Above" ,"Head":162.801}, "geometry": { "type": "Point", "coordinates": [ -122.017, 38.6714 ] } },
{ "type": "Feature", "id": "WCR1990-006912", "properties": { "WCRNmbr": "WCR1990-006912", "LAT": 38.6715, "LONG": -122.036, "BlwThreshl":"Above" ,"Head":167.273}, "geometry": { "type": "Point", "coordinates": [ -122.036, 38.6715 ] } },
{ "type": "Feature", "id": "WCR1993-002340", "properties": { "WCRNmbr": "WCR1993-002340", "LAT": 38.6714, "LONG": -122.017, "BlwThreshl":"Above" ,"Head":162.801}, "geometry": { "type": "Point", "coordinates": [ -122.017, 38.6714 ] } },
{ "type": "Feature", "id": "WCR2005-001149", "properties": { "WCRNmbr": "WCR2005-001149", "LAT": 38.6715, "LONG": -122.036, "BlwThreshl":"Above" ,"Head":164.729}, "geometry": { "type": "Point", "coordinates": [ -122.036, 38.6715 ] } },
{ "type": "Feature", "id": "WCR2011-005618", "properties": { "WCRNmbr": "WCR2011-005618", "LAT": 38.6769, "LONG": -122.034, "BlwThreshl":"Above" ,"Head":161.824}, "geometry": { "type": "Point", "coordinates": [ -122.034, 38.6769 ] } },
{ "type": "Feature", "id": "WCR1995-001338", "properties": { "WCRNmbr": "WCR1995-001338", "LAT": 38.6711, "LONG": -121.98, "BlwThreshl":"Above" ,"Head":134.61}, "geometry": { "type": "Point", "coordinates": [ -121.98, 38.6711 ] } },
{ "type": "Feature", "id": "WCR1997-006268", "properties": { "WCRNmbr": "WCR1997-006268", "LAT": 38.6711, "LONG": -121.98, "BlwThreshl":"Above" ,"Head":135.563}, "geometry": { "type": "Point", "coordinates": [ -121.98, 38.6711 ] } },
{ "type": "Feature", "id": "WCR2023-009861", "properties": { "WCRNmbr": "WCR2023-009861", "LAT": 38.6645, "LONG": -121.971, "BlwThreshl":"Above" ,"Head":131.659}, "geometry": { "type": "Point", "coordinates": [ -121.971, 38.6645 ] } },
{ "type": "Feature", "id": "WCR2012-004523", "properties": { "WCRNmbr": "WCR2012-004523", "LAT": 38.6636, "LONG": -121.943, "BlwThreshl":"Above" ,"Head":109.049}, "geometry": { "type": "Point", "coordinates": [ -121.943, 38.6636 ] } },
{ "type": "Feature", "id": "WCR1979-000708", "properties": { "WCRNmbr": "WCR1979-000708", "LAT": 38.6707, "LONG": -121.925, "BlwThreshl":"Above" ,"Head":103.034}, "geometry": { "type": "Point", "coordinates": [ -121.925, 38.6707 ] } },
{ "type": "Feature", "id": "WCR2008-001523", "properties": { "WCRNmbr": "WCR2008-001523", "LAT": 38.6707, "LONG": -121.925, "BlwThreshl":"Above" ,"Head":103.034}, "geometry": { "type": "Point", "coordinates": [ -121.925, 38.6707 ] } },
{ "type": "Feature", "id": "WCR2022-002145", "properties": { "WCRNmbr": "WCR2022-002145", "LAT": 38.664, "LONG": -121.923, "BlwThreshl":"Above" ,"Head":101.561}, "geometry": { "type": "Point", "coordinates": [ -121.923, 38.664 ] } },
{ "type": "Feature", "id": "WCR1971-000386", "properties": { "WCRNmbr": "WCR1971-000386", "LAT": 38.6707, "LONG": -121.905, "BlwThreshl":"Above" ,"Head":95.5261}, "geometry": { "type": "Point", "coordinates": [ -121.905, 38.6707 ] } },
{ "type": "Feature", "id": "WCR2002-002208", "properties": { "WCRNmbr": "WCR2002-002208", "LAT": 38.6707, "LONG": -121.905, "BlwThreshl":"Above" ,"Head":95.5261}, "geometry": { "type": "Point", "coordinates": [ -121.905, 38.6707 ] } },
{ "type": "Feature", "id": "WCR2022-010376", "properties": { "WCRNmbr": "WCR2022-010376", "LAT": 38.6639, "LONG": -121.908, "BlwThreshl":"Above" ,"Head":92.274}, "geometry": { "type": "Point", "coordinates": [ -121.908, 38.6639 ] } },
{ "type": "Feature", "id": "WCR0085395", "properties": { "WCRNmbr": "WCR0085395", "LAT": 38.6706, "LONG": -121.885, "BlwThreshl":"Above" ,"Head":71.366}, "geometry": { "type": "Point", "coordinates": [ -121.885, 38.6706 ] } },
{ "type": "Feature", "id": "WCR0239659", "properties": { "WCRNmbr": "WCR0239659", "LAT": 38.6706, "LONG": -121.885, "BlwThreshl":"Above" ,"Head":71.366}, "geometry": { "type": "Point", "coordinates": [ -121.885, 38.6706 ] } },
{ "type": "Feature", "id": "WCR1970-000313", "properties": { "WCRNmbr": "WCR1970-000313", "LAT": 38.6706, "LONG": -121.885, "BlwThreshl":"Above" ,"Head":71.366}, "geometry": { "type": "Point", "coordinates": [ -121.885, 38.6706 ] } },
{ "type": "Feature", "id": "WCR1974-000386", "properties": { "WCRNmbr": "WCR1974-000386", "LAT": 38.6706, "LONG": -121.885, "BlwThreshl":"Above" ,"Head":71.366}, "geometry": { "type": "Point", "coordinates": [ -121.885, 38.6706 ] } },
{ "type": "Feature", "id": "WCR1976-001068", "properties": { "WCRNmbr": "WCR1976-001068", "LAT": 38.6706, "LONG": -121.885, "BlwThreshl":"Above" ,"Head":71.366}, "geometry": { "type": "Point", "coordinates": [ -121.885, 38.6706 ] } },
{ "type": "Feature", "id": "WCR1976-001331", "properties": { "WCRNmbr": "WCR1976-001331", "LAT": 38.6706, "LONG": -121.885, "BlwThreshl":"Above" ,"Head":71.366}, "geometry": { "type": "Point", "coordinates": [ -121.885, 38.6706 ] } },
{ "type": "Feature", "id": "WCR1980-004075", "properties": { "WCRNmbr": "WCR1980-004075", "LAT": 38.6706, "LONG": -121.885, "BlwThreshl":"Above" ,"Head":71.366}, "geometry": { "type": "Point", "coordinates": [ -121.885, 38.6706 ] } },
{ "type": "Feature", "id": "WCR1987-008904", "properties": { "WCRNmbr": "WCR1987-008904", "LAT": 38.6706, "LONG": -121.886, "BlwThreshl":"Above" ,"Head":80.0101}, "geometry": { "type": "Point", "coordinates": [ -121.886, 38.6706 ] } },
{ "type": "Feature", "id": "WCR1990-010274", "properties": { "WCRNmbr": "WCR1990-010274", "LAT": 38.6706, "LONG": -121.885, "BlwThreshl":"Above" ,"Head":71.366}, "geometry": { "type": "Point", "coordinates": [ -121.885, 38.6706 ] } },
{ "type": "Feature", "id": "WCR2000-006364", "properties": { "WCRNmbr": "WCR2000-006364", "LAT": 38.6706, "LONG": -121.885, "BlwThreshl":"Above" ,"Head":71.366}, "geometry": { "type": "Point", "coordinates": [ -121.885, 38.6706 ] } },
{ "type": "Feature", "id": "WCR2002-001145", "properties": { "WCRNmbr": "WCR2002-001145", "LAT": 38.6706, "LONG": -121.885, "BlwThreshl":"Above" ,"Head":71.366}, "geometry": { "type": "Point", "coordinates": [ -121.885, 38.6706 ] } },
{ "type": "Feature", "id": "WCR2002-001147", "properties": { "WCRNmbr": "WCR2002-001147", "LAT": 38.6706, "LONG": -121.885, "BlwThreshl":"Above" ,"Head":71.366}, "geometry": { "type": "Point", "coordinates": [ -121.885, 38.6706 ] } },
{ "type": "Feature", "id": "WCR2002-001182", "properties": { "WCRNmbr": "WCR2002-001182", "LAT": 38.6706, "LONG": -121.885, "BlwThreshl":"Above" ,"Head":71.366}, "geometry": { "type": "Point", "coordinates": [ -121.885, 38.6706 ] } },
{ "type": "Feature", "id": "WCR2002-006656", "properties": { "WCRNmbr": "WCR2002-006656", "LAT": 38.6706, "LONG": -121.885, "BlwThreshl":"Above" ,"Head":71.366}, "geometry": { "type": "Point", "coordinates": [ -121.885, 38.6706 ] } },
{ "type": "Feature", "id": "WCR2002-008373", "properties": { "WCRNmbr": "WCR2002-008373", "LAT": 38.6706, "LONG": -121.885, "BlwThreshl":"Above" ,"Head":71.366}, "geometry": { "type": "Point", "coordinates": [ -121.885, 38.6706 ] } },
{ "type": "Feature", "id": "WCR2002-008621", "properties": { "WCRNmbr": "WCR2002-008621", "LAT": 38.6706, "LONG": -121.885, "BlwThreshl":"Above" ,"Head":71.366}, "geometry": { "type": "Point", "coordinates": [ -121.885, 38.6706 ] } },
{ "type": "Feature", "id": "WCR2004-004237", "properties": { "WCRNmbr": "WCR2004-004237", "LAT": 38.6706, "LONG": -121.885, "BlwThreshl":"Above" ,"Head":71.366}, "geometry": { "type": "Point", "coordinates": [ -121.885, 38.6706 ] } },
{ "type": "Feature", "id": "WCR2004-005631", "properties": { "WCRNmbr": "WCR2004-005631", "LAT": 38.6706, "LONG": -121.885, "BlwThreshl":"Above" ,"Head":71.366}, "geometry": { "type": "Point", "coordinates": [ -121.885, 38.6706 ] } },
{ "type": "Feature", "id": "WCR2011-003906", "properties": { "WCRNmbr": "WCR2011-003906", "LAT": 38.6644, "LONG": -121.885, "BlwThreshl":"Above" ,"Head":69.9922}, "geometry": { "type": "Point", "coordinates": [ -121.885, 38.6644 ] } },
{ "type": "Feature", "id": "WCR2015-004442", "properties": { "WCRNmbr": "WCR2015-004442", "LAT": 38.6664, "LONG": -121.874, "BlwThreshl":"Above" ,"Head":61.4258}, "geometry": { "type": "Point", "coordinates": [ -121.874, 38.6664 ] } },
{ "type": "Feature", "id": "WCR2023-010451", "properties": { "WCRNmbr": "WCR2023-010451", "LAT": 38.6635, "LONG": -121.874, "BlwThreshl":"Above" ,"Head":61.4258}, "geometry": { "type": "Point", "coordinates": [ -121.874, 38.6635 ] } },
{ "type": "Feature", "id": "WCR0080795", "properties": { "WCRNmbr": "WCR0080795", "LAT": 38.6706, "LONG": -121.867, "BlwThreshl":"Above" ,"Head":63.798}, "geometry": { "type": "Point", "coordinates": [ -121.867, 38.6706 ] } },
{ "type": "Feature", "id": "WCR0092083", "properties": { "WCRNmbr": "WCR0092083", "LAT": 38.6706, "LONG": -121.867, "BlwThreshl":"Above" ,"Head":63.798}, "geometry": { "type": "Point", "coordinates": [ -121.867, 38.6706 ] } },
{ "type": "Feature", "id": "WCR0195192", "properties": { "WCRNmbr": "WCR0195192", "LAT": 38.6706, "LONG": -121.867, "BlwThreshl":"Above" ,"Head":63.798}, "geometry": { "type": "Point", "coordinates": [ -121.867, 38.6706 ] } },
{ "type": "Feature", "id": "WCR0303116", "properties": { "WCRNmbr": "WCR0303116", "LAT": 38.6706, "LONG": -121.867, "BlwThreshl":"Above" ,"Head":63.798}, "geometry": { "type": "Point", "coordinates": [ -121.867, 38.6706 ] } },
{ "type": "Feature", "id": "WCR0314644", "properties": { "WCRNmbr": "WCR0314644", "LAT": 38.6706, "LONG": -121.867, "BlwThreshl":"Above" ,"Head":63.798}, "geometry": { "type": "Point", "coordinates": [ -121.867, 38.6706 ] } },
{ "type": "Feature", "id": "WCR0323870", "properties": { "WCRNmbr": "WCR0323870", "LAT": 38.6706, "LONG": -121.867, "BlwThreshl":"Above" ,"Head":63.798}, "geometry": { "type": "Point", "coordinates": [ -121.867, 38.6706 ] } },
{ "type": "Feature", "id": "WCR1970-000223", "properties": { "WCRNmbr": "WCR1970-000223", "LAT": 38.6706, "LONG": -121.867, "BlwThreshl":"Above" ,"Head":63.798}, "geometry": { "type": "Point", "coordinates": [ -121.867, 38.6706 ] } },
{ "type": "Feature", "id": "WCR1970-000319", "properties": { "WCRNmbr": "WCR1970-000319", "LAT": 38.6706, "LONG": -121.867, "BlwThreshl":"Above" ,"Head":63.798}, "geometry": { "type": "Point", "coordinates": [ -121.867, 38.6706 ] } },
{ "type": "Feature", "id": "WCR1971-000399", "properties": { "WCRNmbr": "WCR1971-000399", "LAT": 38.6706, "LONG": -121.867, "BlwThreshl":"Above" ,"Head":63.798}, "geometry": { "type": "Point", "coordinates": [ -121.867, 38.6706 ] } },
{ "type": "Feature", "id": "WCR1972-000380", "properties": { "WCRNmbr": "WCR1972-000380", "LAT": 38.6706, "LONG": -121.867, "BlwThreshl":"Above" ,"Head":63.798}, "geometry": { "type": "Point", "coordinates": [ -121.867, 38.6706 ] } },
{ "type": "Feature", "id": "WCR1972-000382", "properties": { "WCRNmbr": "WCR1972-000382", "LAT": 38.6706, "LONG": -121.867, "BlwThreshl":"Above" ,"Head":63.798}, "geometry": { "type": "Point", "coordinates": [ -121.867, 38.6706 ] } },
{ "type": "Feature", "id": "WCR1972-000388", "properties": { "WCRNmbr": "WCR1972-000388", "LAT": 38.6706, "LONG": -121.867, "BlwThreshl":"Above" ,"Head":63.798}, "geometry": { "type": "Point", "coordinates": [ -121.867, 38.6706 ] } },
{ "type": "Feature", "id": "WCR1972-000583", "properties": { "WCRNmbr": "WCR1972-000583", "LAT": 38.6706, "LONG": -121.867, "BlwThreshl":"Above" ,"Head":63.798}, "geometry": { "type": "Point", "coordinates": [ -121.867, 38.6706 ] } },
{ "type": "Feature", "id": "WCR1972-000592", "properties": { "WCRNmbr": "WCR1972-000592", "LAT": 38.6706, "LONG": -121.867, "BlwThreshl":"Above" ,"Head":63.798}, "geometry": { "type": "Point", "coordinates": [ -121.867, 38.6706 ] } },
{ "type": "Feature", "id": "WCR1974-000638", "properties": { "WCRNmbr": "WCR1974-000638", "LAT": 38.6706, "LONG": -121.867, "BlwThreshl":"Above" ,"Head":63.798}, "geometry": { "type": "Point", "coordinates": [ -121.867, 38.6706 ] } },
{ "type": "Feature", "id": "WCR1975-000600", "properties": { "WCRNmbr": "WCR1975-000600", "LAT": 38.6706, "LONG": -121.867, "BlwThreshl":"Above" ,"Head":63.798}, "geometry": { "type": "Point", "coordinates": [ -121.867, 38.6706 ] } },
{ "type": "Feature", "id": "WCR1975-000682", "properties": { "WCRNmbr": "WCR1975-000682", "LAT": 38.6706, "LONG": -121.867, "BlwThreshl":"Above" ,"Head":63.798}, "geometry": { "type": "Point", "coordinates": [ -121.867, 38.6706 ] } },
{ "type": "Feature", "id": "WCR1976-000239", "properties": { "WCRNmbr": "WCR1976-000239", "LAT": 38.6705, "LONG": -121.849, "BlwThreshl":"Above" ,"Head":50.6459}, "geometry": { "type": "Point", "coordinates": [ -121.849, 38.6705 ] } },
{ "type": "Feature", "id": "WCR1976-000253", "properties": { "WCRNmbr": "WCR1976-000253", "LAT": 38.6706, "LONG": -121.867, "BlwThreshl":"Above" ,"Head":63.798}, "geometry": { "type": "Point", "coordinates": [ -121.867, 38.6706 ] } },
{ "type": "Feature", "id": "WCR1976-001081", "properties": { "WCRNmbr": "WCR1976-001081", "LAT": 38.6706, "LONG": -121.867, "BlwThreshl":"Above" ,"Head":63.798}, "geometry": { "type": "Point", "coordinates": [ -121.867, 38.6706 ] } },
{ "type": "Feature", "id": "WCR1977-000088", "properties": { "WCRNmbr": "WCR1977-000088", "LAT": 38.6706, "LONG": -121.867, "BlwThreshl":"Above" ,"Head":63.798}, "geometry": { "type": "Point", "coordinates": [ -121.867, 38.6706 ] } },
{ "type": "Feature", "id": "WCR1977-000270", "properties": { "WCRNmbr": "WCR1977-000270", "LAT": 38.6706, "LONG": -121.867, "BlwThreshl":"Above" ,"Head":63.798}, "geometry": { "type": "Point", "coordinates": [ -121.867, 38.6706 ] } },
{ "type": "Feature", "id": "WCR1977-001382", "properties": { "WCRNmbr": "WCR1977-001382", "LAT": 38.6706, "LONG": -121.867, "BlwThreshl":"Above" ,"Head":63.798}, "geometry": { "type": "Point", "coordinates": [ -121.867, 38.6706 ] } },
{ "type": "Feature", "id": "WCR1977-001824", "properties": { "WCRNmbr": "WCR1977-001824", "LAT": 38.6705, "LONG": -121.849, "BlwThreshl":"Above" ,"Head":50.6459}, "geometry": { "type": "Point", "coordinates": [ -121.849, 38.6705 ] } },
{ "type": "Feature", "id": "WCR1977-001843", "properties": { "WCRNmbr": "WCR1977-001843", "LAT": 38.6706, "LONG": -121.867, "BlwThreshl":"Above" ,"Head":63.798}, "geometry": { "type": "Point", "coordinates": [ -121.867, 38.6706 ] } },
{ "type": "Feature", "id": "WCR1977-002031", "properties": { "WCRNmbr": "WCR1977-002031", "LAT": 38.6706, "LONG": -121.867, "BlwThreshl":"Above" ,"Head":63.798}, "geometry": { "type": "Point", "coordinates": [ -121.867, 38.6706 ] } },
{ "type": "Feature", "id": "WCR1977-002043", "properties": { "WCRNmbr": "WCR1977-002043", "LAT": 38.6706, "LONG": -121.867, "BlwThreshl":"Above" ,"Head":63.798}, "geometry": { "type": "Point", "coordinates": [ -121.867, 38.6706 ] } },
{ "type": "Feature", "id": "WCR1977-002137", "properties": { "WCRNmbr": "WCR1977-002137", "LAT": 38.6706, "LONG": -121.867, "BlwThreshl":"Above" ,"Head":63.798}, "geometry": { "type": "Point", "coordinates": [ -121.867, 38.6706 ] } },
{ "type": "Feature", "id": "WCR1978-000731", "properties": { "WCRNmbr": "WCR1978-000731", "LAT": 38.6706, "LONG": -121.867, "BlwThreshl":"Above" ,"Head":63.798}, "geometry": { "type": "Point", "coordinates": [ -121.867, 38.6706 ] } },
{ "type": "Feature", "id": "WCR1978-000902", "properties": { "WCRNmbr": "WCR1978-000902", "LAT": 38.6706, "LONG": -121.867, "BlwThreshl":"Above" ,"Head":63.798}, "geometry": { "type": "Point", "coordinates": [ -121.867, 38.6706 ] } },
{ "type": "Feature", "id": "WCR1978-001187", "properties": { "WCRNmbr": "WCR1978-001187", "LAT": 38.6705, "LONG": -121.849, "BlwThreshl":"Above" ,"Head":50.6459}, "geometry": { "type": "Point", "coordinates": [ -121.849, 38.6705 ] } },
{ "type": "Feature", "id": "WCR1978-001738", "properties": { "WCRNmbr": "WCR1978-001738", "LAT": 38.6706, "LONG": -121.867, "BlwThreshl":"Above" ,"Head":63.798}, "geometry": { "type": "Point", "coordinates": [ -121.867, 38.6706 ] } },
{ "type": "Feature", "id": "WCR1978-001817", "properties": { "WCRNmbr": "WCR1978-001817", "LAT": 38.6706, "LONG": -121.867, "BlwThreshl":"Above" ,"Head":63.798}, "geometry": { "type": "Point", "coordinates": [ -121.867, 38.6706 ] } },
{ "type": "Feature", "id": "WCR1979-000939", "properties": { "WCRNmbr": "WCR1979-000939", "LAT": 38.6706, "LONG": -121.867, "BlwThreshl":"Above" ,"Head":63.798}, "geometry": { "type": "Point", "coordinates": [ -121.867, 38.6706 ] } },
{ "type": "Feature", "id": "WCR1979-001210", "properties": { "WCRNmbr": "WCR1979-001210", "LAT": 38.6706, "LONG": -121.867, "BlwThreshl":"Above" ,"Head":63.798}, "geometry": { "type": "Point", "coordinates": [ -121.867, 38.6706 ] } },
{ "type": "Feature", "id": "WCR1980-002419", "properties": { "WCRNmbr": "WCR1980-002419", "LAT": 38.6706, "LONG": -121.867, "BlwThreshl":"Above" ,"Head":63.798}, "geometry": { "type": "Point", "coordinates": [ -121.867, 38.6706 ] } },
{ "type": "Feature", "id": "WCR1980-004094", "properties": { "WCRNmbr": "WCR1980-004094", "LAT": 38.6706, "LONG": -121.867, "BlwThreshl":"Above" ,"Head":63.798}, "geometry": { "type": "Point", "coordinates": [ -121.867, 38.6706 ] } },
{ "type": "Feature", "id": "WCR1981-003053", "properties": { "WCRNmbr": "WCR1981-003053", "LAT": 38.6706, "LONG": -121.867, "BlwThreshl":"Above" ,"Head":63.798}, "geometry": { "type": "Point", "coordinates": [ -121.867, 38.6706 ] } },
{ "type": "Feature", "id": "WCR1982-001435", "properties": { "WCRNmbr": "WCR1982-001435", "LAT": 38.6706, "LONG": -121.867, "BlwThreshl":"Above" ,"Head":63.798}, "geometry": { "type": "Point", "coordinates": [ -121.867, 38.6706 ] } },
{ "type": "Feature", "id": "WCR1983-003687", "properties": { "WCRNmbr": "WCR1983-003687", "LAT": 38.6706, "LONG": -121.867, "BlwThreshl":"Above" ,"Head":63.798}, "geometry": { "type": "Point", "coordinates": [ -121.867, 38.6706 ] } },
{ "type": "Feature", "id": "WCR1983-003688", "properties": { "WCRNmbr": "WCR1983-003688", "LAT": 38.6706, "LONG": -121.867, "BlwThreshl":"Above" ,"Head":63.798}, "geometry": { "type": "Point", "coordinates": [ -121.867, 38.6706 ] } },
{ "type": "Feature", "id": "WCR1984-000764", "properties": { "WCRNmbr": "WCR1984-000764", "LAT": 38.6706, "LONG": -121.867, "BlwThreshl":"Above" ,"Head":63.798}, "geometry": { "type": "Point", "coordinates": [ -121.867, 38.6706 ] } },
{ "type": "Feature", "id": "WCR1985-000452", "properties": { "WCRNmbr": "WCR1985-000452", "LAT": 38.6706, "LONG": -121.867, "BlwThreshl":"Above" ,"Head":63.798}, "geometry": { "type": "Point", "coordinates": [ -121.867, 38.6706 ] } },
{ "type": "Feature", "id": "WCR1985-006461", "properties": { "WCRNmbr": "WCR1985-006461", "LAT": 38.6706, "LONG": -121.867, "BlwThreshl":"Above" ,"Head":63.798}, "geometry": { "type": "Point", "coordinates": [ -121.867, 38.6706 ] } },
{ "type": "Feature", "id": "WCR1986-000711", "properties": { "WCRNmbr": "WCR1986-000711", "LAT": 38.6706, "LONG": -121.867, "BlwThreshl":"Above" ,"Head":63.798}, "geometry": { "type": "Point", "coordinates": [ -121.867, 38.6706 ] } },
{ "type": "Feature", "id": "WCR1986-005849", "properties": { "WCRNmbr": "WCR1986-005849", "LAT": 38.6706, "LONG": -121.867, "BlwThreshl":"Above" ,"Head":63.798}, "geometry": { "type": "Point", "coordinates": [ -121.867, 38.6706 ] } },
{ "type": "Feature", "id": "WCR1987-004074", "properties": { "WCRNmbr": "WCR1987-004074", "LAT": 38.6706, "LONG": -121.867, "BlwThreshl":"Above" ,"Head":63.798}, "geometry": { "type": "Point", "coordinates": [ -121.867, 38.6706 ] } },
{ "type": "Feature", "id": "WCR1988-008183", "properties": { "WCRNmbr": "WCR1988-008183", "LAT": 38.6706, "LONG": -121.867, "BlwThreshl":"Above" ,"Head":63.798}, "geometry": { "type": "Point", "coordinates": [ -121.867, 38.6706 ] } },
{ "type": "Feature", "id": "WCR1988-011228", "properties": { "WCRNmbr": "WCR1988-011228", "LAT": 38.6706, "LONG": -121.867, "BlwThreshl":"Above" ,"Head":63.798}, "geometry": { "type": "Point", "coordinates": [ -121.867, 38.6706 ] } },
{ "type": "Feature", "id": "WCR1988-011230", "properties": { "WCRNmbr": "WCR1988-011230", "LAT": 38.6706, "LONG": -121.867, "BlwThreshl":"Above" ,"Head":63.798}, "geometry": { "type": "Point", "coordinates": [ -121.867, 38.6706 ] } },
{ "type": "Feature", "id": "WCR1990-006913", "properties": { "WCRNmbr": "WCR1990-006913", "LAT": 38.6706, "LONG": -121.867, "BlwThreshl":"Above" ,"Head":63.798}, "geometry": { "type": "Point", "coordinates": [ -121.867, 38.6706 ] } },
{ "type": "Feature", "id": "WCR1991-002600", "properties": { "WCRNmbr": "WCR1991-002600", "LAT": 38.6706, "LONG": -121.867, "BlwThreshl":"Above" ,"Head":63.798}, "geometry": { "type": "Point", "coordinates": [ -121.867, 38.6706 ] } },
{ "type": "Feature", "id": "WCR1991-004168", "properties": { "WCRNmbr": "WCR1991-004168", "LAT": 38.6705, "LONG": -121.849, "BlwThreshl":"Above" ,"Head":50.6459}, "geometry": { "type": "Point", "coordinates": [ -121.849, 38.6705 ] } },
{ "type": "Feature", "id": "WCR1992-004599", "properties": { "WCRNmbr": "WCR1992-004599", "LAT": 38.6706, "LONG": -121.867, "BlwThreshl":"Above" ,"Head":63.798}, "geometry": { "type": "Point", "coordinates": [ -121.867, 38.6706 ] } },
{ "type": "Feature", "id": "WCR1994-003977", "properties": { "WCRNmbr": "WCR1994-003977", "LAT": 38.6706, "LONG": -121.867, "BlwThreshl":"Above" ,"Head":63.798}, "geometry": { "type": "Point", "coordinates": [ -121.867, 38.6706 ] } },
{ "type": "Feature", "id": "WCR1996-003151", "properties": { "WCRNmbr": "WCR1996-003151", "LAT": 38.6706, "LONG": -121.867, "BlwThreshl":"Above" ,"Head":63.798}, "geometry": { "type": "Point", "coordinates": [ -121.867, 38.6706 ] } },
{ "type": "Feature", "id": "WCR1996-003425", "properties": { "WCRNmbr": "WCR1996-003425", "LAT": 38.6706, "LONG": -121.867, "BlwThreshl":"Above" ,"Head":63.798}, "geometry": { "type": "Point", "coordinates": [ -121.867, 38.6706 ] } },
{ "type": "Feature", "id": "WCR1997-001915", "properties": { "WCRNmbr": "WCR1997-001915", "LAT": 38.6705, "LONG": -121.849, "BlwThreshl":"Above" ,"Head":50.6459}, "geometry": { "type": "Point", "coordinates": [ -121.849, 38.6705 ] } },
{ "type": "Feature", "id": "WCR1998-000892", "properties": { "WCRNmbr": "WCR1998-000892", "LAT": 38.6697, "LONG": -121.871, "BlwThreshl":"Above" ,"Head":63.798}, "geometry": { "type": "Point", "coordinates": [ -121.871, 38.6697 ] } },
{ "type": "Feature", "id": "WCR1998-001040", "properties": { "WCRNmbr": "WCR1998-001040", "LAT": 38.6753, "LONG": -121.868, "BlwThreshl":"Above" ,"Head":63.798}, "geometry": { "type": "Point", "coordinates": [ -121.868, 38.6753 ] } },
{ "type": "Feature", "id": "WCR1998-005247", "properties": { "WCRNmbr": "WCR1998-005247", "LAT": 38.6706, "LONG": -121.867, "BlwThreshl":"Above" ,"Head":63.798}, "geometry": { "type": "Point", "coordinates": [ -121.867, 38.6706 ] } },
{ "type": "Feature", "id": "WCR1999-005854", "properties": { "WCRNmbr": "WCR1999-005854", "LAT": 38.6705, "LONG": -121.849, "BlwThreshl":"Above" ,"Head":50.6459}, "geometry": { "type": "Point", "coordinates": [ -121.849, 38.6705 ] } },
{ "type": "Feature", "id": "WCR2001-006456", "properties": { "WCRNmbr": "WCR2001-006456", "LAT": 38.6761, "LONG": -121.861, "BlwThreshl":"Above" ,"Head":60.0903}, "geometry": { "type": "Point", "coordinates": [ -121.861, 38.6761 ] } },
{ "type": "Feature", "id": "WCR2001-006826", "properties": { "WCRNmbr": "WCR2001-006826", "LAT": 38.6764, "LONG": -121.861, "BlwThreshl":"Above" ,"Head":60.0903}, "geometry": { "type": "Point", "coordinates": [ -121.861, 38.6764 ] } },
{ "type": "Feature", "id": "WCR2002-008426", "properties": { "WCRNmbr": "WCR2002-008426", "LAT": 38.6706, "LONG": -121.867, "BlwThreshl":"Above" ,"Head":63.798}, "geometry": { "type": "Point", "coordinates": [ -121.867, 38.6706 ] } },
{ "type": "Feature", "id": "WCR2002-008674", "properties": { "WCRNmbr": "WCR2002-008674", "LAT": 38.6706, "LONG": -121.867, "BlwThreshl":"Above" ,"Head":63.798}, "geometry": { "type": "Point", "coordinates": [ -121.867, 38.6706 ] } },
{ "type": "Feature", "id": "WCR2003-001258", "properties": { "WCRNmbr": "WCR2003-001258", "LAT": 38.6706, "LONG": -121.867, "BlwThreshl":"Above" ,"Head":63.798}, "geometry": { "type": "Point", "coordinates": [ -121.867, 38.6706 ] } },
{ "type": "Feature", "id": "WCR2004-005444", "properties": { "WCRNmbr": "WCR2004-005444", "LAT": 38.6706, "LONG": -121.867, "BlwThreshl":"Above" ,"Head":63.798}, "geometry": { "type": "Point", "coordinates": [ -121.867, 38.6706 ] } },
{ "type": "Feature", "id": "WCR2005-003704", "properties": { "WCRNmbr": "WCR2005-003704", "LAT": 38.6706, "LONG": -121.867, "BlwThreshl":"Above" ,"Head":63.798}, "geometry": { "type": "Point", "coordinates": [ -121.867, 38.6706 ] } },
{ "type": "Feature", "id": "WCR2005-003852", "properties": { "WCRNmbr": "WCR2005-003852", "LAT": 38.6706, "LONG": -121.867, "BlwThreshl":"Above" ,"Head":63.798}, "geometry": { "type": "Point", "coordinates": [ -121.867, 38.6706 ] } },
{ "type": "Feature", "id": "WCR2009-000993", "properties": { "WCRNmbr": "WCR2009-000993", "LAT": 38.6706, "LONG": -121.867, "BlwThreshl":"Above" ,"Head":63.798}, "geometry": { "type": "Point", "coordinates": [ -121.867, 38.6706 ] } },
{ "type": "Feature", "id": "WCR2009-005700", "properties": { "WCRNmbr": "WCR2009-005700", "LAT": 38.6706, "LONG": -121.867, "BlwThreshl":"Above" ,"Head":63.798}, "geometry": { "type": "Point", "coordinates": [ -121.867, 38.6706 ] } },
{ "type": "Feature", "id": "WCR2014-002179", "properties": { "WCRNmbr": "WCR2014-002179", "LAT": 38.6736, "LONG": -121.859, "BlwThreshl":"Above" ,"Head":57.1165}, "geometry": { "type": "Point", "coordinates": [ -121.859, 38.6736 ] } },
{ "type": "Feature", "id": "WCR2015-004441", "properties": { "WCRNmbr": "WCR2015-004441", "LAT": 38.6656, "LONG": -121.87, "BlwThreshl":"Above" ,"Head":61.4258}, "geometry": { "type": "Point", "coordinates": [ -121.87, 38.6656 ] } },
{ "type": "Feature", "id": "WCR2015-004461", "properties": { "WCRNmbr": "WCR2015-004461", "LAT": 38.6697, "LONG": -121.858, "BlwThreshl":"Above" ,"Head":57.1165}, "geometry": { "type": "Point", "coordinates": [ -121.858, 38.6697 ] } },
{ "type": "Feature", "id": "WCR2015-011870", "properties": { "WCRNmbr": "WCR2015-011870", "LAT": 38.666, "LONG": -121.867, "BlwThreshl":"Above" ,"Head":61.4258}, "geometry": { "type": "Point", "coordinates": [ -121.867, 38.666 ] } },
{ "type": "Feature", "id": "WCR2016-008931", "properties": { "WCRNmbr": "WCR2016-008931", "LAT": 38.6653, "LONG": -121.866, "BlwThreshl":"Above" ,"Head":55.0374}, "geometry": { "type": "Point", "coordinates": [ -121.866, 38.6653 ] } },
{ "type": "Feature", "id": "WCR2016-012026", "properties": { "WCRNmbr": "WCR2016-012026", "LAT": 38.6706, "LONG": -121.867, "BlwThreshl":"Above" ,"Head":63.798}, "geometry": { "type": "Point", "coordinates": [ -121.867, 38.6706 ] } },
{ "type": "Feature", "id": "WCR2016-013397", "properties": { "WCRNmbr": "WCR2016-013397", "LAT": 38.6636, "LONG": -121.858, "BlwThreshl":"Above" ,"Head":55.0374}, "geometry": { "type": "Point", "coordinates": [ -121.858, 38.6636 ] } },
{ "type": "Feature", "id": "WCR2017-008187", "properties": { "WCRNmbr": "WCR2017-008187", "LAT": 38.66, "LONG": -121.871, "BlwThreshl":"Above" ,"Head":58.3632}, "geometry": { "type": "Point", "coordinates": [ -121.871, 38.66 ] } },
{ "type": "Feature", "id": "WCR2021-013373", "properties": { "WCRNmbr": "WCR2021-013373", "LAT": 38.6735, "LONG": -121.861, "BlwThreshl":"Above" ,"Head":57.1165}, "geometry": { "type": "Point", "coordinates": [ -121.861, 38.6735 ] } },
{ "type": "Feature", "id": "WCR2022-008464", "properties": { "WCRNmbr": "WCR2022-008464", "LAT": 38.6758, "LONG": -121.866, "BlwThreshl":"Above" ,"Head":60.0903}, "geometry": { "type": "Point", "coordinates": [ -121.866, 38.6758 ] } },
{ "type": "Feature", "id": "WCR2022-012472", "properties": { "WCRNmbr": "WCR2022-012472", "LAT": 38.6638, "LONG": -121.864, "BlwThreshl":"Above" ,"Head":55.0374}, "geometry": { "type": "Point", "coordinates": [ -121.864, 38.6638 ] } },
{ "type": "Feature", "id": "WCR2022-012507", "properties": { "WCRNmbr": "WCR2022-012507", "LAT": 38.66, "LONG": -121.865, "BlwThreshl":"Above" ,"Head":53.0161}, "geometry": { "type": "Point", "coordinates": [ -121.865, 38.66 ] } },
{ "type": "Feature", "id": "WCR2022-013422", "properties": { "WCRNmbr": "WCR2022-013422", "LAT": 38.6652, "LONG": -121.866, "BlwThreshl":"Above" ,"Head":55.0374}, "geometry": { "type": "Point", "coordinates": [ -121.866, 38.6652 ] } },
{ "type": "Feature", "id": "WCR2023-004432", "properties": { "WCRNmbr": "WCR2023-004432", "LAT": 38.6707, "LONG": -121.859, "BlwThreshl":"Above" ,"Head":57.1165}, "geometry": { "type": "Point", "coordinates": [ -121.859, 38.6707 ] } },
{ "type": "Feature", "id": "WCR2023-004994", "properties": { "WCRNmbr": "WCR2023-004994", "LAT": 38.6759, "LONG": -121.869, "BlwThreshl":"Above" ,"Head":65.8478}, "geometry": { "type": "Point", "coordinates": [ -121.869, 38.6759 ] } },
{ "type": "Feature", "id": "WCR2023-005132", "properties": { "WCRNmbr": "WCR2023-005132", "LAT": 38.6644, "LONG": -121.861, "BlwThreshl":"Above" ,"Head":55.0374}, "geometry": { "type": "Point", "coordinates": [ -121.861, 38.6644 ] } },
{ "type": "Feature", "id": "WCR2023-005454", "properties": { "WCRNmbr": "WCR2023-005454", "LAT": 38.6611, "LONG": -121.869, "BlwThreshl":"Above" ,"Head":61.4258}, "geometry": { "type": "Point", "coordinates": [ -121.869, 38.6611 ] } },
{ "type": "Feature", "id": "WCR2023-005581", "properties": { "WCRNmbr": "WCR2023-005581", "LAT": 38.662, "LONG": -121.869, "BlwThreshl":"Above" ,"Head":61.4258}, "geometry": { "type": "Point", "coordinates": [ -121.869, 38.662 ] } },
{ "type": "Feature", "id": "WCR2023-008209", "properties": { "WCRNmbr": "WCR2023-008209", "LAT": 38.6683, "LONG": -121.859, "BlwThreshl":"Above" ,"Head":57.1165}, "geometry": { "type": "Point", "coordinates": [ -121.859, 38.6683 ] } },
{ "type": "Feature", "id": "WCR2023-008855", "properties": { "WCRNmbr": "WCR2023-008855", "LAT": 38.6587, "LONG": -121.863, "BlwThreshl":"Above" ,"Head":53.0161}, "geometry": { "type": "Point", "coordinates": [ -121.863, 38.6587 ] } },
{ "type": "Feature", "id": "WCR2023-009546", "properties": { "WCRNmbr": "WCR2023-009546", "LAT": 38.6717, "LONG": -121.859, "BlwThreshl":"Above" ,"Head":57.1165}, "geometry": { "type": "Point", "coordinates": [ -121.859, 38.6717 ] } },
{ "type": "Feature", "id": "WCR2023-009724", "properties": { "WCRNmbr": "WCR2023-009724", "LAT": 38.6629, "LONG": -121.865, "BlwThreshl":"Above" ,"Head":55.0374}, "geometry": { "type": "Point", "coordinates": [ -121.865, 38.6629 ] } },
{ "type": "Feature", "id": "WCR2024-000474", "properties": { "WCRNmbr": "WCR2024-000474", "LAT": 38.6737, "LONG": -121.868, "BlwThreshl":"Above" ,"Head":63.798}, "geometry": { "type": "Point", "coordinates": [ -121.868, 38.6737 ] } },
{ "type": "Feature", "id": "WCR2024-000476", "properties": { "WCRNmbr": "WCR2024-000476", "LAT": 38.676, "LONG": -121.867, "BlwThreshl":"Above" ,"Head":65.8478}, "geometry": { "type": "Point", "coordinates": [ -121.867, 38.676 ] } },
{ "type": "Feature", "id": "WCR2024-003404", "properties": { "WCRNmbr": "WCR2024-003404", "LAT": 38.6734, "LONG": -121.861, "BlwThreshl":"Above" ,"Head":57.1165}, "geometry": { "type": "Point", "coordinates": [ -121.861, 38.6734 ] } },
{ "type": "Feature", "id": "WCR1970-000314", "properties": { "WCRNmbr": "WCR1970-000314", "LAT": 38.6704, "LONG": -121.831, "BlwThreshl":"Above" ,"Head":42.3807}, "geometry": { "type": "Point", "coordinates": [ -121.831, 38.6704 ] } },
{ "type": "Feature", "id": "WCR1971-000370", "properties": { "WCRNmbr": "WCR1971-000370", "LAT": 38.6704, "LONG": -121.831, "BlwThreshl":"Above" ,"Head":42.3807}, "geometry": { "type": "Point", "coordinates": [ -121.831, 38.6704 ] } },
{ "type": "Feature", "id": "WCR1972-000040", "properties": { "WCRNmbr": "WCR1972-000040", "LAT": 38.6704, "LONG": -121.831, "BlwThreshl":"Above" ,"Head":42.3807}, "geometry": { "type": "Point", "coordinates": [ -121.831, 38.6704 ] } },
{ "type": "Feature", "id": "WCR1972-000087", "properties": { "WCRNmbr": "WCR1972-000087", "LAT": 38.6704, "LONG": -121.831, "BlwThreshl":"Above" ,"Head":42.3807}, "geometry": { "type": "Point", "coordinates": [ -121.831, 38.6704 ] } },
{ "type": "Feature", "id": "WCR1976-000240", "properties": { "WCRNmbr": "WCR1976-000240", "LAT": 38.6704, "LONG": -121.831, "BlwThreshl":"Above" ,"Head":42.3807}, "geometry": { "type": "Point", "coordinates": [ -121.831, 38.6704 ] } },
{ "type": "Feature", "id": "WCR1976-000251", "properties": { "WCRNmbr": "WCR1976-000251", "LAT": 38.6704, "LONG": -121.831, "BlwThreshl":"Above" ,"Head":42.3807}, "geometry": { "type": "Point", "coordinates": [ -121.831, 38.6704 ] } },
{ "type": "Feature", "id": "WCR1976-000462", "properties": { "WCRNmbr": "WCR1976-000462", "LAT": 38.6704, "LONG": -121.831, "BlwThreshl":"Above" ,"Head":42.3807}, "geometry": { "type": "Point", "coordinates": [ -121.831, 38.6704 ] } },
{ "type": "Feature", "id": "WCR1977-000081", "properties": { "WCRNmbr": "WCR1977-000081", "LAT": 38.6704, "LONG": -121.831, "BlwThreshl":"Above" ,"Head":42.3807}, "geometry": { "type": "Point", "coordinates": [ -121.831, 38.6704 ] } },
{ "type": "Feature", "id": "WCR1977-000358", "properties": { "WCRNmbr": "WCR1977-000358", "LAT": 38.6704, "LONG": -121.831, "BlwThreshl":"Above" ,"Head":42.3807}, "geometry": { "type": "Point", "coordinates": [ -121.831, 38.6704 ] } },
{ "type": "Feature", "id": "WCR1977-000407", "properties": { "WCRNmbr": "WCR1977-000407", "LAT": 38.6704, "LONG": -121.831, "BlwThreshl":"Above" ,"Head":42.3807}, "geometry": { "type": "Point", "coordinates": [ -121.831, 38.6704 ] } },
{ "type": "Feature", "id": "WCR1977-001049", "properties": { "WCRNmbr": "WCR1977-001049", "LAT": 38.6704, "LONG": -121.831, "BlwThreshl":"Above" ,"Head":42.3807}, "geometry": { "type": "Point", "coordinates": [ -121.831, 38.6704 ] } },
{ "type": "Feature", "id": "WCR1977-001342", "properties": { "WCRNmbr": "WCR1977-001342", "LAT": 38.6704, "LONG": -121.831, "BlwThreshl":"Above" ,"Head":42.3807}, "geometry": { "type": "Point", "coordinates": [ -121.831, 38.6704 ] } },
{ "type": "Feature", "id": "WCR1977-001827", "properties": { "WCRNmbr": "WCR1977-001827", "LAT": 38.6704, "LONG": -121.831, "BlwThreshl":"Above" ,"Head":42.3807}, "geometry": { "type": "Point", "coordinates": [ -121.831, 38.6704 ] } },
{ "type": "Feature", "id": "WCR1989-004946", "properties": { "WCRNmbr": "WCR1989-004946", "LAT": 38.6704, "LONG": -121.831, "BlwThreshl":"Above" ,"Head":42.3807}, "geometry": { "type": "Point", "coordinates": [ -121.831, 38.6704 ] } },
{ "type": "Feature", "id": "WCR1994-000951", "properties": { "WCRNmbr": "WCR1994-000951", "LAT": 38.6704, "LONG": -121.831, "BlwThreshl":"Above" ,"Head":42.3807}, "geometry": { "type": "Point", "coordinates": [ -121.831, 38.6704 ] } },
{ "type": "Feature", "id": "WCR1998-001255", "properties": { "WCRNmbr": "WCR1998-001255", "LAT": 38.6704, "LONG": -121.831, "BlwThreshl":"Above" ,"Head":42.3807}, "geometry": { "type": "Point", "coordinates": [ -121.831, 38.6704 ] } },
{ "type": "Feature", "id": "WCR2000-002154", "properties": { "WCRNmbr": "WCR2000-002154", "LAT": 38.6704, "LONG": -121.831, "BlwThreshl":"Above" ,"Head":42.3807}, "geometry": { "type": "Point", "coordinates": [ -121.831, 38.6704 ] } },
{ "type": "Feature", "id": "WCR2005-004016", "properties": { "WCRNmbr": "WCR2005-004016", "LAT": 38.6704, "LONG": -121.831, "BlwThreshl":"Above" ,"Head":42.3807}, "geometry": { "type": "Point", "coordinates": [ -121.831, 38.6704 ] } },
{ "type": "Feature", "id": "WCR2010-000606", "properties": { "WCRNmbr": "WCR2010-000606", "LAT": 38.6704, "LONG": -121.831, "BlwThreshl":"Above" ,"Head":42.3807}, "geometry": { "type": "Point", "coordinates": [ -121.831, 38.6704 ] } },
{ "type": "Feature", "id": "WCR1972-000067", "properties": { "WCRNmbr": "WCR1972-000067", "LAT": 38.6703, "LONG": -121.812, "BlwThreshl":"Above" ,"Head":36.9855}, "geometry": { "type": "Point", "coordinates": [ -121.812, 38.6703 ] } },
{ "type": "Feature", "id": "WCR1977-000765", "properties": { "WCRNmbr": "WCR1977-000765", "LAT": 38.6703, "LONG": -121.812, "BlwThreshl":"Above" ,"Head":36.9855}, "geometry": { "type": "Point", "coordinates": [ -121.812, 38.6703 ] } },
{ "type": "Feature", "id": "WCR1977-001034", "properties": { "WCRNmbr": "WCR1977-001034", "LAT": 38.6703, "LONG": -121.812, "BlwThreshl":"Above" ,"Head":36.9855}, "geometry": { "type": "Point", "coordinates": [ -121.812, 38.6703 ] } },
{ "type": "Feature", "id": "WCR1977-001035", "properties": { "WCRNmbr": "WCR1977-001035", "LAT": 38.6703, "LONG": -121.812, "BlwThreshl":"Above" ,"Head":36.9855}, "geometry": { "type": "Point", "coordinates": [ -121.812, 38.6703 ] } },
{ "type": "Feature", "id": "WCR1990-005256", "properties": { "WCRNmbr": "WCR1990-005256", "LAT": 38.6703, "LONG": -121.812, "BlwThreshl":"Above" ,"Head":36.9855}, "geometry": { "type": "Point", "coordinates": [ -121.812, 38.6703 ] } },
{ "type": "Feature", "id": "WCR1991-002599", "properties": { "WCRNmbr": "WCR1991-002599", "LAT": 38.6703, "LONG": -121.812, "BlwThreshl":"Above" ,"Head":36.9855}, "geometry": { "type": "Point", "coordinates": [ -121.812, 38.6703 ] } },
{ "type": "Feature", "id": "WCR1991-009586", "properties": { "WCRNmbr": "WCR1991-009586", "LAT": 38.6703, "LONG": -121.812, "BlwThreshl":"Above" ,"Head":36.9855}, "geometry": { "type": "Point", "coordinates": [ -121.812, 38.6703 ] } },
{ "type": "Feature", "id": "WCR1991-011001", "properties": { "WCRNmbr": "WCR1991-011001", "LAT": 38.6703, "LONG": -121.812, "BlwThreshl":"Above" ,"Head":36.9855}, "geometry": { "type": "Point", "coordinates": [ -121.812, 38.6703 ] } },
{ "type": "Feature", "id": "WCR1992-003187", "properties": { "WCRNmbr": "WCR1992-003187", "LAT": 38.6703, "LONG": -121.812, "BlwThreshl":"Above" ,"Head":36.9855}, "geometry": { "type": "Point", "coordinates": [ -121.812, 38.6703 ] } },
{ "type": "Feature", "id": "WCR1996-005419", "properties": { "WCRNmbr": "WCR1996-005419", "LAT": 38.6703, "LONG": -121.812, "BlwThreshl":"Above" ,"Head":36.9855}, "geometry": { "type": "Point", "coordinates": [ -121.812, 38.6703 ] } },
{ "type": "Feature", "id": "WCR2003-001228", "properties": { "WCRNmbr": "WCR2003-001228", "LAT": 38.6703, "LONG": -121.812, "BlwThreshl":"Above" ,"Head":38.0702}, "geometry": { "type": "Point", "coordinates": [ -121.812, 38.6703 ] } },
{ "type": "Feature", "id": "WCR2006-001334", "properties": { "WCRNmbr": "WCR2006-001334", "LAT": 38.6703, "LONG": -121.812, "BlwThreshl":"Above" ,"Head":36.9855}, "geometry": { "type": "Point", "coordinates": [ -121.812, 38.6703 ] } },
{ "type": "Feature", "id": "WCR2007-005983", "properties": { "WCRNmbr": "WCR2007-005983", "LAT": 38.6703, "LONG": -121.812, "BlwThreshl":"Above" ,"Head":36.9855}, "geometry": { "type": "Point", "coordinates": [ -121.812, 38.6703 ] } },
{ "type": "Feature", "id": "WCR2013-003866", "properties": { "WCRNmbr": "WCR2013-003866", "LAT": 38.6769, "LONG": -121.819, "BlwThreshl":"Above" ,"Head":38.2526}, "geometry": { "type": "Point", "coordinates": [ -121.819, 38.6769 ] } },
{ "type": "Feature", "id": "WCR2016-014003", "properties": { "WCRNmbr": "WCR2016-014003", "LAT": 38.6671, "LONG": -121.821, "BlwThreshl":"Above" ,"Head":39.5387}, "geometry": { "type": "Point", "coordinates": [ -121.821, 38.6671 ] } },
{ "type": "Feature", "id": "WCR2017-008714", "properties": { "WCRNmbr": "WCR2017-008714", "LAT": 38.6703, "LONG": -121.812, "BlwThreshl":"Above" ,"Head":36.9855}, "geometry": { "type": "Point", "coordinates": [ -121.812, 38.6703 ] } },
{ "type": "Feature", "id": "WCR2021-002878", "properties": { "WCRNmbr": "WCR2021-002878", "LAT": 38.6629, "LONG": -121.803, "BlwThreshl":"Above" ,"Head":35.2898}, "geometry": { "type": "Point", "coordinates": [ -121.803, 38.6629 ] } },
{ "type": "Feature", "id": "WCR2024-008565", "properties": { "WCRNmbr": "WCR2024-008565", "LAT": 38.6762, "LONG": -121.821, "BlwThreshl":"Above" ,"Head":39.806}, "geometry": { "type": "Point", "coordinates": [ -121.821, 38.6762 ] } },
{ "type": "Feature", "id": "WCR1978-001629", "properties": { "WCRNmbr": "WCR1978-001629", "LAT": 38.6735, "LONG": -121.652, "BlwThreshl":"Above" ,"Head":8.84956}, "geometry": { "type": "Point", "coordinates": [ -121.652, 38.6735 ] } },
{ "type": "Feature", "id": "WCR1990-005271", "properties": { "WCRNmbr": "WCR1990-005271", "LAT": 38.6866, "LONG": -122.091, "BlwThreshl":"Above" ,"Head":351.203}, "geometry": { "type": "Point", "coordinates": [ -122.091, 38.6866 ] } },
{ "type": "Feature", "id": "WCR2001-003905", "properties": { "WCRNmbr": "WCR2001-003905", "LAT": 38.6866, "LONG": -122.091, "BlwThreshl":"NoData" ,"Head":null}, "geometry": { "type": "Point", "coordinates": [ -122.091, 38.6866 ] } },
{ "type": "Feature", "id": "WCR2004-004640", "properties": { "WCRNmbr": "WCR2004-004640", "LAT": 38.6866, "LONG": -122.091, "BlwThreshl":"Above" ,"Head":351.203}, "geometry": { "type": "Point", "coordinates": [ -122.091, 38.6866 ] } },
{ "type": "Feature", "id": "WCR2020-004418", "properties": { "WCRNmbr": "WCR2020-004418", "LAT": 38.6856, "LONG": -122.086, "BlwThreshl":"Above" ,"Head":280.654}, "geometry": { "type": "Point", "coordinates": [ -122.086, 38.6856 ] } },
{ "type": "Feature", "id": "WCR1973-000334", "properties": { "WCRNmbr": "WCR1973-000334", "LAT": 38.6865, "LONG": -122.073, "BlwThreshl":"Above" ,"Head":304.58}, "geometry": { "type": "Point", "coordinates": [ -122.073, 38.6865 ] } },
{ "type": "Feature", "id": "WCR1979-001479", "properties": { "WCRNmbr": "WCR1979-001479", "LAT": 38.6865, "LONG": -122.073, "BlwThreshl":"Above" ,"Head":248.775}, "geometry": { "type": "Point", "coordinates": [ -122.073, 38.6865 ] } },
{ "type": "Feature", "id": "WCR1998-003620", "properties": { "WCRNmbr": "WCR1998-003620", "LAT": 38.6865, "LONG": -122.073, "BlwThreshl":"Above" ,"Head":304.58}, "geometry": { "type": "Point", "coordinates": [ -122.073, 38.6865 ] } },
{ "type": "Feature", "id": "WCR2002-006616", "properties": { "WCRNmbr": "WCR2002-006616", "LAT": 38.6858, "LONG": -122.076, "BlwThreshl":"Above" ,"Head":304.58}, "geometry": { "type": "Point", "coordinates": [ -122.076, 38.6858 ] } },
{ "type": "Feature", "id": "WCR2005-003844", "properties": { "WCRNmbr": "WCR2005-003844", "LAT": 38.6865, "LONG": -122.073, "BlwThreshl":"Above" ,"Head":248.775}, "geometry": { "type": "Point", "coordinates": [ -122.073, 38.6865 ] } },
{ "type": "Feature", "id": "WCR2008-001522", "properties": { "WCRNmbr": "WCR2008-001522", "LAT": 38.6865, "LONG": -122.073, "BlwThreshl":"Above" ,"Head":248.775}, "geometry": { "type": "Point", "coordinates": [ -122.073, 38.6865 ] } },
{ "type": "Feature", "id": "WCR2020-015531", "properties": { "WCRNmbr": "WCR2020-015531", "LAT": 38.6841, "LONG": -122.079, "BlwThreshl":"NoData" ,"Head":null}, "geometry": { "type": "Point", "coordinates": [ -122.079, 38.6841 ] } },
{ "type": "Feature", "id": "WCR1973-000339", "properties": { "WCRNmbr": "WCR1973-000339", "LAT": 38.6863, "LONG": -122.054, "BlwThreshl":"Above" ,"Head":203.007}, "geometry": { "type": "Point", "coordinates": [ -122.054, 38.6863 ] } },
{ "type": "Feature", "id": "WCR1977-001315", "properties": { "WCRNmbr": "WCR1977-001315", "LAT": 38.6863, "LONG": -122.054, "BlwThreshl":"Above" ,"Head":203.007}, "geometry": { "type": "Point", "coordinates": [ -122.054, 38.6863 ] } },
{ "type": "Feature", "id": "WCR1992-001958", "properties": { "WCRNmbr": "WCR1992-001958", "LAT": 38.6863, "LONG": -122.054, "BlwThreshl":"Above" ,"Head":203.007}, "geometry": { "type": "Point", "coordinates": [ -122.054, 38.6863 ] } },
{ "type": "Feature", "id": "WCR1999-001679", "properties": { "WCRNmbr": "WCR1999-001679", "LAT": 38.6863, "LONG": -122.054, "BlwThreshl":"Above" ,"Head":203.007}, "geometry": { "type": "Point", "coordinates": [ -122.054, 38.6863 ] } },
{ "type": "Feature", "id": "WCR0001042", "properties": { "WCRNmbr": "WCR0001042", "LAT": 38.6862, "LONG": -122.036, "BlwThreshl":"Above" ,"Head":156.267}, "geometry": { "type": "Point", "coordinates": [ -122.036, 38.6862 ] } },
{ "type": "Feature", "id": "WCR0152188", "properties": { "WCRNmbr": "WCR0152188", "LAT": 38.686, "LONG": -122.018, "BlwThreshl":"Above" ,"Head":152.206}, "geometry": { "type": "Point", "coordinates": [ -122.018, 38.686 ] } },
{ "type": "Feature", "id": "WCR1970-000322", "properties": { "WCRNmbr": "WCR1970-000322", "LAT": 38.6862, "LONG": -122.036, "BlwThreshl":"Above" ,"Head":159.842}, "geometry": { "type": "Point", "coordinates": [ -122.036, 38.6862 ] } },
{ "type": "Feature", "id": "WCR1971-000499", "properties": { "WCRNmbr": "WCR1971-000499", "LAT": 38.6862, "LONG": -122.036, "BlwThreshl":"Above" ,"Head":156.267}, "geometry": { "type": "Point", "coordinates": [ -122.036, 38.6862 ] } },
{ "type": "Feature", "id": "WCR1973-000520", "properties": { "WCRNmbr": "WCR1973-000520", "LAT": 38.686, "LONG": -122.018, "BlwThreshl":"Above" ,"Head":152.206}, "geometry": { "type": "Point", "coordinates": [ -122.018, 38.686 ] } },
{ "type": "Feature", "id": "WCR1975-000603", "properties": { "WCRNmbr": "WCR1975-000603", "LAT": 38.6862, "LONG": -122.036, "BlwThreshl":"Above" ,"Head":156.267}, "geometry": { "type": "Point", "coordinates": [ -122.036, 38.6862 ] } },
{ "type": "Feature", "id": "WCR1978-001354", "properties": { "WCRNmbr": "WCR1978-001354", "LAT": 38.6861, "LONG": -122.036, "BlwThreshl":"Above" ,"Head":156.267}, "geometry": { "type": "Point", "coordinates": [ -122.036, 38.6861 ] } },
{ "type": "Feature", "id": "WCR1979-002132", "properties": { "WCRNmbr": "WCR1979-002132", "LAT": 38.686, "LONG": -122.018, "BlwThreshl":"Above" ,"Head":152.206}, "geometry": { "type": "Point", "coordinates": [ -122.018, 38.686 ] } },
{ "type": "Feature", "id": "WCR1982-003307", "properties": { "WCRNmbr": "WCR1982-003307", "LAT": 38.6862, "LONG": -122.036, "BlwThreshl":"Above" ,"Head":156.267}, "geometry": { "type": "Point", "coordinates": [ -122.036, 38.6862 ] } },
{ "type": "Feature", "id": "WCR1985-006889", "properties": { "WCRNmbr": "WCR1985-006889", "LAT": 38.686, "LONG": -122.018, "BlwThreshl":"Above" ,"Head":152.206}, "geometry": { "type": "Point", "coordinates": [ -122.018, 38.686 ] } },
{ "type": "Feature", "id": "WCR1989-003247", "properties": { "WCRNmbr": "WCR1989-003247", "LAT": 38.6862, "LONG": -122.036, "BlwThreshl":"Above" ,"Head":159.842}, "geometry": { "type": "Point", "coordinates": [ -122.036, 38.6862 ] } },
{ "type": "Feature", "id": "WCR1990-005288", "properties": { "WCRNmbr": "WCR1990-005288", "LAT": 38.6862, "LONG": -122.036, "BlwThreshl":"Above" ,"Head":156.267}, "geometry": { "type": "Point", "coordinates": [ -122.036, 38.6862 ] } },
{ "type": "Feature", "id": "WCR1990-010268", "properties": { "WCRNmbr": "WCR1990-010268", "LAT": 38.6862, "LONG": -122.036, "BlwThreshl":"Above" ,"Head":156.267}, "geometry": { "type": "Point", "coordinates": [ -122.036, 38.6862 ] } },
{ "type": "Feature", "id": "WCR1991-002052", "properties": { "WCRNmbr": "WCR1991-002052", "LAT": 38.6862, "LONG": -122.036, "BlwThreshl":"Above" ,"Head":156.267}, "geometry": { "type": "Point", "coordinates": [ -122.036, 38.6862 ] } },
{ "type": "Feature", "id": "WCR1991-010697", "properties": { "WCRNmbr": "WCR1991-010697", "LAT": 38.6862, "LONG": -122.036, "BlwThreshl":"Above" ,"Head":156.267}, "geometry": { "type": "Point", "coordinates": [ -122.036, 38.6862 ] } },
{ "type": "Feature", "id": "WCR1991-010716", "properties": { "WCRNmbr": "WCR1991-010716", "LAT": 38.6862, "LONG": -122.036, "BlwThreshl":"Above" ,"Head":156.267}, "geometry": { "type": "Point", "coordinates": [ -122.036, 38.6862 ] } },
{ "type": "Feature", "id": "WCR2001-006504", "properties": { "WCRNmbr": "WCR2001-006504", "LAT": 38.6862, "LONG": -122.036, "BlwThreshl":"Above" ,"Head":156.267}, "geometry": { "type": "Point", "coordinates": [ -122.036, 38.6862 ] } },
{ "type": "Feature", "id": "WCR2003-001232", "properties": { "WCRNmbr": "WCR2003-001232", "LAT": 38.6786, "LONG": -122.03, "BlwThreshl":"Above" ,"Head":159.459}, "geometry": { "type": "Point", "coordinates": [ -122.03, 38.6786 ] } },
{ "type": "Feature", "id": "WCR2003-001277", "properties": { "WCRNmbr": "WCR2003-001277", "LAT": 38.6862, "LONG": -122.036, "BlwThreshl":"Above" ,"Head":156.267}, "geometry": { "type": "Point", "coordinates": [ -122.036, 38.6862 ] } },
{ "type": "Feature", "id": "WCR2003-001279", "properties": { "WCRNmbr": "WCR2003-001279", "LAT": 38.6862, "LONG": -122.036, "BlwThreshl":"Above" ,"Head":156.267}, "geometry": { "type": "Point", "coordinates": [ -122.036, 38.6862 ] } },
{ "type": "Feature", "id": "WCR2007-001709", "properties": { "WCRNmbr": "WCR2007-001709", "LAT": 38.6789, "LONG": -122.036, "BlwThreshl":"Above" ,"Head":161.824}, "geometry": { "type": "Point", "coordinates": [ -122.036, 38.6789 ] } },
{ "type": "Feature", "id": "WCR2009-000785", "properties": { "WCRNmbr": "WCR2009-000785", "LAT": 38.686, "LONG": -122.018, "BlwThreshl":"Above" ,"Head":152.206}, "geometry": { "type": "Point", "coordinates": [ -122.018, 38.686 ] } },
{ "type": "Feature", "id": "WCR2012-003588", "properties": { "WCRNmbr": "WCR2012-003588", "LAT": 38.6847, "LONG": -122.014, "BlwThreshl":"Above" ,"Head":143.864}, "geometry": { "type": "Point", "coordinates": [ -122.014, 38.6847 ] } },
{ "type": "Feature", "id": "WCR2019-005486", "properties": { "WCRNmbr": "WCR2019-005486", "LAT": 38.6886, "LONG": -122.016, "BlwThreshl":"Below" ,"Head":153.977}, "geometry": { "type": "Point", "coordinates": [ -122.016, 38.6886 ] } },
{ "type": "Feature", "id": "WCR2022-012670", "properties": { "WCRNmbr": "WCR2022-012670", "LAT": 38.6885, "LONG": -122.017, "BlwThreshl":"Above" ,"Head":152.206}, "geometry": { "type": "Point", "coordinates": [ -122.017, 38.6885 ] } },
{ "type": "Feature", "id": "WCR2023-009067", "properties": { "WCRNmbr": "WCR2023-009067", "LAT": 38.6883, "LONG": -122.014, "BlwThreshl":"Above" ,"Head":143.864}, "geometry": { "type": "Point", "coordinates": [ -122.014, 38.6883 ] } },
{ "type": "Feature", "id": "WCR2024-002692", "properties": { "WCRNmbr": "WCR2024-002692", "LAT": 38.688, "LONG": -122.014, "BlwThreshl":"Above" ,"Head":151.911}, "geometry": { "type": "Point", "coordinates": [ -122.014, 38.688 ] } },
{ "type": "Feature", "id": "WCR1974-000640", "properties": { "WCRNmbr": "WCR1974-000640", "LAT": 38.6857, "LONG": -121.999, "BlwThreshl":"Above" ,"Head":138.638}, "geometry": { "type": "Point", "coordinates": [ -121.999, 38.6857 ] } },
{ "type": "Feature", "id": "WCR1987-001701", "properties": { "WCRNmbr": "WCR1987-001701", "LAT": 38.6857, "LONG": -121.999, "BlwThreshl":"Above" ,"Head":138.638}, "geometry": { "type": "Point", "coordinates": [ -121.999, 38.6857 ] } },
{ "type": "Feature", "id": "WCR1987-001764", "properties": { "WCRNmbr": "WCR1987-001764", "LAT": 38.6857, "LONG": -121.999, "BlwThreshl":"Above" ,"Head":138.638}, "geometry": { "type": "Point", "coordinates": [ -121.999, 38.6857 ] } },
{ "type": "Feature", "id": "WCR2004-004612", "properties": { "WCRNmbr": "WCR2004-004612", "LAT": 38.6857, "LONG": -121.999, "BlwThreshl":"Above" ,"Head":138.638}, "geometry": { "type": "Point", "coordinates": [ -121.999, 38.6857 ] } },
{ "type": "Feature", "id": "WCR1977-002141", "properties": { "WCRNmbr": "WCR1977-002141", "LAT": 38.6855, "LONG": -121.961, "BlwThreshl":"Above" ,"Head":123.915}, "geometry": { "type": "Point", "coordinates": [ -121.961, 38.6855 ] } },
{ "type": "Feature", "id": "WCR1978-001332", "properties": { "WCRNmbr": "WCR1978-001332", "LAT": 38.6853, "LONG": -121.943, "BlwThreshl":"Above" ,"Head":115.774}, "geometry": { "type": "Point", "coordinates": [ -121.943, 38.6853 ] } },
{ "type": "Feature", "id": "WCR2000-001204", "properties": { "WCRNmbr": "WCR2000-001204", "LAT": 38.6852, "LONG": -121.924, "BlwThreshl":"Above" ,"Head":107.782}, "geometry": { "type": "Point", "coordinates": [ -121.924, 38.6852 ] } },
{ "type": "Feature", "id": "WCR1984-004877", "properties": { "WCRNmbr": "WCR1984-004877", "LAT": 38.685, "LONG": -121.886, "BlwThreshl":"Above" ,"Head":88.3814}, "geometry": { "type": "Point", "coordinates": [ -121.886, 38.685 ] } },
{ "type": "Feature", "id": "WCR2023-006139", "properties": { "WCRNmbr": "WCR2023-006139", "LAT": 38.6955, "LONG": -121.886, "BlwThreshl":"Above" ,"Head":88.2384}, "geometry": { "type": "Point", "coordinates": [ -121.886, 38.6955 ] } },
{ "type": "Feature", "id": "WCR2023-008190", "properties": { "WCRNmbr": "WCR2023-008190", "LAT": 38.693, "LONG": -121.875, "BlwThreshl":"Above" ,"Head":71.5388}, "geometry": { "type": "Point", "coordinates": [ -121.875, 38.693 ] } },
{ "type": "Feature", "id": "WCR0303141", "properties": { "WCRNmbr": "WCR0303141", "LAT": 38.6849, "LONG": -121.849, "BlwThreshl":"Above" ,"Head":58.1494}, "geometry": { "type": "Point", "coordinates": [ -121.849, 38.6849 ] } },
{ "type": "Feature", "id": "WCR1971-000624", "properties": { "WCRNmbr": "WCR1971-000624", "LAT": 38.685, "LONG": -121.867, "BlwThreshl":"Above" ,"Head":68.7331}, "geometry": { "type": "Point", "coordinates": [ -121.867, 38.685 ] } },
{ "type": "Feature", "id": "WCR1972-000384", "properties": { "WCRNmbr": "WCR1972-000384", "LAT": 38.6849, "LONG": -121.849, "BlwThreshl":"Above" ,"Head":58.1494}, "geometry": { "type": "Point", "coordinates": [ -121.849, 38.6849 ] } },
{ "type": "Feature", "id": "WCR1976-000260", "properties": { "WCRNmbr": "WCR1976-000260", "LAT": 38.6849, "LONG": -121.849, "BlwThreshl":"Above" ,"Head":58.1494}, "geometry": { "type": "Point", "coordinates": [ -121.849, 38.6849 ] } },
{ "type": "Feature", "id": "WCR1976-000980", "properties": { "WCRNmbr": "WCR1976-000980", "LAT": 38.6849, "LONG": -121.849, "BlwThreshl":"Above" ,"Head":58.1494}, "geometry": { "type": "Point", "coordinates": [ -121.849, 38.6849 ] } },
{ "type": "Feature", "id": "WCR1985-006980", "properties": { "WCRNmbr": "WCR1985-006980", "LAT": 38.6849, "LONG": -121.849, "BlwThreshl":"Above" ,"Head":58.1494}, "geometry": { "type": "Point", "coordinates": [ -121.849, 38.6849 ] } },
{ "type": "Feature", "id": "WCR2000-002944", "properties": { "WCRNmbr": "WCR2000-002944", "LAT": 38.685, "LONG": -121.867, "BlwThreshl":"Above" ,"Head":68.7331}, "geometry": { "type": "Point", "coordinates": [ -121.867, 38.685 ] } },
{ "type": "Feature", "id": "WCR2001-006440", "properties": { "WCRNmbr": "WCR2001-006440", "LAT": 38.6778, "LONG": -121.859, "BlwThreshl":"Above" ,"Head":60.0903}, "geometry": { "type": "Point", "coordinates": [ -121.859, 38.6778 ] } },
{ "type": "Feature", "id": "WCR2023-002608", "properties": { "WCRNmbr": "WCR2023-002608", "LAT": 38.6772, "LONG": -121.86, "BlwThreshl":"Above" ,"Head":60.0903}, "geometry": { "type": "Point", "coordinates": [ -121.86, 38.6772 ] } },
{ "type": "Feature", "id": "WCR0028097", "properties": { "WCRNmbr": "WCR0028097", "LAT": 38.6849, "LONG": -121.83, "BlwThreshl":"Above" ,"Head":41.2518}, "geometry": { "type": "Point", "coordinates": [ -121.83, 38.6849 ] } },
{ "type": "Feature", "id": "WCR0167429", "properties": { "WCRNmbr": "WCR0167429", "LAT": 38.6849, "LONG": -121.83, "BlwThreshl":"Above" ,"Head":41.0987}, "geometry": { "type": "Point", "coordinates": [ -121.83, 38.6849 ] } },
{ "type": "Feature", "id": "WCR0195224", "properties": { "WCRNmbr": "WCR0195224", "LAT": 38.6849, "LONG": -121.83, "BlwThreshl":"Above" ,"Head":41.2518}, "geometry": { "type": "Point", "coordinates": [ -121.83, 38.6849 ] } },
{ "type": "Feature", "id": "WCR1971-000629", "properties": { "WCRNmbr": "WCR1971-000629", "LAT": 38.6849, "LONG": -121.83, "BlwThreshl":"Above" ,"Head":41.2518}, "geometry": { "type": "Point", "coordinates": [ -121.83, 38.6849 ] } },
{ "type": "Feature", "id": "WCR1973-000330", "properties": { "WCRNmbr": "WCR1973-000330", "LAT": 38.6849, "LONG": -121.83, "BlwThreshl":"Above" ,"Head":41.2518}, "geometry": { "type": "Point", "coordinates": [ -121.83, 38.6849 ] } },
{ "type": "Feature", "id": "WCR1973-000449", "properties": { "WCRNmbr": "WCR1973-000449", "LAT": 38.6849, "LONG": -121.83, "BlwThreshl":"Above" ,"Head":41.2518}, "geometry": { "type": "Point", "coordinates": [ -121.83, 38.6849 ] } },
{ "type": "Feature", "id": "WCR1976-000237", "properties": { "WCRNmbr": "WCR1976-000237", "LAT": 38.6849, "LONG": -121.83, "BlwThreshl":"Above" ,"Head":41.2518}, "geometry": { "type": "Point", "coordinates": [ -121.83, 38.6849 ] } },
{ "type": "Feature", "id": "WCR1976-000238", "properties": { "WCRNmbr": "WCR1976-000238", "LAT": 38.6849, "LONG": -121.83, "BlwThreshl":"Above" ,"Head":41.2518}, "geometry": { "type": "Point", "coordinates": [ -121.83, 38.6849 ] } },
{ "type": "Feature", "id": "WCR1977-000275", "properties": { "WCRNmbr": "WCR1977-000275", "LAT": 38.6849, "LONG": -121.83, "BlwThreshl":"Above" ,"Head":41.0987}, "geometry": { "type": "Point", "coordinates": [ -121.83, 38.6849 ] } },
{ "type": "Feature", "id": "WCR1977-000369", "properties": { "WCRNmbr": "WCR1977-000369", "LAT": 38.6849, "LONG": -121.83, "BlwThreshl":"Above" ,"Head":41.0987}, "geometry": { "type": "Point", "coordinates": [ -121.83, 38.6849 ] } },
{ "type": "Feature", "id": "WCR1977-000372", "properties": { "WCRNmbr": "WCR1977-000372", "LAT": 38.6849, "LONG": -121.83, "BlwThreshl":"Above" ,"Head":41.0987}, "geometry": { "type": "Point", "coordinates": [ -121.83, 38.6849 ] } },
{ "type": "Feature", "id": "WCR1977-001055", "properties": { "WCRNmbr": "WCR1977-001055", "LAT": 38.6849, "LONG": -121.83, "BlwThreshl":"Above" ,"Head":41.0987}, "geometry": { "type": "Point", "coordinates": [ -121.83, 38.6849 ] } },
{ "type": "Feature", "id": "WCR1977-001814", "properties": { "WCRNmbr": "WCR1977-001814", "LAT": 38.6849, "LONG": -121.83, "BlwThreshl":"Above" ,"Head":41.0987}, "geometry": { "type": "Point", "coordinates": [ -121.83, 38.6849 ] } },
{ "type": "Feature", "id": "WCR1977-001820", "properties": { "WCRNmbr": "WCR1977-001820", "LAT": 38.6849, "LONG": -121.83, "BlwThreshl":"Above" ,"Head":41.0987}, "geometry": { "type": "Point", "coordinates": [ -121.83, 38.6849 ] } },
{ "type": "Feature", "id": "WCR1977-001837", "properties": { "WCRNmbr": "WCR1977-001837", "LAT": 38.6849, "LONG": -121.83, "BlwThreshl":"Above" ,"Head":41.0987}, "geometry": { "type": "Point", "coordinates": [ -121.83, 38.6849 ] } },
{ "type": "Feature", "id": "WCR1977-002054", "properties": { "WCRNmbr": "WCR1977-002054", "LAT": 38.6849, "LONG": -121.83, "BlwThreshl":"Above" ,"Head":41.0987}, "geometry": { "type": "Point", "coordinates": [ -121.83, 38.6849 ] } },
{ "type": "Feature", "id": "WCR1977-002063", "properties": { "WCRNmbr": "WCR1977-002063", "LAT": 38.6849, "LONG": -121.83, "BlwThreshl":"Above" ,"Head":41.0987}, "geometry": { "type": "Point", "coordinates": [ -121.83, 38.6849 ] } },
{ "type": "Feature", "id": "WCR1978-001780", "properties": { "WCRNmbr": "WCR1978-001780", "LAT": 38.6849, "LONG": -121.83, "BlwThreshl":"Above" ,"Head":41.0987}, "geometry": { "type": "Point", "coordinates": [ -121.83, 38.6849 ] } },
{ "type": "Feature", "id": "WCR1980-002420", "properties": { "WCRNmbr": "WCR1980-002420", "LAT": 38.6849, "LONG": -121.83, "BlwThreshl":"Above" ,"Head":41.2518}, "geometry": { "type": "Point", "coordinates": [ -121.83, 38.6849 ] } },
{ "type": "Feature", "id": "WCR1985-006981", "properties": { "WCRNmbr": "WCR1985-006981", "LAT": 38.6849, "LONG": -121.83, "BlwThreshl":"Above" ,"Head":41.0987}, "geometry": { "type": "Point", "coordinates": [ -121.83, 38.6849 ] } },
{ "type": "Feature", "id": "WCR1985-006982", "properties": { "WCRNmbr": "WCR1985-006982", "LAT": 38.6849, "LONG": -121.83, "BlwThreshl":"Above" ,"Head":41.2518}, "geometry": { "type": "Point", "coordinates": [ -121.83, 38.6849 ] } },
{ "type": "Feature", "id": "WCR1996-001559", "properties": { "WCRNmbr": "WCR1996-001559", "LAT": 38.6849, "LONG": -121.83, "BlwThreshl":"Above" ,"Head":41.2518}, "geometry": { "type": "Point", "coordinates": [ -121.83, 38.6849 ] } },
{ "type": "Feature", "id": "WCR2001-001810", "properties": { "WCRNmbr": "WCR2001-001810", "LAT": 38.6849, "LONG": -121.83, "BlwThreshl":"Above" ,"Head":41.2518}, "geometry": { "type": "Point", "coordinates": [ -121.83, 38.6849 ] } },
{ "type": "Feature", "id": "WCR2002-008423", "properties": { "WCRNmbr": "WCR2002-008423", "LAT": 38.6849, "LONG": -121.83, "BlwThreshl":"Above" ,"Head":41.2518}, "geometry": { "type": "Point", "coordinates": [ -121.83, 38.6849 ] } },
{ "type": "Feature", "id": "WCR2015-006088", "properties": { "WCRNmbr": "WCR2015-006088", "LAT": 38.6872, "LONG": -121.84, "BlwThreshl":"Above" ,"Head":49.5689}, "geometry": { "type": "Point", "coordinates": [ -121.84, 38.6872 ] } },
{ "type": "Feature", "id": "WCR2023-011300", "properties": { "WCRNmbr": "WCR2023-011300", "LAT": 38.6835, "LONG": -121.84, "BlwThreshl":"Below" ,"Head":50.2942}, "geometry": { "type": "Point", "coordinates": [ -121.84, 38.6835 ] } },
{ "type": "Feature", "id": "WCR2023-012815", "properties": { "WCRNmbr": "WCR2023-012815", "LAT": 38.6835, "LONG": -121.84, "BlwThreshl":"Above" ,"Head":49.5689}, "geometry": { "type": "Point", "coordinates": [ -121.84, 38.6835 ] } },
{ "type": "Feature", "id": "WCR0131568", "properties": { "WCRNmbr": "WCR0131568", "LAT": 38.6848, "LONG": -121.812, "BlwThreshl":"Above" ,"Head":37.5497}, "geometry": { "type": "Point", "coordinates": [ -121.812, 38.6848 ] } },
{ "type": "Feature", "id": "WCR0178220", "properties": { "WCRNmbr": "WCR0178220", "LAT": 38.6848, "LONG": -121.812, "BlwThreshl":"Above" ,"Head":37.4708}, "geometry": { "type": "Point", "coordinates": [ -121.812, 38.6848 ] } },
{ "type": "Feature", "id": "WCR0209630", "properties": { "WCRNmbr": "WCR0209630", "LAT": 38.6848, "LONG": -121.812, "BlwThreshl":"Above" ,"Head":37.4708}, "geometry": { "type": "Point", "coordinates": [ -121.812, 38.6848 ] } },
{ "type": "Feature", "id": "WCR0265877", "properties": { "WCRNmbr": "WCR0265877", "LAT": 38.6848, "LONG": -121.812, "BlwThreshl":"Above" ,"Head":37.4708}, "geometry": { "type": "Point", "coordinates": [ -121.812, 38.6848 ] } },
{ "type": "Feature", "id": "WCR1971-000404", "properties": { "WCRNmbr": "WCR1971-000404", "LAT": 38.6848, "LONG": -121.812, "BlwThreshl":"Above" ,"Head":37.5497}, "geometry": { "type": "Point", "coordinates": [ -121.812, 38.6848 ] } },
{ "type": "Feature", "id": "WCR1972-000713", "properties": { "WCRNmbr": "WCR1972-000713", "LAT": 38.6848, "LONG": -121.812, "BlwThreshl":"Above" ,"Head":37.4708}, "geometry": { "type": "Point", "coordinates": [ -121.812, 38.6848 ] } },
{ "type": "Feature", "id": "WCR1974-000239", "properties": { "WCRNmbr": "WCR1974-000239", "LAT": 38.6848, "LONG": -121.812, "BlwThreshl":"Above" ,"Head":37.5497}, "geometry": { "type": "Point", "coordinates": [ -121.812, 38.6848 ] } },
{ "type": "Feature", "id": "WCR1976-000256", "properties": { "WCRNmbr": "WCR1976-000256", "LAT": 38.6848, "LONG": -121.812, "BlwThreshl":"Above" ,"Head":37.5497}, "geometry": { "type": "Point", "coordinates": [ -121.812, 38.6848 ] } },
{ "type": "Feature", "id": "WCR1976-000962", "properties": { "WCRNmbr": "WCR1976-000962", "LAT": 38.6848, "LONG": -121.812, "BlwThreshl":"Above" ,"Head":37.4708}, "geometry": { "type": "Point", "coordinates": [ -121.812, 38.6848 ] } },
{ "type": "Feature", "id": "WCR1977-002029", "properties": { "WCRNmbr": "WCR1977-002029", "LAT": 38.6848, "LONG": -121.812, "BlwThreshl":"Above" ,"Head":37.4708}, "geometry": { "type": "Point", "coordinates": [ -121.812, 38.6848 ] } },
{ "type": "Feature", "id": "WCR1977-002215", "properties": { "WCRNmbr": "WCR1977-002215", "LAT": 38.6848, "LONG": -121.812, "BlwThreshl":"Above" ,"Head":37.4708}, "geometry": { "type": "Point", "coordinates": [ -121.812, 38.6848 ] } },
{ "type": "Feature", "id": "WCR1978-001724", "properties": { "WCRNmbr": "WCR1978-001724", "LAT": 38.6848, "LONG": -121.812, "BlwThreshl":"Above" ,"Head":37.5497}, "geometry": { "type": "Point", "coordinates": [ -121.812, 38.6848 ] } },
{ "type": "Feature", "id": "WCR1978-001732", "properties": { "WCRNmbr": "WCR1978-001732", "LAT": 38.6848, "LONG": -121.812, "BlwThreshl":"Above" ,"Head":37.4708}, "geometry": { "type": "Point", "coordinates": [ -121.812, 38.6848 ] } },
{ "type": "Feature", "id": "WCR1978-001771", "properties": { "WCRNmbr": "WCR1978-001771", "LAT": 38.6848, "LONG": -121.812, "BlwThreshl":"Above" ,"Head":37.5497}, "geometry": { "type": "Point", "coordinates": [ -121.812, 38.6848 ] } },
{ "type": "Feature", "id": "WCR1978-001779", "properties": { "WCRNmbr": "WCR1978-001779", "LAT": 38.6848, "LONG": -121.812, "BlwThreshl":"Above" ,"Head":37.5497}, "geometry": { "type": "Point", "coordinates": [ -121.812, 38.6848 ] } },
{ "type": "Feature", "id": "WCR1979-000784", "properties": { "WCRNmbr": "WCR1979-000784", "LAT": 38.6848, "LONG": -121.812, "BlwThreshl":"Above" ,"Head":37.4708}, "geometry": { "type": "Point", "coordinates": [ -121.812, 38.6848 ] } },
{ "type": "Feature", "id": "WCR1979-001276", "properties": { "WCRNmbr": "WCR1979-001276", "LAT": 38.6848, "LONG": -121.812, "BlwThreshl":"Above" ,"Head":37.4708}, "geometry": { "type": "Point", "coordinates": [ -121.812, 38.6848 ] } },
{ "type": "Feature", "id": "WCR1980-002418", "properties": { "WCRNmbr": "WCR1980-002418", "LAT": 38.6848, "LONG": -121.812, "BlwThreshl":"Above" ,"Head":37.4708}, "geometry": { "type": "Point", "coordinates": [ -121.812, 38.6848 ] } },
{ "type": "Feature", "id": "WCR1980-002499", "properties": { "WCRNmbr": "WCR1980-002499", "LAT": 38.6848, "LONG": -121.812, "BlwThreshl":"Above" ,"Head":37.4708}, "geometry": { "type": "Point", "coordinates": [ -121.812, 38.6848 ] } },
{ "type": "Feature", "id": "WCR1984-000152", "properties": { "WCRNmbr": "WCR1984-000152", "LAT": 38.6848, "LONG": -121.812, "BlwThreshl":"Above" ,"Head":37.4708}, "geometry": { "type": "Point", "coordinates": [ -121.812, 38.6848 ] } },
{ "type": "Feature", "id": "WCR1989-006339", "properties": { "WCRNmbr": "WCR1989-006339", "LAT": 38.6848, "LONG": -121.812, "BlwThreshl":"Above" ,"Head":37.5497}, "geometry": { "type": "Point", "coordinates": [ -121.812, 38.6848 ] } },
{ "type": "Feature", "id": "WCR1992-007570", "properties": { "WCRNmbr": "WCR1992-007570", "LAT": 38.6848, "LONG": -121.812, "BlwThreshl":"Above" ,"Head":37.4708}, "geometry": { "type": "Point", "coordinates": [ -121.812, 38.6848 ] } },
{ "type": "Feature", "id": "WCR2000-001254", "properties": { "WCRNmbr": "WCR2000-001254", "LAT": 38.6833, "LONG": -121.821, "BlwThreshl":"Above" ,"Head":41.2518}, "geometry": { "type": "Point", "coordinates": [ -121.821, 38.6833 ] } },
{ "type": "Feature", "id": "WCR2005-005124", "properties": { "WCRNmbr": "WCR2005-005124", "LAT": 38.6848, "LONG": -121.812, "BlwThreshl":"Above" ,"Head":37.5497}, "geometry": { "type": "Point", "coordinates": [ -121.812, 38.6848 ] } },
{ "type": "Feature", "id": "WCR2012-006348", "properties": { "WCRNmbr": "WCR2012-006348", "LAT": 38.6772, "LONG": -121.817, "BlwThreshl":"Above" ,"Head":37.0305}, "geometry": { "type": "Point", "coordinates": [ -121.817, 38.6772 ] } },
{ "type": "Feature", "id": "WCR2017-007631", "properties": { "WCRNmbr": "WCR2017-007631", "LAT": 38.6794, "LONG": -121.809, "BlwThreshl":"Above" ,"Head":34.5751}, "geometry": { "type": "Point", "coordinates": [ -121.809, 38.6794 ] } },
{ "type": "Feature", "id": "WCR2017-011781", "properties": { "WCRNmbr": "WCR2017-011781", "LAT": 38.6816, "LONG": -121.821, "BlwThreshl":"Above" ,"Head":41.3358}, "geometry": { "type": "Point", "coordinates": [ -121.821, 38.6816 ] } },
{ "type": "Feature", "id": "WCR2022-005248", "properties": { "WCRNmbr": "WCR2022-005248", "LAT": 38.6861, "LONG": -121.821, "BlwThreshl":"Above" ,"Head":41.0987}, "geometry": { "type": "Point", "coordinates": [ -121.821, 38.6861 ] } },
{ "type": "Feature", "id": "WCR2024-001160", "properties": { "WCRNmbr": "WCR2024-001160", "LAT": 38.6871, "LONG": -121.821, "BlwThreshl":"Above" ,"Head":41.0987}, "geometry": { "type": "Point", "coordinates": [ -121.821, 38.6871 ] } },
{ "type": "Feature", "id": "WCR2024-006727", "properties": { "WCRNmbr": "WCR2024-006727", "LAT": 38.6857, "LONG": -121.822, "BlwThreshl":"Above" ,"Head":41.0987}, "geometry": { "type": "Point", "coordinates": [ -121.822, 38.6857 ] } },
{ "type": "Feature", "id": "WCR0055353", "properties": { "WCRNmbr": "WCR0055353", "LAT": 38.7008, "LONG": -122.127, "BlwThreshl":"Above" ,"Head":276.972}, "geometry": { "type": "Point", "coordinates": [ -122.127, 38.7008 ] } },
{ "type": "Feature", "id": "WCR1971-000114", "properties": { "WCRNmbr": "WCR1971-000114", "LAT": 38.7011, "LONG": -122.109, "BlwThreshl":"Above" ,"Head":258.423}, "geometry": { "type": "Point", "coordinates": [ -122.109, 38.7011 ] } },
{ "type": "Feature", "id": "WCR1981-003066", "properties": { "WCRNmbr": "WCR1981-003066", "LAT": 38.7008, "LONG": -122.127, "BlwThreshl":"Above" ,"Head":276.972}, "geometry": { "type": "Point", "coordinates": [ -122.127, 38.7008 ] } },
{ "type": "Feature", "id": "WCR1988-005358", "properties": { "WCRNmbr": "WCR1988-005358", "LAT": 38.7008, "LONG": -122.127, "BlwThreshl":"Above" ,"Head":276.972}, "geometry": { "type": "Point", "coordinates": [ -122.127, 38.7008 ] } },
{ "type": "Feature", "id": "WCR1990-002549", "properties": { "WCRNmbr": "WCR1990-002549", "LAT": 38.7008, "LONG": -122.127, "BlwThreshl":"Above" ,"Head":276.972}, "geometry": { "type": "Point", "coordinates": [ -122.127, 38.7008 ] } },
{ "type": "Feature", "id": "WCR1996-002758", "properties": { "WCRNmbr": "WCR1996-002758", "LAT": 38.7008, "LONG": -122.127, "BlwThreshl":"Above" ,"Head":276.972}, "geometry": { "type": "Point", "coordinates": [ -122.127, 38.7008 ] } },
{ "type": "Feature", "id": "WCR2000-006831", "properties": { "WCRNmbr": "WCR2000-006831", "LAT": 38.7008, "LONG": -122.127, "BlwThreshl":"Above" ,"Head":276.972}, "geometry": { "type": "Point", "coordinates": [ -122.127, 38.7008 ] } },
{ "type": "Feature", "id": "WCR2011-004676", "properties": { "WCRNmbr": "WCR2011-004676", "LAT": 38.7008, "LONG": -122.127, "BlwThreshl":"Above" ,"Head":276.972}, "geometry": { "type": "Point", "coordinates": [ -122.127, 38.7008 ] } },
{ "type": "Feature", "id": "WCR2019-010809", "properties": { "WCRNmbr": "WCR2019-010809", "LAT": 38.714, "LONG": -122.129, "BlwThreshl":"Below" ,"Head":269.828}, "geometry": { "type": "Point", "coordinates": [ -122.129, 38.714 ] } },
{ "type": "Feature", "id": "WCR2019-010810", "properties": { "WCRNmbr": "WCR2019-010810", "LAT": 38.7112, "LONG": -122.124, "BlwThreshl":"Above" ,"Head":264.8}, "geometry": { "type": "Point", "coordinates": [ -122.124, 38.7112 ] } },
{ "type": "Feature", "id": "WCR2020-004344", "properties": { "WCRNmbr": "WCR2020-004344", "LAT": 38.6997, "LONG": -122.118, "BlwThreshl":"Above" ,"Head":274.157}, "geometry": { "type": "Point", "coordinates": [ -122.118, 38.6997 ] } },
{ "type": "Feature", "id": "WCR2022-007480", "properties": { "WCRNmbr": "WCR2022-007480", "LAT": 38.6974, "LONG": -122.107, "BlwThreshl":"Above" ,"Head":258.423}, "geometry": { "type": "Point", "coordinates": [ -122.107, 38.6974 ] } },
{ "type": "Feature", "id": "WCR0001040", "properties": { "WCRNmbr": "WCR0001040", "LAT": 38.7011, "LONG": -122.073, "BlwThreshl":"Above" ,"Head":226.293}, "geometry": { "type": "Point", "coordinates": [ -122.073, 38.7011 ] } },
{ "type": "Feature", "id": "WCR1978-001047", "properties": { "WCRNmbr": "WCR1978-001047", "LAT": 38.7011, "LONG": -122.073, "BlwThreshl":"Above" ,"Head":226.293}, "geometry": { "type": "Point", "coordinates": [ -122.073, 38.7011 ] } },
{ "type": "Feature", "id": "WCR1980-002497", "properties": { "WCRNmbr": "WCR1980-002497", "LAT": 38.7011, "LONG": -122.073, "BlwThreshl":"Above" ,"Head":226.293}, "geometry": { "type": "Point", "coordinates": [ -122.073, 38.7011 ] } },
{ "type": "Feature", "id": "WCR1999-000634", "properties": { "WCRNmbr": "WCR1999-000634", "LAT": 38.7011, "LONG": -122.073, "BlwThreshl":"Above" ,"Head":226.293}, "geometry": { "type": "Point", "coordinates": [ -122.073, 38.7011 ] } },
{ "type": "Feature", "id": "WCR1970-000063", "properties": { "WCRNmbr": "WCR1970-000063", "LAT": 38.701, "LONG": -122.054, "BlwThreshl":"Below" ,"Head":176.794}, "geometry": { "type": "Point", "coordinates": [ -122.054, 38.701 ] } },
{ "type": "Feature", "id": "WCR1983-003686", "properties": { "WCRNmbr": "WCR1983-003686", "LAT": 38.701, "LONG": -122.054, "BlwThreshl":"Below" ,"Head":176.794}, "geometry": { "type": "Point", "coordinates": [ -122.054, 38.701 ] } },
{ "type": "Feature", "id": "WCR1990-012205", "properties": { "WCRNmbr": "WCR1990-012205", "LAT": 38.701, "LONG": -122.054, "BlwThreshl":"Below" ,"Head":176.794}, "geometry": { "type": "Point", "coordinates": [ -122.054, 38.701 ] } },
{ "type": "Feature", "id": "WCR2004-005437", "properties": { "WCRNmbr": "WCR2004-005437", "LAT": 38.701, "LONG": -122.054, "BlwThreshl":"Below" ,"Head":176.794}, "geometry": { "type": "Point", "coordinates": [ -122.054, 38.701 ] } },
{ "type": "Feature", "id": "WCR2015-007680", "properties": { "WCRNmbr": "WCR2015-007680", "LAT": 38.7078, "LONG": -122.051, "BlwThreshl":"Above" ,"Head":166.453}, "geometry": { "type": "Point", "coordinates": [ -122.051, 38.7078 ] } },
{ "type": "Feature", "id": "WCR2019-013262", "properties": { "WCRNmbr": "WCR2019-013262", "LAT": 38.7025, "LONG": -122.04, "BlwThreshl":"Above" ,"Head":152.153}, "geometry": { "type": "Point", "coordinates": [ -122.04, 38.7025 ] } },
{ "type": "Feature", "id": "WCR2020-003956", "properties": { "WCRNmbr": "WCR2020-003956", "LAT": 38.7086, "LONG": -122.054, "BlwThreshl":"Above" ,"Head":166.453}, "geometry": { "type": "Point", "coordinates": [ -122.054, 38.7086 ] } },
{ "type": "Feature", "id": "WCR2021-005524", "properties": { "WCRNmbr": "WCR2021-005524", "LAT": 38.7083, "LONG": -122.053, "BlwThreshl":"Above" ,"Head":166.453}, "geometry": { "type": "Point", "coordinates": [ -122.053, 38.7083 ] } },
{ "type": "Feature", "id": "WCR0020671", "properties": { "WCRNmbr": "WCR0020671", "LAT": 38.7009, "LONG": -122.036, "BlwThreshl":"Above" ,"Head":152.153}, "geometry": { "type": "Point", "coordinates": [ -122.036, 38.7009 ] } },
{ "type": "Feature", "id": "WCR0235655", "properties": { "WCRNmbr": "WCR0235655", "LAT": 38.7006, "LONG": -122.018, "BlwThreshl":"Above" ,"Head":149.406}, "geometry": { "type": "Point", "coordinates": [ -122.018, 38.7006 ] } },
{ "type": "Feature", "id": "WCR1977-002059", "properties": { "WCRNmbr": "WCR1977-002059", "LAT": 38.7006, "LONG": -122.018, "BlwThreshl":"Above" ,"Head":145.982}, "geometry": { "type": "Point", "coordinates": [ -122.018, 38.7006 ] } },
{ "type": "Feature", "id": "WCR1981-003048", "properties": { "WCRNmbr": "WCR1981-003048", "LAT": 38.7009, "LONG": -122.036, "BlwThreshl":"Above" ,"Head":152.153}, "geometry": { "type": "Point", "coordinates": [ -122.036, 38.7009 ] } },
{ "type": "Feature", "id": "WCR1988-001430", "properties": { "WCRNmbr": "WCR1988-001430", "LAT": 38.7009, "LONG": -122.036, "BlwThreshl":"Above" ,"Head":152.153}, "geometry": { "type": "Point", "coordinates": [ -122.036, 38.7009 ] } },
{ "type": "Feature", "id": "WCR1988-004978", "properties": { "WCRNmbr": "WCR1988-004978", "LAT": 38.7006, "LONG": -122.018, "BlwThreshl":"Above" ,"Head":149.406}, "geometry": { "type": "Point", "coordinates": [ -122.018, 38.7006 ] } },
{ "type": "Feature", "id": "WCR1993-002343", "properties": { "WCRNmbr": "WCR1993-002343", "LAT": 38.7006, "LONG": -122.018, "BlwThreshl":"Above" ,"Head":145.982}, "geometry": { "type": "Point", "coordinates": [ -122.018, 38.7006 ] } },
{ "type": "Feature", "id": "WCR1999-005847", "properties": { "WCRNmbr": "WCR1999-005847", "LAT": 38.7009, "LONG": -122.036, "BlwThreshl":"Above" ,"Head":152.153}, "geometry": { "type": "Point", "coordinates": [ -122.036, 38.7009 ] } },
{ "type": "Feature", "id": "WCR2002-008675", "properties": { "WCRNmbr": "WCR2002-008675", "LAT": 38.7009, "LONG": -122.036, "BlwThreshl":"Above" ,"Head":152.153}, "geometry": { "type": "Point", "coordinates": [ -122.036, 38.7009 ] } },
{ "type": "Feature", "id": "WCR2014-002178", "properties": { "WCRNmbr": "WCR2014-002178", "LAT": 38.6981, "LONG": -122.037, "BlwThreshl":"Above" ,"Head":152.153}, "geometry": { "type": "Point", "coordinates": [ -122.037, 38.6981 ] } },
{ "type": "Feature", "id": "WCR2023-003356", "properties": { "WCRNmbr": "WCR2023-003356", "LAT": 38.6999, "LONG": -122.036, "BlwThreshl":"Above" ,"Head":152.153}, "geometry": { "type": "Point", "coordinates": [ -122.036, 38.6999 ] } },
{ "type": "Feature", "id": "WCR2024-003402", "properties": { "WCRNmbr": "WCR2024-003402", "LAT": 38.709, "LONG": -122.014, "BlwThreshl":"Below" ,"Head":147.566}, "geometry": { "type": "Point", "coordinates": [ -122.014, 38.709 ] } },
{ "type": "Feature", "id": "WCR1977-000412", "properties": { "WCRNmbr": "WCR1977-000412", "LAT": 38.7001, "LONG": -121.98, "BlwThreshl":"Above" ,"Head":132.04}, "geometry": { "type": "Point", "coordinates": [ -121.98, 38.7001 ] } },
{ "type": "Feature", "id": "WCR1982-001396", "properties": { "WCRNmbr": "WCR1982-001396", "LAT": 38.6998, "LONG": -121.943, "BlwThreshl":"Above" ,"Head":118.484}, "geometry": { "type": "Point", "coordinates": [ -121.943, 38.6998 ] } },
{ "type": "Feature", "id": "WCR1970-000235", "properties": { "WCRNmbr": "WCR1970-000235", "LAT": 38.6996, "LONG": -121.905, "BlwThreshl":"Above" ,"Head":98.3704}, "geometry": { "type": "Point", "coordinates": [ -121.905, 38.6996 ] } },
{ "type": "Feature", "id": "WCR1976-000265", "properties": { "WCRNmbr": "WCR1976-000265", "LAT": 38.6997, "LONG": -121.905, "BlwThreshl":"Above" ,"Head":98.3704}, "geometry": { "type": "Point", "coordinates": [ -121.905, 38.6997 ] } },
{ "type": "Feature", "id": "WCR1993-003254", "properties": { "WCRNmbr": "WCR1993-003254", "LAT": 38.7069, "LONG": -121.902, "BlwThreshl":"Above" ,"Head":94.8739}, "geometry": { "type": "Point", "coordinates": [ -121.902, 38.7069 ] } },
{ "type": "Feature", "id": "WCR1998-003781", "properties": { "WCRNmbr": "WCR1998-003781", "LAT": 38.6996, "LONG": -121.905, "BlwThreshl":"Above" ,"Head":98.3704}, "geometry": { "type": "Point", "coordinates": [ -121.905, 38.6996 ] } },
{ "type": "Feature", "id": "WCR1999-000623", "properties": { "WCRNmbr": "WCR1999-000623", "LAT": 38.6996, "LONG": -121.905, "BlwThreshl":"Above" ,"Head":98.3704}, "geometry": { "type": "Point", "coordinates": [ -121.905, 38.6996 ] } },
{ "type": "Feature", "id": "WCR1999-005830", "properties": { "WCRNmbr": "WCR1999-005830", "LAT": 38.6996, "LONG": -121.905, "BlwThreshl":"Above" ,"Head":98.3704}, "geometry": { "type": "Point", "coordinates": [ -121.905, 38.6996 ] } },
{ "type": "Feature", "id": "WCR2000-002827", "properties": { "WCRNmbr": "WCR2000-002827", "LAT": 38.7143, "LONG": -121.905, "BlwThreshl":"Above" ,"Head":96.1263}, "geometry": { "type": "Point", "coordinates": [ -121.905, 38.7143 ] } },
{ "type": "Feature", "id": "WCR2014-002925", "properties": { "WCRNmbr": "WCR2014-002925", "LAT": 38.7133, "LONG": -121.91, "BlwThreshl":"Above" ,"Head":96.1263}, "geometry": { "type": "Point", "coordinates": [ -121.91, 38.7133 ] } },
{ "type": "Feature", "id": "WCR2020-004374", "properties": { "WCRNmbr": "WCR2020-004374", "LAT": 38.705, "LONG": -121.907, "BlwThreshl":"Above" ,"Head":97.8212}, "geometry": { "type": "Point", "coordinates": [ -121.907, 38.705 ] } },
{ "type": "Feature", "id": "WCR2023-008902", "properties": { "WCRNmbr": "WCR2023-008902", "LAT": 38.7058, "LONG": -121.901, "BlwThreshl":"Above" ,"Head":94.8739}, "geometry": { "type": "Point", "coordinates": [ -121.901, 38.7058 ] } },
{ "type": "Feature", "id": "WCR0111996", "properties": { "WCRNmbr": "WCR0111996", "LAT": 38.6997, "LONG": -121.886, "BlwThreshl":"Above" ,"Head":91.0841}, "geometry": { "type": "Point", "coordinates": [ -121.886, 38.6997 ] } },
{ "type": "Feature", "id": "WCR0293050", "properties": { "WCRNmbr": "WCR0293050", "LAT": 38.7143, "LONG": -121.886, "BlwThreshl":"Below" ,"Head":92.9474}, "geometry": { "type": "Point", "coordinates": [ -121.886, 38.7143 ] } },
{ "type": "Feature", "id": "WCR1983-000848", "properties": { "WCRNmbr": "WCR1983-000848", "LAT": 38.6997, "LONG": -121.886, "BlwThreshl":"Above" ,"Head":91.0841}, "geometry": { "type": "Point", "coordinates": [ -121.886, 38.6997 ] } },
{ "type": "Feature", "id": "WCR1983-003696", "properties": { "WCRNmbr": "WCR1983-003696", "LAT": 38.7143, "LONG": -121.886, "BlwThreshl":"Above" ,"Head":92.9474}, "geometry": { "type": "Point", "coordinates": [ -121.886, 38.7143 ] } },
{ "type": "Feature", "id": "WCR1986-002726", "properties": { "WCRNmbr": "WCR1986-002726", "LAT": 38.7143, "LONG": -121.886, "BlwThreshl":"Above" ,"Head":92.9474}, "geometry": { "type": "Point", "coordinates": [ -121.886, 38.7143 ] } },
{ "type": "Feature", "id": "WCR1990-006911", "properties": { "WCRNmbr": "WCR1990-006911", "LAT": 38.6997, "LONG": -121.886, "BlwThreshl":"Above" ,"Head":91.0841}, "geometry": { "type": "Point", "coordinates": [ -121.886, 38.6997 ] } },
{ "type": "Feature", "id": "WCR1972-000579", "properties": { "WCRNmbr": "WCR1972-000579", "LAT": 38.6995, "LONG": -121.849, "BlwThreshl":"Above" ,"Head":60.8055}, "geometry": { "type": "Point", "coordinates": [ -121.849, 38.6995 ] } },
{ "type": "Feature", "id": "WCR1976-000252", "properties": { "WCRNmbr": "WCR1976-000252", "LAT": 38.7141, "LONG": -121.849, "BlwThreshl":"Above" ,"Head":47.5075}, "geometry": { "type": "Point", "coordinates": [ -121.849, 38.7141 ] } },
{ "type": "Feature", "id": "WCR1976-000254", "properties": { "WCRNmbr": "WCR1976-000254", "LAT": 38.6995, "LONG": -121.849, "BlwThreshl":"Above" ,"Head":60.8055}, "geometry": { "type": "Point", "coordinates": [ -121.849, 38.6995 ] } },
{ "type": "Feature", "id": "WCR1987-008895", "properties": { "WCRNmbr": "WCR1987-008895", "LAT": 38.6996, "LONG": -121.867, "BlwThreshl":"Above" ,"Head":73.0996}, "geometry": { "type": "Point", "coordinates": [ -121.867, 38.6996 ] } },
{ "type": "Feature", "id": "WCR1990-012497", "properties": { "WCRNmbr": "WCR1990-012497", "LAT": 38.7141, "LONG": -121.849, "BlwThreshl":"Above" ,"Head":47.5075}, "geometry": { "type": "Point", "coordinates": [ -121.849, 38.7141 ] } },
{ "type": "Feature", "id": "WCR1991-009580", "properties": { "WCRNmbr": "WCR1991-009580", "LAT": 38.7142, "LONG": -121.867, "BlwThreshl":"Above" ,"Head":74.887}, "geometry": { "type": "Point", "coordinates": [ -121.867, 38.7142 ] } },
{ "type": "Feature", "id": "WCR2024-006939", "properties": { "WCRNmbr": "WCR2024-006939", "LAT": 38.707, "LONG": -121.859, "BlwThreshl":"Above" ,"Head":61.6472}, "geometry": { "type": "Point", "coordinates": [ -121.859, 38.707 ] } },
{ "type": "Feature", "id": "WCR0085368", "properties": { "WCRNmbr": "WCR0085368", "LAT": 38.6994, "LONG": -121.83, "BlwThreshl":"Above" ,"Head":47.4413}, "geometry": { "type": "Point", "coordinates": [ -121.83, 38.6994 ] } },
{ "type": "Feature", "id": "WCR0152198", "properties": { "WCRNmbr": "WCR0152198", "LAT": 38.7139, "LONG": -121.83, "BlwThreshl":"Above" ,"Head":32.3161}, "geometry": { "type": "Point", "coordinates": [ -121.83, 38.7139 ] } },
{ "type": "Feature", "id": "WCR1970-000225", "properties": { "WCRNmbr": "WCR1970-000225", "LAT": 38.6994, "LONG": -121.83, "BlwThreshl":"Above" ,"Head":47.5039}, "geometry": { "type": "Point", "coordinates": [ -121.83, 38.6994 ] } },
{ "type": "Feature", "id": "WCR1976-001230", "properties": { "WCRNmbr": "WCR1976-001230", "LAT": 38.6994, "LONG": -121.83, "BlwThreshl":"Above" ,"Head":47.4413}, "geometry": { "type": "Point", "coordinates": [ -121.83, 38.6994 ] } },
{ "type": "Feature", "id": "WCR1976-001235", "properties": { "WCRNmbr": "WCR1976-001235", "LAT": 38.7139, "LONG": -121.83, "BlwThreshl":"Above" ,"Head":32.3161}, "geometry": { "type": "Point", "coordinates": [ -121.83, 38.7139 ] } },
{ "type": "Feature", "id": "WCR1977-000276", "properties": { "WCRNmbr": "WCR1977-000276", "LAT": 38.7139, "LONG": -121.83, "BlwThreshl":"Above" ,"Head":32.3161}, "geometry": { "type": "Point", "coordinates": [ -121.83, 38.7139 ] } },
{ "type": "Feature", "id": "WCR1977-000277", "properties": { "WCRNmbr": "WCR1977-000277", "LAT": 38.6994, "LONG": -121.83, "BlwThreshl":"Above" ,"Head":47.4413}, "geometry": { "type": "Point", "coordinates": [ -121.83, 38.6994 ] } },
{ "type": "Feature", "id": "WCR1977-000360", "properties": { "WCRNmbr": "WCR1977-000360", "LAT": 38.7139, "LONG": -121.83, "BlwThreshl":"Above" ,"Head":32.3161}, "geometry": { "type": "Point", "coordinates": [ -121.83, 38.7139 ] } },
{ "type": "Feature", "id": "WCR1977-000362", "properties": { "WCRNmbr": "WCR1977-000362", "LAT": 38.6994, "LONG": -121.83, "BlwThreshl":"Above" ,"Head":47.4413}, "geometry": { "type": "Point", "coordinates": [ -121.83, 38.6994 ] } },
{ "type": "Feature", "id": "WCR1977-001828", "properties": { "WCRNmbr": "WCR1977-001828", "LAT": 38.6994, "LONG": -121.83, "BlwThreshl":"Above" ,"Head":47.5039}, "geometry": { "type": "Point", "coordinates": [ -121.83, 38.6994 ] } },
{ "type": "Feature", "id": "WCR1977-001831", "properties": { "WCRNmbr": "WCR1977-001831", "LAT": 38.6994, "LONG": -121.83, "BlwThreshl":"Above" ,"Head":47.4413}, "geometry": { "type": "Point", "coordinates": [ -121.83, 38.6994 ] } },
{ "type": "Feature", "id": "WCR1979-000547", "properties": { "WCRNmbr": "WCR1979-000547", "LAT": 38.6994, "LONG": -121.83, "BlwThreshl":"Above" ,"Head":47.5039}, "geometry": { "type": "Point", "coordinates": [ -121.83, 38.6994 ] } },
{ "type": "Feature", "id": "WCR1983-003684", "properties": { "WCRNmbr": "WCR1983-003684", "LAT": 38.7139, "LONG": -121.83, "BlwThreshl":"Above" ,"Head":32.3161}, "geometry": { "type": "Point", "coordinates": [ -121.83, 38.7139 ] } },
{ "type": "Feature", "id": "WCR1987-004069", "properties": { "WCRNmbr": "WCR1987-004069", "LAT": 38.6994, "LONG": -121.83, "BlwThreshl":"Above" ,"Head":47.5039}, "geometry": { "type": "Point", "coordinates": [ -121.83, 38.6994 ] } },
{ "type": "Feature", "id": "WCR1989-003248", "properties": { "WCRNmbr": "WCR1989-003248", "LAT": 38.7139, "LONG": -121.83, "BlwThreshl":"Above" ,"Head":32.3161}, "geometry": { "type": "Point", "coordinates": [ -121.83, 38.7139 ] } },
{ "type": "Feature", "id": "WCR1990-012204", "properties": { "WCRNmbr": "WCR1990-012204", "LAT": 38.7139, "LONG": -121.83, "BlwThreshl":"Above" ,"Head":32.3161}, "geometry": { "type": "Point", "coordinates": [ -121.83, 38.7139 ] } },
{ "type": "Feature", "id": "WCR1992-003312", "properties": { "WCRNmbr": "WCR1992-003312", "LAT": 38.6994, "LONG": -121.83, "BlwThreshl":"Above" ,"Head":47.5039}, "geometry": { "type": "Point", "coordinates": [ -121.83, 38.6994 ] } },
{ "type": "Feature", "id": "WCR1993-005972", "properties": { "WCRNmbr": "WCR1993-005972", "LAT": 38.7139, "LONG": -121.83, "BlwThreshl":"Above" ,"Head":32.3161}, "geometry": { "type": "Point", "coordinates": [ -121.83, 38.7139 ] } },
{ "type": "Feature", "id": "WCR1997-004556", "properties": { "WCRNmbr": "WCR1997-004556", "LAT": 38.7139, "LONG": -121.83, "BlwThreshl":"Above" ,"Head":32.3161}, "geometry": { "type": "Point", "coordinates": [ -121.83, 38.7139 ] } },
{ "type": "Feature", "id": "WCR2004-004615", "properties": { "WCRNmbr": "WCR2004-004615", "LAT": 38.6994, "LONG": -121.83, "BlwThreshl":"Above" ,"Head":47.4413}, "geometry": { "type": "Point", "coordinates": [ -121.83, 38.6994 ] } },
{ "type": "Feature", "id": "WCR2021-013370", "properties": { "WCRNmbr": "WCR2021-013370", "LAT": 38.7143, "LONG": -121.839, "BlwThreshl":"Above" ,"Head":39.3844}, "geometry": { "type": "Point", "coordinates": [ -121.839, 38.7143 ] } },
{ "type": "Feature", "id": "WCR2023-011623", "properties": { "WCRNmbr": "WCR2023-011623", "LAT": 38.7009, "LONG": -121.831, "BlwThreshl":"Above" ,"Head":52.1631}, "geometry": { "type": "Point", "coordinates": [ -121.831, 38.7009 ] } },
{ "type": "Feature", "id": "WCR1972-000011", "properties": { "WCRNmbr": "WCR1972-000011", "LAT": 38.7139, "LONG": -121.812, "BlwThreshl":"Above" ,"Head":28.0633}, "geometry": { "type": "Point", "coordinates": [ -121.812, 38.7139 ] } },
{ "type": "Feature", "id": "WCR1972-000054", "properties": { "WCRNmbr": "WCR1972-000054", "LAT": 38.7138, "LONG": -121.812, "BlwThreshl":"Above" ,"Head":28.0633}, "geometry": { "type": "Point", "coordinates": [ -121.812, 38.7138 ] } },
{ "type": "Feature", "id": "WCR1972-000055", "properties": { "WCRNmbr": "WCR1972-000055", "LAT": 38.7138, "LONG": -121.812, "BlwThreshl":"Above" ,"Head":28.0633}, "geometry": { "type": "Point", "coordinates": [ -121.812, 38.7138 ] } },
{ "type": "Feature", "id": "WCR1972-000224", "properties": { "WCRNmbr": "WCR1972-000224", "LAT": 38.7138, "LONG": -121.812, "BlwThreshl":"Above" ,"Head":28.0633}, "geometry": { "type": "Point", "coordinates": [ -121.812, 38.7138 ] } },
{ "type": "Feature", "id": "WCR1976-000044", "properties": { "WCRNmbr": "WCR1976-000044", "LAT": 38.7138, "LONG": -121.812, "BlwThreshl":"Above" ,"Head":28.0015}, "geometry": { "type": "Point", "coordinates": [ -121.812, 38.7138 ] } },
{ "type": "Feature", "id": "WCR1976-000719", "properties": { "WCRNmbr": "WCR1976-000719", "LAT": 38.6993, "LONG": -121.812, "BlwThreshl":"Above" ,"Head":37.3783}, "geometry": { "type": "Point", "coordinates": [ -121.812, 38.6993 ] } },
{ "type": "Feature", "id": "WCR1976-000968", "properties": { "WCRNmbr": "WCR1976-000968", "LAT": 38.6993, "LONG": -121.812, "BlwThreshl":"Above" ,"Head":37.3783}, "geometry": { "type": "Point", "coordinates": [ -121.812, 38.6993 ] } },
{ "type": "Feature", "id": "WCR1976-000981", "properties": { "WCRNmbr": "WCR1976-000981", "LAT": 38.6993, "LONG": -121.812, "BlwThreshl":"Above" ,"Head":37.3783}, "geometry": { "type": "Point", "coordinates": [ -121.812, 38.6993 ] } },
{ "type": "Feature", "id": "WCR1979-000711", "properties": { "WCRNmbr": "WCR1979-000711", "LAT": 38.7138, "LONG": -121.812, "BlwThreshl":"Above" ,"Head":28.0633}, "geometry": { "type": "Point", "coordinates": [ -121.812, 38.7138 ] } },
{ "type": "Feature", "id": "WCR1979-000778", "properties": { "WCRNmbr": "WCR1979-000778", "LAT": 38.7138, "LONG": -121.812, "BlwThreshl":"Above" ,"Head":28.0633}, "geometry": { "type": "Point", "coordinates": [ -121.812, 38.7138 ] } },
{ "type": "Feature", "id": "WCR1979-000783", "properties": { "WCRNmbr": "WCR1979-000783", "LAT": 38.7138, "LONG": -121.812, "BlwThreshl":"Above" ,"Head":28.0633}, "geometry": { "type": "Point", "coordinates": [ -121.812, 38.7138 ] } },
{ "type": "Feature", "id": "WCR1979-002099", "properties": { "WCRNmbr": "WCR1979-002099", "LAT": 38.7138, "LONG": -121.812, "BlwThreshl":"Above" ,"Head":28.0633}, "geometry": { "type": "Point", "coordinates": [ -121.812, 38.7138 ] } },
{ "type": "Feature", "id": "WCR1992-003791", "properties": { "WCRNmbr": "WCR1992-003791", "LAT": 38.7138, "LONG": -121.812, "BlwThreshl":"Above" ,"Head":28.0633}, "geometry": { "type": "Point", "coordinates": [ -121.812, 38.7138 ] } },
{ "type": "Feature", "id": "WCR2001-006444", "properties": { "WCRNmbr": "WCR2001-006444", "LAT": 38.7136, "LONG": -121.816, "BlwThreshl":"Above" ,"Head":28.0633}, "geometry": { "type": "Point", "coordinates": [ -121.816, 38.7136 ] } },
{ "type": "Feature", "id": "WCR2002-001088", "properties": { "WCRNmbr": "WCR2002-001088", "LAT": 38.7138, "LONG": -121.812, "BlwThreshl":"Above" ,"Head":28.0015}, "geometry": { "type": "Point", "coordinates": [ -121.812, 38.7138 ] } },
{ "type": "Feature", "id": "WCR2002-001094", "properties": { "WCRNmbr": "WCR2002-001094", "LAT": 38.7138, "LONG": -121.812, "BlwThreshl":"Above" ,"Head":28.0633}, "geometry": { "type": "Point", "coordinates": [ -121.812, 38.7138 ] } },
{ "type": "Feature", "id": "WCR2018-012110", "properties": { "WCRNmbr": "WCR2018-012110", "LAT": 38.6961, "LONG": -121.802, "BlwThreshl":"Above" ,"Head":31.2696}, "geometry": { "type": "Point", "coordinates": [ -121.802, 38.6961 ] } },
{ "type": "Feature", "id": "WCR2023-002618", "properties": { "WCRNmbr": "WCR2023-002618", "LAT": 38.6974, "LONG": -121.816, "BlwThreshl":"Above" ,"Head":37.3783}, "geometry": { "type": "Point", "coordinates": [ -121.816, 38.6974 ] } },
{ "type": "Feature", "id": "WCR2023-005001", "properties": { "WCRNmbr": "WCR2023-005001", "LAT": 38.6985, "LONG": -121.802, "BlwThreshl":"Above" ,"Head":29.8363}, "geometry": { "type": "Point", "coordinates": [ -121.802, 38.6985 ] } },
{ "type": "Feature", "id": "WCR0111683", "properties": { "WCRNmbr": "WCR0111683", "LAT": 38.6992, "LONG": -121.793, "BlwThreshl":"Above" ,"Head":29.7141}, "geometry": { "type": "Point", "coordinates": [ -121.793, 38.6992 ] } },
{ "type": "Feature", "id": "WCR1971-000412", "properties": { "WCRNmbr": "WCR1971-000412", "LAT": 38.6992, "LONG": -121.793, "BlwThreshl":"Above" ,"Head":29.7141}, "geometry": { "type": "Point", "coordinates": [ -121.793, 38.6992 ] } },
{ "type": "Feature", "id": "WCR1973-000517", "properties": { "WCRNmbr": "WCR1973-000517", "LAT": 38.6992, "LONG": -121.793, "BlwThreshl":"Above" ,"Head":29.7141}, "geometry": { "type": "Point", "coordinates": [ -121.793, 38.6992 ] } },
{ "type": "Feature", "id": "WCR1976-000261", "properties": { "WCRNmbr": "WCR1976-000261", "LAT": 38.6992, "LONG": -121.793, "BlwThreshl":"Above" ,"Head":26.2346}, "geometry": { "type": "Point", "coordinates": [ -121.793, 38.6992 ] } },
{ "type": "Feature", "id": "WCR1977-000361", "properties": { "WCRNmbr": "WCR1977-000361", "LAT": 38.6992, "LONG": -121.793, "BlwThreshl":"Above" ,"Head":26.2346}, "geometry": { "type": "Point", "coordinates": [ -121.793, 38.6992 ] } },
{ "type": "Feature", "id": "WCR1977-002136", "properties": { "WCRNmbr": "WCR1977-002136", "LAT": 38.6992, "LONG": -121.793, "BlwThreshl":"Above" ,"Head":29.7141}, "geometry": { "type": "Point", "coordinates": [ -121.793, 38.6992 ] } },
{ "type": "Feature", "id": "WCR1986-007581", "properties": { "WCRNmbr": "WCR1986-007581", "LAT": 38.6992, "LONG": -121.793, "BlwThreshl":"Above" ,"Head":29.7141}, "geometry": { "type": "Point", "coordinates": [ -121.793, 38.6992 ] } },
{ "type": "Feature", "id": "WCR1990-004548", "properties": { "WCRNmbr": "WCR1990-004548", "LAT": 38.6992, "LONG": -121.793, "BlwThreshl":"Above" ,"Head":26.2346}, "geometry": { "type": "Point", "coordinates": [ -121.793, 38.6992 ] } },
{ "type": "Feature", "id": "WCR1991-009573", "properties": { "WCRNmbr": "WCR1991-009573", "LAT": 38.7137, "LONG": -121.793, "BlwThreshl":"Above" ,"Head":7.78022}, "geometry": { "type": "Point", "coordinates": [ -121.793, 38.7137 ] } },
{ "type": "Feature", "id": "WCR1993-002515", "properties": { "WCRNmbr": "WCR1993-002515", "LAT": 38.6992, "LONG": -121.793, "BlwThreshl":"Above" ,"Head":26.2346}, "geometry": { "type": "Point", "coordinates": [ -121.793, 38.6992 ] } },
{ "type": "Feature", "id": "WCR1998-001253", "properties": { "WCRNmbr": "WCR1998-001253", "LAT": 38.6992, "LONG": -121.793, "BlwThreshl":"Above" ,"Head":26.2346}, "geometry": { "type": "Point", "coordinates": [ -121.793, 38.6992 ] } },
{ "type": "Feature", "id": "WCR2018-011277", "properties": { "WCRNmbr": "WCR2018-011277", "LAT": 38.6985, "LONG": -121.799, "BlwThreshl":"Above" ,"Head":29.8363}, "geometry": { "type": "Point", "coordinates": [ -121.799, 38.6985 ] } },
{ "type": "Feature", "id": "WCR2023-004586", "properties": { "WCRNmbr": "WCR2023-004586", "LAT": 38.6978, "LONG": -121.798, "BlwThreshl":"Above" ,"Head":29.8363}, "geometry": { "type": "Point", "coordinates": [ -121.798, 38.6978 ] } },
{ "type": "Feature", "id": "WCR0245213", "properties": { "WCRNmbr": "WCR0245213", "LAT": 38.7134, "LONG": -121.756, "BlwThreshl":"Above" ,"Head":30.5779}, "geometry": { "type": "Point", "coordinates": [ -121.756, 38.7134 ] } },
{ "type": "Feature", "id": "WCR1972-000047", "properties": { "WCRNmbr": "WCR1972-000047", "LAT": 38.6991, "LONG": -121.775, "BlwThreshl":"Above" ,"Head":27.8819}, "geometry": { "type": "Point", "coordinates": [ -121.775, 38.6991 ] } },
{ "type": "Feature", "id": "WCR1972-000650", "properties": { "WCRNmbr": "WCR1972-000650", "LAT": 38.7134, "LONG": -121.756, "BlwThreshl":"Above" ,"Head":30.5779}, "geometry": { "type": "Point", "coordinates": [ -121.756, 38.7134 ] } },
{ "type": "Feature", "id": "WCR1975-000181", "properties": { "WCRNmbr": "WCR1975-000181", "LAT": 38.6989, "LONG": -121.756, "BlwThreshl":"Above" ,"Head":23.8227}, "geometry": { "type": "Point", "coordinates": [ -121.756, 38.6989 ] } },
{ "type": "Feature", "id": "WCR1977-000046", "properties": { "WCRNmbr": "WCR1977-000046", "LAT": 38.7134, "LONG": -121.756, "BlwThreshl":"Above" ,"Head":30.5779}, "geometry": { "type": "Point", "coordinates": [ -121.756, 38.7134 ] } },
{ "type": "Feature", "id": "WCR1977-000771", "properties": { "WCRNmbr": "WCR1977-000771", "LAT": 38.6991, "LONG": -121.775, "BlwThreshl":"Above" ,"Head":27.8819}, "geometry": { "type": "Point", "coordinates": [ -121.775, 38.6991 ] } },
{ "type": "Feature", "id": "WCR1979-000474", "properties": { "WCRNmbr": "WCR1979-000474", "LAT": 38.7134, "LONG": -121.756, "BlwThreshl":"Above" ,"Head":30.5779}, "geometry": { "type": "Point", "coordinates": [ -121.756, 38.7134 ] } },
{ "type": "Feature", "id": "WCR1989-010196", "properties": { "WCRNmbr": "WCR1989-010196", "LAT": 38.7134, "LONG": -121.756, "BlwThreshl":"Above" ,"Head":30.5779}, "geometry": { "type": "Point", "coordinates": [ -121.756, 38.7134 ] } },
{ "type": "Feature", "id": "WCR2002-001129", "properties": { "WCRNmbr": "WCR2002-001129", "LAT": 38.7134, "LONG": -121.756, "BlwThreshl":"Above" ,"Head":30.5779}, "geometry": { "type": "Point", "coordinates": [ -121.756, 38.7134 ] } },
{ "type": "Feature", "id": "WCR2002-001136", "properties": { "WCRNmbr": "WCR2002-001136", "LAT": 38.7136, "LONG": -121.775, "BlwThreshl":"Above" ,"Head":-11.7982}, "geometry": { "type": "Point", "coordinates": [ -121.775, 38.7136 ] } },
{ "type": "Feature", "id": "WCR2007-001044", "properties": { "WCRNmbr": "WCR2007-001044", "LAT": 38.7134, "LONG": -121.756, "BlwThreshl":"Above" ,"Head":30.5779}, "geometry": { "type": "Point", "coordinates": [ -121.756, 38.7134 ] } },
{ "type": "Feature", "id": "WCR2012-005836", "properties": { "WCRNmbr": "WCR2012-005836", "LAT": 38.7089, "LONG": -121.758, "BlwThreshl":"Above" ,"Head":21.1019}, "geometry": { "type": "Point", "coordinates": [ -121.758, 38.7089 ] } },
{ "type": "Feature", "id": "WCR1998-000895", "properties": { "WCRNmbr": "WCR1998-000895", "LAT": 38.7064, "LONG": -121.747, "BlwThreshl":"Above" ,"Head":25.5302}, "geometry": { "type": "Point", "coordinates": [ -121.747, 38.7064 ] } },
{ "type": "Feature", "id": "WCR1985-005980", "properties": { "WCRNmbr": "WCR1985-005980", "LAT": 38.7295, "LONG": -122.145, "BlwThreshl":"Above" ,"Head":282.556}, "geometry": { "type": "Point", "coordinates": [ -122.145, 38.7295 ] } },
{ "type": "Feature", "id": "WCR1986-007724", "properties": { "WCRNmbr": "WCR1986-007724", "LAT": 38.715, "LONG": -122.145, "BlwThreshl":"Above" ,"Head":276.408}, "geometry": { "type": "Point", "coordinates": [ -122.145, 38.715 ] } },
{ "type": "Feature", "id": "WCR1988-007450", "properties": { "WCRNmbr": "WCR1988-007450", "LAT": 38.715, "LONG": -122.145, "BlwThreshl":"Above" ,"Head":276.408}, "geometry": { "type": "Point", "coordinates": [ -122.145, 38.715 ] } },
{ "type": "Feature", "id": "WCR1994-000950", "properties": { "WCRNmbr": "WCR1994-000950", "LAT": 38.715, "LONG": -122.145, "BlwThreshl":"Above" ,"Head":276.408}, "geometry": { "type": "Point", "coordinates": [ -122.145, 38.715 ] } },
{ "type": "Feature", "id": "WCR1998-000649", "properties": { "WCRNmbr": "WCR1998-000649", "LAT": 38.7295, "LONG": -122.145, "BlwThreshl":"Above" ,"Head":282.556}, "geometry": { "type": "Point", "coordinates": [ -122.145, 38.7295 ] } },
{ "type": "Feature", "id": "WCR0065765", "properties": { "WCRNmbr": "WCR0065765", "LAT": 38.7154, "LONG": -122.127, "BlwThreshl":"Above" ,"Head":269.063}, "geometry": { "type": "Point", "coordinates": [ -122.127, 38.7154 ] } },
{ "type": "Feature", "id": "WCR0085379", "properties": { "WCRNmbr": "WCR0085379", "LAT": 38.7154, "LONG": -122.127, "BlwThreshl":"Above" ,"Head":269.063}, "geometry": { "type": "Point", "coordinates": [ -122.127, 38.7154 ] } },
{ "type": "Feature", "id": "WCR0235684", "properties": { "WCRNmbr": "WCR0235684", "LAT": 38.7154, "LONG": -122.127, "BlwThreshl":"Above" ,"Head":269.063}, "geometry": { "type": "Point", "coordinates": [ -122.127, 38.7154 ] } },
{ "type": "Feature", "id": "WCR0314662", "properties": { "WCRNmbr": "WCR0314662", "LAT": 38.7154, "LONG": -122.127, "BlwThreshl":"Above" ,"Head":269.063}, "geometry": { "type": "Point", "coordinates": [ -122.127, 38.7154 ] } },
{ "type": "Feature", "id": "WCR1975-000312", "properties": { "WCRNmbr": "WCR1975-000312", "LAT": 38.7154, "LONG": -122.127, "BlwThreshl":"Above" ,"Head":269.063}, "geometry": { "type": "Point", "coordinates": [ -122.127, 38.7154 ] } },
{ "type": "Feature", "id": "WCR1977-000767", "properties": { "WCRNmbr": "WCR1977-000767", "LAT": 38.7154, "LONG": -122.127, "BlwThreshl":"Above" ,"Head":269.063}, "geometry": { "type": "Point", "coordinates": [ -122.127, 38.7154 ] } },
{ "type": "Feature", "id": "WCR1978-001151", "properties": { "WCRNmbr": "WCR1978-001151", "LAT": 38.7154, "LONG": -122.127, "BlwThreshl":"Above" ,"Head":269.063}, "geometry": { "type": "Point", "coordinates": [ -122.127, 38.7154 ] } },
{ "type": "Feature", "id": "WCR1978-001781", "properties": { "WCRNmbr": "WCR1978-001781", "LAT": 38.7154, "LONG": -122.127, "BlwThreshl":"Above" ,"Head":269.063}, "geometry": { "type": "Point", "coordinates": [ -122.127, 38.7154 ] } },
{ "type": "Feature", "id": "WCR1981-003104", "properties": { "WCRNmbr": "WCR1981-003104", "LAT": 38.7154, "LONG": -122.127, "BlwThreshl":"Above" ,"Head":269.063}, "geometry": { "type": "Point", "coordinates": [ -122.127, 38.7154 ] } },
{ "type": "Feature", "id": "WCR1982-003289", "properties": { "WCRNmbr": "WCR1982-003289", "LAT": 38.7154, "LONG": -122.127, "BlwThreshl":"Above" ,"Head":269.063}, "geometry": { "type": "Point", "coordinates": [ -122.127, 38.7154 ] } },
{ "type": "Feature", "id": "WCR1982-003290", "properties": { "WCRNmbr": "WCR1982-003290", "LAT": 38.7154, "LONG": -122.127, "BlwThreshl":"Above" ,"Head":269.063}, "geometry": { "type": "Point", "coordinates": [ -122.127, 38.7154 ] } },
{ "type": "Feature", "id": "WCR1984-004689", "properties": { "WCRNmbr": "WCR1984-004689", "LAT": 38.7154, "LONG": -122.127, "BlwThreshl":"Above" ,"Head":269.063}, "geometry": { "type": "Point", "coordinates": [ -122.127, 38.7154 ] } },
{ "type": "Feature", "id": "WCR1988-004977", "properties": { "WCRNmbr": "WCR1988-004977", "LAT": 38.7154, "LONG": -122.127, "BlwThreshl":"Above" ,"Head":269.063}, "geometry": { "type": "Point", "coordinates": [ -122.127, 38.7154 ] } },
{ "type": "Feature", "id": "WCR1990-006729", "properties": { "WCRNmbr": "WCR1990-006729", "LAT": 38.7154, "LONG": -122.127, "BlwThreshl":"Above" ,"Head":269.063}, "geometry": { "type": "Point", "coordinates": [ -122.127, 38.7154 ] } },
{ "type": "Feature", "id": "WCR1991-002604", "properties": { "WCRNmbr": "WCR1991-002604", "LAT": 38.7153, "LONG": -122.127, "BlwThreshl":"Above" ,"Head":269.063}, "geometry": { "type": "Point", "coordinates": [ -122.127, 38.7153 ] } },
{ "type": "Feature", "id": "WCR1991-004119", "properties": { "WCRNmbr": "WCR1991-004119", "LAT": 38.7154, "LONG": -122.127, "BlwThreshl":"Above" ,"Head":269.063}, "geometry": { "type": "Point", "coordinates": [ -122.127, 38.7154 ] } },
{ "type": "Feature", "id": "WCR1993-002027", "properties": { "WCRNmbr": "WCR1993-002027", "LAT": 38.7154, "LONG": -122.127, "BlwThreshl":"Above" ,"Head":269.063}, "geometry": { "type": "Point", "coordinates": [ -122.127, 38.7154 ] } },
{ "type": "Feature", "id": "WCR1999-001678", "properties": { "WCRNmbr": "WCR1999-001678", "LAT": 38.7154, "LONG": -122.127, "BlwThreshl":"Above" ,"Head":269.063}, "geometry": { "type": "Point", "coordinates": [ -122.127, 38.7154 ] } },
{ "type": "Feature", "id": "WCR2001-003898", "properties": { "WCRNmbr": "WCR2001-003898", "LAT": 38.7154, "LONG": -122.127, "BlwThreshl":"Above" ,"Head":269.063}, "geometry": { "type": "Point", "coordinates": [ -122.127, 38.7154 ] } },
{ "type": "Feature", "id": "WCR2002-001141", "properties": { "WCRNmbr": "WCR2002-001141", "LAT": 38.7154, "LONG": -122.127, "BlwThreshl":"Above" ,"Head":269.063}, "geometry": { "type": "Point", "coordinates": [ -122.127, 38.7154 ] } },
{ "type": "Feature", "id": "WCR2002-001460", "properties": { "WCRNmbr": "WCR2002-001460", "LAT": 38.7154, "LONG": -122.127, "BlwThreshl":"Above" ,"Head":269.063}, "geometry": { "type": "Point", "coordinates": [ -122.127, 38.7154 ] } },
{ "type": "Feature", "id": "WCR2002-006618", "properties": { "WCRNmbr": "WCR2002-006618", "LAT": 38.7154, "LONG": -122.127, "BlwThreshl":"Above" ,"Head":269.063}, "geometry": { "type": "Point", "coordinates": [ -122.127, 38.7154 ] } },
{ "type": "Feature", "id": "WCR2007-006424", "properties": { "WCRNmbr": "WCR2007-006424", "LAT": 38.7154, "LONG": -122.127, "BlwThreshl":"Above" ,"Head":269.063}, "geometry": { "type": "Point", "coordinates": [ -122.127, 38.7154 ] } },
{ "type": "Feature", "id": "WCR0126463", "properties": { "WCRNmbr": "WCR0126463", "LAT": 38.7159, "LONG": -122.109, "BlwThreshl":"Below" ,"Head":249.969}, "geometry": { "type": "Point", "coordinates": [ -122.109, 38.7159 ] } },
{ "type": "Feature", "id": "WCR1987-008897", "properties": { "WCRNmbr": "WCR1987-008897", "LAT": 38.7159, "LONG": -122.109, "BlwThreshl":"Below" ,"Head":249.969}, "geometry": { "type": "Point", "coordinates": [ -122.109, 38.7159 ] } },
{ "type": "Feature", "id": "WCR2008-002915", "properties": { "WCRNmbr": "WCR2008-002915", "LAT": 38.7159, "LONG": -122.091, "BlwThreshl":"Above" ,"Head":228.697}, "geometry": { "type": "Point", "coordinates": [ -122.091, 38.7159 ] } },
{ "type": "Feature", "id": "WCR0235678", "properties": { "WCRNmbr": "WCR0235678", "LAT": 38.7157, "LONG": -122.072, "BlwThreshl":"Below" ,"Head":188.159}, "geometry": { "type": "Point", "coordinates": [ -122.072, 38.7157 ] } },
{ "type": "Feature", "id": "WCR1981-003163", "properties": { "WCRNmbr": "WCR1981-003163", "LAT": 38.7157, "LONG": -122.072, "BlwThreshl":"Below" ,"Head":188.159}, "geometry": { "type": "Point", "coordinates": [ -122.072, 38.7157 ] } },
{ "type": "Feature", "id": "WCR2003-001231", "properties": { "WCRNmbr": "WCR2003-001231", "LAT": 38.7157, "LONG": -122.072, "BlwThreshl":"Above" ,"Head":188.153}, "geometry": { "type": "Point", "coordinates": [ -122.072, 38.7157 ] } },
{ "type": "Feature", "id": "WCR0055350", "properties": { "WCRNmbr": "WCR0055350", "LAT": 38.7156, "LONG": -122.054, "BlwThreshl":"Above" ,"Head":157.88}, "geometry": { "type": "Point", "coordinates": [ -122.054, 38.7156 ] } },
{ "type": "Feature", "id": "WCR0293058", "properties": { "WCRNmbr": "WCR0293058", "LAT": 38.7156, "LONG": -122.054, "BlwThreshl":"Above" ,"Head":157.88}, "geometry": { "type": "Point", "coordinates": [ -122.054, 38.7156 ] } },
{ "type": "Feature", "id": "WCR1776-001103", "properties": { "WCRNmbr": "WCR1776-001103", "LAT": 38.7156, "LONG": -122.054, "BlwThreshl":"Below" ,"Head":165.716}, "geometry": { "type": "Point", "coordinates": [ -122.054, 38.7156 ] } },
{ "type": "Feature", "id": "WCR1972-000085", "properties": { "WCRNmbr": "WCR1972-000085", "LAT": 38.7156, "LONG": -122.054, "BlwThreshl":"Above" ,"Head":157.88}, "geometry": { "type": "Point", "coordinates": [ -122.054, 38.7156 ] } },
{ "type": "Feature", "id": "WCR1976-000243", "properties": { "WCRNmbr": "WCR1976-000243", "LAT": 38.7156, "LONG": -122.054, "BlwThreshl":"Above" ,"Head":157.88}, "geometry": { "type": "Point", "coordinates": [ -122.054, 38.7156 ] } },
{ "type": "Feature", "id": "WCR1976-000847", "properties": { "WCRNmbr": "WCR1976-000847", "LAT": 38.7156, "LONG": -122.054, "BlwThreshl":"Above" ,"Head":157.88}, "geometry": { "type": "Point", "coordinates": [ -122.054, 38.7156 ] } },
{ "type": "Feature", "id": "WCR1977-001343", "properties": { "WCRNmbr": "WCR1977-001343", "LAT": 38.7156, "LONG": -122.054, "BlwThreshl":"Above" ,"Head":157.88}, "geometry": { "type": "Point", "coordinates": [ -122.054, 38.7156 ] } },
{ "type": "Feature", "id": "WCR1978-000255", "properties": { "WCRNmbr": "WCR1978-000255", "LAT": 38.7156, "LONG": -122.054, "BlwThreshl":"Above" ,"Head":165.716}, "geometry": { "type": "Point", "coordinates": [ -122.054, 38.7156 ] } },
{ "type": "Feature", "id": "WCR1978-001733", "properties": { "WCRNmbr": "WCR1978-001733", "LAT": 38.7156, "LONG": -122.054, "BlwThreshl":"Above" ,"Head":157.88}, "geometry": { "type": "Point", "coordinates": [ -122.054, 38.7156 ] } },
{ "type": "Feature", "id": "WCR1978-001749", "properties": { "WCRNmbr": "WCR1978-001749", "LAT": 38.7156, "LONG": -122.054, "BlwThreshl":"Above" ,"Head":165.716}, "geometry": { "type": "Point", "coordinates": [ -122.054, 38.7156 ] } },
{ "type": "Feature", "id": "WCR1984-000149", "properties": { "WCRNmbr": "WCR1984-000149", "LAT": 38.7156, "LONG": -122.054, "BlwThreshl":"Above" ,"Head":157.88}, "geometry": { "type": "Point", "coordinates": [ -122.054, 38.7156 ] } },
{ "type": "Feature", "id": "WCR1984-002534", "properties": { "WCRNmbr": "WCR1984-002534", "LAT": 38.7156, "LONG": -122.054, "BlwThreshl":"Above" ,"Head":157.88}, "geometry": { "type": "Point", "coordinates": [ -122.054, 38.7156 ] } },
{ "type": "Feature", "id": "WCR1984-004703", "properties": { "WCRNmbr": "WCR1984-004703", "LAT": 38.7156, "LONG": -122.054, "BlwThreshl":"Above" ,"Head":157.88}, "geometry": { "type": "Point", "coordinates": [ -122.054, 38.7156 ] } },
{ "type": "Feature", "id": "WCR1986-007580", "properties": { "WCRNmbr": "WCR1986-007580", "LAT": 38.7156, "LONG": -122.054, "BlwThreshl":"Above" ,"Head":157.88}, "geometry": { "type": "Point", "coordinates": [ -122.054, 38.7156 ] } },
{ "type": "Feature", "id": "WCR1989-003250", "properties": { "WCRNmbr": "WCR1989-003250", "LAT": 38.7156, "LONG": -122.054, "BlwThreshl":"Below" ,"Head":165.716}, "geometry": { "type": "Point", "coordinates": [ -122.054, 38.7156 ] } },
{ "type": "Feature", "id": "WCR1990-012199", "properties": { "WCRNmbr": "WCR1990-012199", "LAT": 38.7156, "LONG": -122.054, "BlwThreshl":"Above" ,"Head":157.88}, "geometry": { "type": "Point", "coordinates": [ -122.054, 38.7156 ] } },
{ "type": "Feature", "id": "WCR1992-003265", "properties": { "WCRNmbr": "WCR1992-003265", "LAT": 38.7156, "LONG": -122.054, "BlwThreshl":"Above" ,"Head":157.88}, "geometry": { "type": "Point", "coordinates": [ -122.054, 38.7156 ] } },
{ "type": "Feature", "id": "WCR1997-001914", "properties": { "WCRNmbr": "WCR1997-001914", "LAT": 38.7156, "LONG": -122.054, "BlwThreshl":"Above" ,"Head":157.88}, "geometry": { "type": "Point", "coordinates": [ -122.054, 38.7156 ] } },
{ "type": "Feature", "id": "WCR2005-005215", "properties": { "WCRNmbr": "WCR2005-005215", "LAT": 38.7156, "LONG": -122.054, "BlwThreshl":"Above" ,"Head":157.88}, "geometry": { "type": "Point", "coordinates": [ -122.054, 38.7156 ] } },
{ "type": "Feature", "id": "WCR1972-000594", "properties": { "WCRNmbr": "WCR1972-000594", "LAT": 38.7298, "LONG": -122.017, "BlwThreshl":"Above" ,"Head":143.499}, "geometry": { "type": "Point", "coordinates": [ -122.017, 38.7298 ] } },
{ "type": "Feature", "id": "WCR2022-003299", "properties": { "WCRNmbr": "WCR2022-003299", "LAT": 38.7189, "LONG": -122.017, "BlwThreshl":"Below" ,"Head":149.973}, "geometry": { "type": "Point", "coordinates": [ -122.017, 38.7189 ] } },
{ "type": "Feature", "id": "WCR0173435", "properties": { "WCRNmbr": "WCR0173435", "LAT": 38.7148, "LONG": -121.999, "BlwThreshl":"Above" ,"Head":145.19}, "geometry": { "type": "Point", "coordinates": [ -121.999, 38.7148 ] } },
{ "type": "Feature", "id": "WCR1975-000320", "properties": { "WCRNmbr": "WCR1975-000320", "LAT": 38.7148, "LONG": -121.999, "BlwThreshl":"Above" ,"Head":145.19}, "geometry": { "type": "Point", "coordinates": [ -121.999, 38.7148 ] } },
{ "type": "Feature", "id": "WCR2003-007125", "properties": { "WCRNmbr": "WCR2003-007125", "LAT": 38.7148, "LONG": -121.999, "BlwThreshl":"Above" ,"Head":145.19}, "geometry": { "type": "Point", "coordinates": [ -121.999, 38.7148 ] } },
{ "type": "Feature", "id": "WCR1972-000383", "properties": { "WCRNmbr": "WCR1972-000383", "LAT": 38.7147, "LONG": -121.943, "BlwThreshl":"Above" ,"Head":120.533}, "geometry": { "type": "Point", "coordinates": [ -121.943, 38.7147 ] } },
{ "type": "Feature", "id": "WCR1976-001015", "properties": { "WCRNmbr": "WCR1976-001015", "LAT": 38.7146, "LONG": -121.961, "BlwThreshl":"Above" ,"Head":127.864}, "geometry": { "type": "Point", "coordinates": [ -121.961, 38.7146 ] } },
{ "type": "Feature", "id": "WCR1977-000411", "properties": { "WCRNmbr": "WCR1977-000411", "LAT": 38.7146, "LONG": -121.961, "BlwThreshl":"Above" ,"Head":127.864}, "geometry": { "type": "Point", "coordinates": [ -121.961, 38.7146 ] } },
{ "type": "Feature", "id": "WCR1977-000630", "properties": { "WCRNmbr": "WCR1977-000630", "LAT": 38.7294, "LONG": -121.961, "BlwThreshl":"Above" ,"Head":128.889}, "geometry": { "type": "Point", "coordinates": [ -121.961, 38.7294 ] } },
{ "type": "Feature", "id": "WCR1989-010449", "properties": { "WCRNmbr": "WCR1989-010449", "LAT": 38.7294, "LONG": -121.961, "BlwThreshl":"Above" ,"Head":128.889}, "geometry": { "type": "Point", "coordinates": [ -121.961, 38.7294 ] } },
{ "type": "Feature", "id": "WCR1991-012524", "properties": { "WCRNmbr": "WCR1991-012524", "LAT": 38.7293, "LONG": -121.943, "BlwThreshl":"Above" ,"Head":124.035}, "geometry": { "type": "Point", "coordinates": [ -121.943, 38.7293 ] } },
{ "type": "Feature", "id": "WCR1982-000003", "properties": { "WCRNmbr": "WCR1982-000003", "LAT": 38.7145, "LONG": -121.924, "BlwThreshl":"Above" ,"Head":114.526}, "geometry": { "type": "Point", "coordinates": [ -121.924, 38.7145 ] } },
{ "type": "Feature", "id": "WCR1982-003312", "properties": { "WCRNmbr": "WCR1982-003312", "LAT": 38.7145, "LONG": -121.924, "BlwThreshl":"Below" ,"Head":114.526}, "geometry": { "type": "Point", "coordinates": [ -121.924, 38.7145 ] } },
{ "type": "Feature", "id": "WCR1984-000147", "properties": { "WCRNmbr": "WCR1984-000147", "LAT": 38.7145, "LONG": -121.924, "BlwThreshl":"Above" ,"Head":114.526}, "geometry": { "type": "Point", "coordinates": [ -121.924, 38.7145 ] } },
{ "type": "Feature", "id": "WCR1987-004066", "properties": { "WCRNmbr": "WCR1987-004066", "LAT": 38.7291, "LONG": -121.924, "BlwThreshl":"Above" ,"Head":107.681}, "geometry": { "type": "Point", "coordinates": [ -121.924, 38.7291 ] } },
{ "type": "Feature", "id": "WCR1998-001041", "properties": { "WCRNmbr": "WCR1998-001041", "LAT": 38.7214, "LONG": -121.938, "BlwThreshl":"Above" ,"Head":119.36}, "geometry": { "type": "Point", "coordinates": [ -121.938, 38.7214 ] } },
{ "type": "Feature", "id": "WCR2010-000143", "properties": { "WCRNmbr": "WCR2010-000143", "LAT": 38.7291, "LONG": -121.924, "BlwThreshl":"Above" ,"Head":107.681}, "geometry": { "type": "Point", "coordinates": [ -121.924, 38.7291 ] } },
{ "type": "Feature", "id": "WCR2001-006437", "properties": { "WCRNmbr": "WCR2001-006437", "LAT": 38.7197, "LONG": -121.905, "BlwThreshl":"Above" ,"Head":95.2947}, "geometry": { "type": "Point", "coordinates": [ -121.905, 38.7197 ] } },
{ "type": "Feature", "id": "WCR2018-000221", "properties": { "WCRNmbr": "WCR2018-000221", "LAT": 38.7199, "LONG": -121.906, "BlwThreshl":"Above" ,"Head":95.2947}, "geometry": { "type": "Point", "coordinates": [ -121.906, 38.7199 ] } },
{ "type": "Feature", "id": "WCR1978-001735", "properties": { "WCRNmbr": "WCR1978-001735", "LAT": 38.7287, "LONG": -121.886, "BlwThreshl":"Above" ,"Head":92.5748}, "geometry": { "type": "Point", "coordinates": [ -121.886, 38.7287 ] } },
{ "type": "Feature", "id": "WCR0065753", "properties": { "WCRNmbr": "WCR0065753", "LAT": 38.7287, "LONG": -121.867, "BlwThreshl":"Above" ,"Head":65.4265}, "geometry": { "type": "Point", "coordinates": [ -121.867, 38.7287 ] } },
{ "type": "Feature", "id": "WCR1976-001218", "properties": { "WCRNmbr": "WCR1976-001218", "LAT": 38.7285, "LONG": -121.849, "BlwThreshl":"Above" ,"Head":17.7629}, "geometry": { "type": "Point", "coordinates": [ -121.849, 38.7285 ] } },
{ "type": "Feature", "id": "WCR1980-002421", "properties": { "WCRNmbr": "WCR1980-002421", "LAT": 38.7287, "LONG": -121.867, "BlwThreshl":"Above" ,"Head":65.4265}, "geometry": { "type": "Point", "coordinates": [ -121.867, 38.7287 ] } },
{ "type": "Feature", "id": "WCR2022-013989", "properties": { "WCRNmbr": "WCR2022-013989", "LAT": 38.732, "LONG": -121.849, "BlwThreshl":"Above" ,"Head":17.7629}, "geometry": { "type": "Point", "coordinates": [ -121.849, 38.732 ] } },
{ "type": "Feature", "id": "WCR0276533", "properties": { "WCRNmbr": "WCR0276533", "LAT": 38.7284, "LONG": -121.83, "BlwThreshl":"Above" ,"Head":20.4939}, "geometry": { "type": "Point", "coordinates": [ -121.83, 38.7284 ] } },
{ "type": "Feature", "id": "WCR0311714", "properties": { "WCRNmbr": "WCR0311714", "LAT": 38.7284, "LONG": -121.83, "BlwThreshl":"Above" ,"Head":20.4939}, "geometry": { "type": "Point", "coordinates": [ -121.83, 38.7284 ] } },
{ "type": "Feature", "id": "WCR1977-001830", "properties": { "WCRNmbr": "WCR1977-001830", "LAT": 38.7284, "LONG": -121.83, "BlwThreshl":"Above" ,"Head":20.4497}, "geometry": { "type": "Point", "coordinates": [ -121.83, 38.7284 ] } },
{ "type": "Feature", "id": "WCR1980-002427", "properties": { "WCRNmbr": "WCR1980-002427", "LAT": 38.7284, "LONG": -121.83, "BlwThreshl":"Above" ,"Head":20.4939}, "geometry": { "type": "Point", "coordinates": [ -121.83, 38.7284 ] } },
{ "type": "Feature", "id": "WCR1986-007586", "properties": { "WCRNmbr": "WCR1986-007586", "LAT": 38.7284, "LONG": -121.83, "BlwThreshl":"Above" ,"Head":20.4939}, "geometry": { "type": "Point", "coordinates": [ -121.83, 38.7284 ] } },
{ "type": "Feature", "id": "WCR1991-006915", "properties": { "WCRNmbr": "WCR1991-006915", "LAT": 38.7284, "LONG": -121.83, "BlwThreshl":"Above" ,"Head":20.4497}, "geometry": { "type": "Point", "coordinates": [ -121.83, 38.7284 ] } },
{ "type": "Feature", "id": "WCR1992-001404", "properties": { "WCRNmbr": "WCR1992-001404", "LAT": 38.7284, "LONG": -121.83, "BlwThreshl":"Above" ,"Head":20.4939}, "geometry": { "type": "Point", "coordinates": [ -121.83, 38.7284 ] } },
{ "type": "Feature", "id": "WCR1992-004566", "properties": { "WCRNmbr": "WCR1992-004566", "LAT": 38.7284, "LONG": -121.83, "BlwThreshl":"Above" ,"Head":20.4497}, "geometry": { "type": "Point", "coordinates": [ -121.83, 38.7284 ] } },
{ "type": "Feature", "id": "WCR1992-004571", "properties": { "WCRNmbr": "WCR1992-004571", "LAT": 38.7284, "LONG": -121.83, "BlwThreshl":"Above" ,"Head":20.4497}, "geometry": { "type": "Point", "coordinates": [ -121.83, 38.7284 ] } },
{ "type": "Feature", "id": "WCR1994-000952", "properties": { "WCRNmbr": "WCR1994-000952", "LAT": 38.7284, "LONG": -121.83, "BlwThreshl":"Above" ,"Head":20.4939}, "geometry": { "type": "Point", "coordinates": [ -121.83, 38.7284 ] } },
{ "type": "Feature", "id": "WCR2003-004949", "properties": { "WCRNmbr": "WCR2003-004949", "LAT": 38.7284, "LONG": -121.83, "BlwThreshl":"Above" ,"Head":20.4939}, "geometry": { "type": "Point", "coordinates": [ -121.83, 38.7284 ] } },
{ "type": "Feature", "id": "WCR1776-001106", "properties": { "WCRNmbr": "WCR1776-001106", "LAT": 38.7281, "LONG": -121.812, "BlwThreshl":"Below" ,"Head":20.4064}, "geometry": { "type": "Point", "coordinates": [ -121.812, 38.7281 ] } },
{ "type": "Feature", "id": "WCR1972-000596", "properties": { "WCRNmbr": "WCR1972-000596", "LAT": 38.7281, "LONG": -121.812, "BlwThreshl":"Above" ,"Head":20.4064}, "geometry": { "type": "Point", "coordinates": [ -121.812, 38.7281 ] } },
{ "type": "Feature", "id": "WCR1973-000446", "properties": { "WCRNmbr": "WCR1973-000446", "LAT": 38.7281, "LONG": -121.812, "BlwThreshl":"Above" ,"Head":20.4064}, "geometry": { "type": "Point", "coordinates": [ -121.812, 38.7281 ] } },
{ "type": "Feature", "id": "WCR1976-001219", "properties": { "WCRNmbr": "WCR1976-001219", "LAT": 38.7281, "LONG": -121.812, "BlwThreshl":"Above" ,"Head":20.4064}, "geometry": { "type": "Point", "coordinates": [ -121.812, 38.7281 ] } },
{ "type": "Feature", "id": "WCR2000-002152", "properties": { "WCRNmbr": "WCR2000-002152", "LAT": 38.7281, "LONG": -121.812, "BlwThreshl":"Above" ,"Head":20.4064}, "geometry": { "type": "Point", "coordinates": [ -121.812, 38.7281 ] } },
{ "type": "Feature", "id": "WCR2001-006458", "properties": { "WCRNmbr": "WCR2001-006458", "LAT": 38.7156, "LONG": -121.809, "BlwThreshl":"Above" ,"Head":26.6068}, "geometry": { "type": "Point", "coordinates": [ -121.809, 38.7156 ] } },
{ "type": "Feature", "id": "WCR2002-002941", "properties": { "WCRNmbr": "WCR2002-002941", "LAT": 38.7144, "LONG": -121.808, "BlwThreshl":"Above" ,"Head":26.6068}, "geometry": { "type": "Point", "coordinates": [ -121.808, 38.7144 ] } },
{ "type": "Feature", "id": "WCR2004-002506", "properties": { "WCRNmbr": "WCR2004-002506", "LAT": 38.7281, "LONG": -121.812, "BlwThreshl":"Above" ,"Head":20.4064}, "geometry": { "type": "Point", "coordinates": [ -121.812, 38.7281 ] } },
{ "type": "Feature", "id": "WCR2008-005236", "properties": { "WCRNmbr": "WCR2008-005236", "LAT": 38.7281, "LONG": -121.812, "BlwThreshl":"Above" ,"Head":20.3732}, "geometry": { "type": "Point", "coordinates": [ -121.812, 38.7281 ] } },
{ "type": "Feature", "id": "WCR2013-003488", "properties": { "WCRNmbr": "WCR2013-003488", "LAT": 38.7211, "LONG": -121.821, "BlwThreshl":"Above" ,"Head":25.8511}, "geometry": { "type": "Point", "coordinates": [ -121.821, 38.7211 ] } },
{ "type": "Feature", "id": "WCR0178197", "properties": { "WCRNmbr": "WCR0178197", "LAT": 38.7279, "LONG": -121.794, "BlwThreshl":"Above" ,"Head":23.1134}, "geometry": { "type": "Point", "coordinates": [ -121.794, 38.7279 ] } },
{ "type": "Feature", "id": "WCR0314653", "properties": { "WCRNmbr": "WCR0314653", "LAT": 38.7279, "LONG": -121.794, "BlwThreshl":"Above" ,"Head":23.1134}, "geometry": { "type": "Point", "coordinates": [ -121.794, 38.7279 ] } },
{ "type": "Feature", "id": "WCR1982-003295", "properties": { "WCRNmbr": "WCR1982-003295", "LAT": 38.7279, "LONG": -121.794, "BlwThreshl":"Above" ,"Head":22.954}, "geometry": { "type": "Point", "coordinates": [ -121.794, 38.7279 ] } },
{ "type": "Feature", "id": "WCR1982-003310", "properties": { "WCRNmbr": "WCR1982-003310", "LAT": 38.7279, "LONG": -121.794, "BlwThreshl":"Above" ,"Head":23.1134}, "geometry": { "type": "Point", "coordinates": [ -121.794, 38.7279 ] } },
{ "type": "Feature", "id": "WCR2015-004464", "properties": { "WCRNmbr": "WCR2015-004464", "LAT": 38.7197, "LONG": -121.788, "BlwThreshl":"Above" ,"Head":27.8688}, "geometry": { "type": "Point", "coordinates": [ -121.788, 38.7197 ] } },
{ "type": "Feature", "id": "WCR0010844", "properties": { "WCRNmbr": "WCR0010844", "LAT": 38.7278, "LONG": -121.775, "BlwThreshl":"Above" ,"Head":30.6687}, "geometry": { "type": "Point", "coordinates": [ -121.775, 38.7278 ] } },
{ "type": "Feature", "id": "WCR1974-000639", "properties": { "WCRNmbr": "WCR1974-000639", "LAT": 38.7278, "LONG": -121.775, "BlwThreshl":"Above" ,"Head":30.6687}, "geometry": { "type": "Point", "coordinates": [ -121.775, 38.7278 ] } },
{ "type": "Feature", "id": "WCR1976-000975", "properties": { "WCRNmbr": "WCR1976-000975", "LAT": 38.7278, "LONG": -121.775, "BlwThreshl":"Above" ,"Head":30.6429}, "geometry": { "type": "Point", "coordinates": [ -121.775, 38.7278 ] } },
{ "type": "Feature", "id": "WCR1976-001014", "properties": { "WCRNmbr": "WCR1976-001014", "LAT": 38.7275, "LONG": -121.757, "BlwThreshl":"Above" ,"Head":29.7254}, "geometry": { "type": "Point", "coordinates": [ -121.757, 38.7275 ] } },
{ "type": "Feature", "id": "WCR1976-001236", "properties": { "WCRNmbr": "WCR1976-001236", "LAT": 38.7278, "LONG": -121.775, "BlwThreshl":"Above" ,"Head":30.6429}, "geometry": { "type": "Point", "coordinates": [ -121.775, 38.7278 ] } },
{ "type": "Feature", "id": "WCR1977-001815", "properties": { "WCRNmbr": "WCR1977-001815", "LAT": 38.7278, "LONG": -121.775, "BlwThreshl":"Above" ,"Head":30.6429}, "geometry": { "type": "Point", "coordinates": [ -121.775, 38.7278 ] } },
{ "type": "Feature", "id": "WCR1977-001816", "properties": { "WCRNmbr": "WCR1977-001816", "LAT": 38.7278, "LONG": -121.775, "BlwThreshl":"Above" ,"Head":30.6429}, "geometry": { "type": "Point", "coordinates": [ -121.775, 38.7278 ] } },
{ "type": "Feature", "id": "WCR1977-001817", "properties": { "WCRNmbr": "WCR1977-001817", "LAT": 38.7278, "LONG": -121.775, "BlwThreshl":"Above" ,"Head":30.6429}, "geometry": { "type": "Point", "coordinates": [ -121.775, 38.7278 ] } },
{ "type": "Feature", "id": "WCR1977-001819", "properties": { "WCRNmbr": "WCR1977-001819", "LAT": 38.7278, "LONG": -121.775, "BlwThreshl":"Above" ,"Head":30.6429}, "geometry": { "type": "Point", "coordinates": [ -121.775, 38.7278 ] } },
{ "type": "Feature", "id": "WCR1977-001821", "properties": { "WCRNmbr": "WCR1977-001821", "LAT": 38.7275, "LONG": -121.757, "BlwThreshl":"Above" ,"Head":29.7254}, "geometry": { "type": "Point", "coordinates": [ -121.757, 38.7275 ] } },
{ "type": "Feature", "id": "WCR1977-002052", "properties": { "WCRNmbr": "WCR1977-002052", "LAT": 38.7278, "LONG": -121.775, "BlwThreshl":"Above" ,"Head":30.6429}, "geometry": { "type": "Point", "coordinates": [ -121.775, 38.7278 ] } },
{ "type": "Feature", "id": "WCR1978-001734", "properties": { "WCRNmbr": "WCR1978-001734", "LAT": 38.7278, "LONG": -121.775, "BlwThreshl":"Above" ,"Head":30.6429}, "geometry": { "type": "Point", "coordinates": [ -121.775, 38.7278 ] } },
{ "type": "Feature", "id": "WCR1979-000776", "properties": { "WCRNmbr": "WCR1979-000776", "LAT": 38.7278, "LONG": -121.775, "BlwThreshl":"Above" ,"Head":30.6429}, "geometry": { "type": "Point", "coordinates": [ -121.775, 38.7278 ] } },
{ "type": "Feature", "id": "WCR1979-000780", "properties": { "WCRNmbr": "WCR1979-000780", "LAT": 38.7278, "LONG": -121.775, "BlwThreshl":"Above" ,"Head":30.6429}, "geometry": { "type": "Point", "coordinates": [ -121.775, 38.7278 ] } },
{ "type": "Feature", "id": "WCR1981-003046", "properties": { "WCRNmbr": "WCR1981-003046", "LAT": 38.7278, "LONG": -121.775, "BlwThreshl":"Above" ,"Head":30.6687}, "geometry": { "type": "Point", "coordinates": [ -121.775, 38.7278 ] } },
{ "type": "Feature", "id": "WCR1990-006728", "properties": { "WCRNmbr": "WCR1990-006728", "LAT": 38.7275, "LONG": -121.757, "BlwThreshl":"Above" ,"Head":29.7254}, "geometry": { "type": "Point", "coordinates": [ -121.757, 38.7275 ] } },
{ "type": "Feature", "id": "WCR1992-004821", "properties": { "WCRNmbr": "WCR1992-004821", "LAT": 38.7278, "LONG": -121.775, "BlwThreshl":"Above" ,"Head":30.6429}, "geometry": { "type": "Point", "coordinates": [ -121.775, 38.7278 ] } },
{ "type": "Feature", "id": "WCR2008-000789", "properties": { "WCRNmbr": "WCR2008-000789", "LAT": 38.7275, "LONG": -121.757, "BlwThreshl":"Above" ,"Head":29.7254}, "geometry": { "type": "Point", "coordinates": [ -121.757, 38.7275 ] } },
{ "type": "Feature", "id": "WCR0065759", "properties": { "WCRNmbr": "WCR0065759", "LAT": 38.7274, "LONG": -121.738, "BlwThreshl":"Above" ,"Head":24.2803}, "geometry": { "type": "Point", "coordinates": [ -121.738, 38.7274 ] } },
{ "type": "Feature", "id": "WCR1978-001063", "properties": { "WCRNmbr": "WCR1978-001063", "LAT": 38.7274, "LONG": -121.738, "BlwThreshl":"Above" ,"Head":24.2803}, "geometry": { "type": "Point", "coordinates": [ -121.738, 38.7274 ] } },
{ "type": "Feature", "id": "WCR1982-003296", "properties": { "WCRNmbr": "WCR1982-003296", "LAT": 38.7274, "LONG": -121.738, "BlwThreshl":"Above" ,"Head":24.2803}, "geometry": { "type": "Point", "coordinates": [ -121.738, 38.7274 ] } },
{ "type": "Feature", "id": "WCR1986-007577", "properties": { "WCRNmbr": "WCR1986-007577", "LAT": 38.7274, "LONG": -121.738, "BlwThreshl":"Above" ,"Head":24.2803}, "geometry": { "type": "Point", "coordinates": [ -121.738, 38.7274 ] } },
{ "type": "Feature", "id": "WCR1998-001241", "properties": { "WCRNmbr": "WCR1998-001241", "LAT": 38.7274, "LONG": -121.738, "BlwThreshl":"Above" ,"Head":24.2803}, "geometry": { "type": "Point", "coordinates": [ -121.738, 38.7274 ] } },
{ "type": "Feature", "id": "WCR1998-001252", "properties": { "WCRNmbr": "WCR1998-001252", "LAT": 38.7272, "LONG": -121.701, "BlwThreshl":"Above" ,"Head":28.0238}, "geometry": { "type": "Point", "coordinates": [ -121.701, 38.7272 ] } },
{ "type": "Feature", "id": "WCR2005-000715", "properties": { "WCRNmbr": "WCR2005-000715", "LAT": 38.7272, "LONG": -121.701, "BlwThreshl":"Above" ,"Head":28.1041}, "geometry": { "type": "Point", "coordinates": [ -121.701, 38.7272 ] } },
{ "type": "Feature", "id": "WCR1992-003186", "properties": { "WCRNmbr": "WCR1992-003186", "LAT": 38.7444, "LONG": -122.163, "BlwThreshl":"Above" ,"Head":287.248}, "geometry": { "type": "Point", "coordinates": [ -122.163, 38.7444 ] } },
{ "type": "Feature", "id": "WCR1992-004982", "properties": { "WCRNmbr": "WCR1992-004982", "LAT": 38.7444, "LONG": -122.163, "BlwThreshl":"Above" ,"Head":287.248}, "geometry": { "type": "Point", "coordinates": [ -122.163, 38.7444 ] } },
{ "type": "Feature", "id": "WCR1992-004983", "properties": { "WCRNmbr": "WCR1992-004983", "LAT": 38.7444, "LONG": -122.163, "BlwThreshl":"Above" ,"Head":287.248}, "geometry": { "type": "Point", "coordinates": [ -122.163, 38.7444 ] } },
{ "type": "Feature", "id": "WCR1977-001825", "properties": { "WCRNmbr": "WCR1977-001825", "LAT": 38.7443, "LONG": -122.145, "BlwThreshl":"Below" ,"Head":278.4}, "geometry": { "type": "Point", "coordinates": [ -122.145, 38.7443 ] } },
{ "type": "Feature", "id": "WCR1984-004922", "properties": { "WCRNmbr": "WCR1984-004922", "LAT": 38.7453, "LONG": -122.054, "BlwThreshl":"NoData" ,"Head":null}, "geometry": { "type": "Point", "coordinates": [ -122.054, 38.7453 ] } },
{ "type": "Feature", "id": "WCR2000-002099", "properties": { "WCRNmbr": "WCR2000-002099", "LAT": 38.745, "LONG": -122.035, "BlwThreshl":"Above" ,"Head":153.572}, "geometry": { "type": "Point", "coordinates": [ -122.035, 38.745 ] } },
{ "type": "Feature", "id": "WCR2004-004239", "properties": { "WCRNmbr": "WCR2004-004239", "LAT": 38.745, "LONG": -122.035, "BlwThreshl":"Above" ,"Head":153.572}, "geometry": { "type": "Point", "coordinates": [ -122.035, 38.745 ] } },
{ "type": "Feature", "id": "WCR1977-000050", "properties": { "WCRNmbr": "WCR1977-000050", "LAT": 38.7443, "LONG": -121.998, "BlwThreshl":"Above" ,"Head":133.263}, "geometry": { "type": "Point", "coordinates": [ -121.998, 38.7443 ] } },
{ "type": "Feature", "id": "WCR1972-000581", "properties": { "WCRNmbr": "WCR1972-000581", "LAT": 38.744, "LONG": -121.98, "BlwThreshl":"Above" ,"Head":132.095}, "geometry": { "type": "Point", "coordinates": [ -121.98, 38.744 ] } },
{ "type": "Feature", "id": "WCR1977-002015", "properties": { "WCRNmbr": "WCR1977-002015", "LAT": 38.744, "LONG": -121.98, "BlwThreshl":"Above" ,"Head":132.095}, "geometry": { "type": "Point", "coordinates": [ -121.98, 38.744 ] } },
{ "type": "Feature", "id": "WCR1977-002016", "properties": { "WCRNmbr": "WCR1977-002016", "LAT": 38.744, "LONG": -121.98, "BlwThreshl":"Above" ,"Head":132.095}, "geometry": { "type": "Point", "coordinates": [ -121.98, 38.744 ] } },
{ "type": "Feature", "id": "WCR1970-000266", "properties": { "WCRNmbr": "WCR1970-000266", "LAT": 38.7438, "LONG": -121.943, "BlwThreshl":"Above" ,"Head":115.903}, "geometry": { "type": "Point", "coordinates": [ -121.943, 38.7438 ] } },
{ "type": "Feature", "id": "WCR2005-004660", "properties": { "WCRNmbr": "WCR2005-004660", "LAT": 38.7438, "LONG": -121.943, "BlwThreshl":"Above" ,"Head":115.903}, "geometry": { "type": "Point", "coordinates": [ -121.943, 38.7438 ] } },
{ "type": "Feature", "id": "WCR2018-005346", "properties": { "WCRNmbr": "WCR2018-005346", "LAT": 38.7364, "LONG": -121.91, "BlwThreshl":"Above" ,"Head":91.0947}, "geometry": { "type": "Point", "coordinates": [ -121.91, 38.7364 ] } },
{ "type": "Feature", "id": "WCR1989-001410", "properties": { "WCRNmbr": "WCR1989-001410", "LAT": 38.7427, "LONG": -121.83, "BlwThreshl":"Above" ,"Head":13.8608}, "geometry": { "type": "Point", "coordinates": [ -121.83, 38.7427 ] } },
{ "type": "Feature", "id": "WCR1975-000724", "properties": { "WCRNmbr": "WCR1975-000724", "LAT": 38.7426, "LONG": -121.812, "BlwThreshl":"Above" ,"Head":14.4458}, "geometry": { "type": "Point", "coordinates": [ -121.812, 38.7426 ] } },
{ "type": "Feature", "id": "WCR1987-001779", "properties": { "WCRNmbr": "WCR1987-001779", "LAT": 38.7426, "LONG": -121.812, "BlwThreshl":"Above" ,"Head":14.1342}, "geometry": { "type": "Point", "coordinates": [ -121.812, 38.7426 ] } },
{ "type": "Feature", "id": "WCR2004-004230", "properties": { "WCRNmbr": "WCR2004-004230", "LAT": 38.7439, "LONG": -121.801, "BlwThreshl":"Above" ,"Head":10.2873}, "geometry": { "type": "Point", "coordinates": [ -121.801, 38.7439 ] } },
{ "type": "Feature", "id": "WCR0277783", "properties": { "WCRNmbr": "WCR0277783", "LAT": 38.7424, "LONG": -121.794, "BlwThreshl":"Above" ,"Head":10.2873}, "geometry": { "type": "Point", "coordinates": [ -121.794, 38.7424 ] } },
{ "type": "Feature", "id": "WCR1976-000971", "properties": { "WCRNmbr": "WCR1976-000971", "LAT": 38.7424, "LONG": -121.794, "BlwThreshl":"Above" ,"Head":10.2873}, "geometry": { "type": "Point", "coordinates": [ -121.794, 38.7424 ] } },
{ "type": "Feature", "id": "WCR1977-001838", "properties": { "WCRNmbr": "WCR1977-001838", "LAT": 38.7424, "LONG": -121.794, "BlwThreshl":"Above" ,"Head":10.2873}, "geometry": { "type": "Point", "coordinates": [ -121.794, 38.7424 ] } },
{ "type": "Feature", "id": "WCR1977-002032", "properties": { "WCRNmbr": "WCR1977-002032", "LAT": 38.7424, "LONG": -121.794, "BlwThreshl":"Above" ,"Head":10.2873}, "geometry": { "type": "Point", "coordinates": [ -121.794, 38.7424 ] } },
{ "type": "Feature", "id": "WCR1984-004708", "properties": { "WCRNmbr": "WCR1984-004708", "LAT": 38.7424, "LONG": -121.794, "BlwThreshl":"Above" ,"Head":10.2873}, "geometry": { "type": "Point", "coordinates": [ -121.794, 38.7424 ] } },
{ "type": "Feature", "id": "WCR1988-005354", "properties": { "WCRNmbr": "WCR1988-005354", "LAT": 38.7424, "LONG": -121.794, "BlwThreshl":"Above" ,"Head":10.2873}, "geometry": { "type": "Point", "coordinates": [ -121.794, 38.7424 ] } },
{ "type": "Feature", "id": "WCR2010-000605", "properties": { "WCRNmbr": "WCR2010-000605", "LAT": 38.7378, "LONG": -121.799, "BlwThreshl":"Above" ,"Head":17.9473}, "geometry": { "type": "Point", "coordinates": [ -121.799, 38.7378 ] } },
{ "type": "Feature", "id": "WCR1972-000385", "properties": { "WCRNmbr": "WCR1972-000385", "LAT": 38.7423, "LONG": -121.775, "BlwThreshl":"Above" ,"Head":12.3746}, "geometry": { "type": "Point", "coordinates": [ -121.775, 38.7423 ] } },
{ "type": "Feature", "id": "WCR1974-000630", "properties": { "WCRNmbr": "WCR1974-000630", "LAT": 38.7423, "LONG": -121.775, "BlwThreshl":"Above" ,"Head":12.3746}, "geometry": { "type": "Point", "coordinates": [ -121.775, 38.7423 ] } },
{ "type": "Feature", "id": "WCR1979-000537", "properties": { "WCRNmbr": "WCR1979-000537", "LAT": 38.7423, "LONG": -121.775, "BlwThreshl":"Above" ,"Head":12.3746}, "geometry": { "type": "Point", "coordinates": [ -121.775, 38.7423 ] } },
{ "type": "Feature", "id": "WCR1979-002087", "properties": { "WCRNmbr": "WCR1979-002087", "LAT": 38.7423, "LONG": -121.775, "BlwThreshl":"Above" ,"Head":12.3746}, "geometry": { "type": "Point", "coordinates": [ -121.775, 38.7423 ] } },
{ "type": "Feature", "id": "WCR1986-001511", "properties": { "WCRNmbr": "WCR1986-001511", "LAT": 38.7423, "LONG": -121.775, "BlwThreshl":"Above" ,"Head":12.3746}, "geometry": { "type": "Point", "coordinates": [ -121.775, 38.7423 ] } },
{ "type": "Feature", "id": "WCR1988-001429", "properties": { "WCRNmbr": "WCR1988-001429", "LAT": 38.7419, "LONG": -121.757, "BlwThreshl":"Above" ,"Head":17.0618}, "geometry": { "type": "Point", "coordinates": [ -121.757, 38.7419 ] } },
{ "type": "Feature", "id": "WCR1991-009588", "properties": { "WCRNmbr": "WCR1991-009588", "LAT": 38.7423, "LONG": -121.775, "BlwThreshl":"Above" ,"Head":12.3746}, "geometry": { "type": "Point", "coordinates": [ -121.775, 38.7423 ] } },
{ "type": "Feature", "id": "WCR2024-000296", "properties": { "WCRNmbr": "WCR2024-000296", "LAT": 38.7453, "LONG": -121.776, "BlwThreshl":"Above" ,"Head":12.3746}, "geometry": { "type": "Point", "coordinates": [ -121.776, 38.7453 ] } },
{ "type": "Feature", "id": "WCR1976-001345", "properties": { "WCRNmbr": "WCR1976-001345", "LAT": 38.7415, "LONG": -121.738, "BlwThreshl":"Above" ,"Head":23.5345}, "geometry": { "type": "Point", "coordinates": [ -121.738, 38.7415 ] } },
{ "type": "Feature", "id": "WCR1984-000148", "properties": { "WCRNmbr": "WCR1984-000148", "LAT": 38.7415, "LONG": -121.738, "BlwThreshl":"Above" ,"Head":23.5345}, "geometry": { "type": "Point", "coordinates": [ -121.738, 38.7415 ] } },
{ "type": "Feature", "id": "WCR1977-002061", "properties": { "WCRNmbr": "WCR1977-002061", "LAT": 38.7414, "LONG": -121.72, "BlwThreshl":"Above" ,"Head":24.2222}, "geometry": { "type": "Point", "coordinates": [ -121.72, 38.7414 ] } },
{ "type": "Feature", "id": "WCR2003-004953", "properties": { "WCRNmbr": "WCR2003-004953", "LAT": 38.7414, "LONG": -121.702, "BlwThreshl":"Above" ,"Head":21.0557}, "geometry": { "type": "Point", "coordinates": [ -121.702, 38.7414 ] } },
{ "type": "Feature", "id": "WCR1978-001348", "properties": { "WCRNmbr": "WCR1978-001348", "LAT": 38.7594, "LONG": -122.163, "BlwThreshl":"Above" ,"Head":288.589}, "geometry": { "type": "Point", "coordinates": [ -122.163, 38.7594 ] } },
{ "type": "Feature", "id": "WCR1988-005361", "properties": { "WCRNmbr": "WCR1988-005361", "LAT": 38.7594, "LONG": -122.163, "BlwThreshl":"Above" ,"Head":288.589}, "geometry": { "type": "Point", "coordinates": [ -122.163, 38.7594 ] } },
{ "type": "Feature", "id": "WCR2016-008798", "properties": { "WCRNmbr": "WCR2016-008798", "LAT": 38.7628, "LONG": -122.161, "BlwThreshl":"Above" ,"Head":288.865}, "geometry": { "type": "Point", "coordinates": [ -122.161, 38.7628 ] } },
{ "type": "Feature", "id": "WCR2019-015502", "properties": { "WCRNmbr": "WCR2019-015502", "LAT": 38.7522, "LONG": -122.172, "BlwThreshl":"Above" ,"Head":298.942}, "geometry": { "type": "Point", "coordinates": [ -122.172, 38.7522 ] } },
{ "type": "Feature", "id": "WCR2022-001228", "properties": { "WCRNmbr": "WCR2022-001228", "LAT": 38.7672, "LONG": -122.163, "BlwThreshl":"Above" ,"Head":290.017}, "geometry": { "type": "Point", "coordinates": [ -122.163, 38.7672 ] } },
{ "type": "Feature", "id": "WCR2022-002083", "properties": { "WCRNmbr": "WCR2022-002083", "LAT": 38.7632, "LONG": -122.163, "BlwThreshl":"Below" ,"Head":290.017}, "geometry": { "type": "Point", "coordinates": [ -122.163, 38.7632 ] } },
{ "type": "Feature", "id": "WCR1974-000649", "properties": { "WCRNmbr": "WCR1974-000649", "LAT": 38.7595, "LONG": -122.145, "BlwThreshl":"Above" ,"Head":286.812}, "geometry": { "type": "Point", "coordinates": [ -122.145, 38.7595 ] } },
{ "type": "Feature", "id": "WCR1981-002431", "properties": { "WCRNmbr": "WCR1981-002431", "LAT": 38.7595, "LONG": -122.145, "BlwThreshl":"Above" ,"Head":286.812}, "geometry": { "type": "Point", "coordinates": [ -122.145, 38.7595 ] } },
{ "type": "Feature", "id": "WCR1998-001161", "properties": { "WCRNmbr": "WCR1998-001161", "LAT": 38.7595, "LONG": -122.145, "BlwThreshl":"Above" ,"Head":286.812}, "geometry": { "type": "Point", "coordinates": [ -122.145, 38.7595 ] } },
{ "type": "Feature", "id": "WCR2002-001099", "properties": { "WCRNmbr": "WCR2002-001099", "LAT": 38.7595, "LONG": -122.145, "BlwThreshl":"Above" ,"Head":286.812}, "geometry": { "type": "Point", "coordinates": [ -122.145, 38.7595 ] } },
{ "type": "Feature", "id": "WCR1994-005506", "properties": { "WCRNmbr": "WCR1994-005506", "LAT": 38.76, "LONG": -122.072, "BlwThreshl":"Above" ,"Head":214.948}, "geometry": { "type": "Point", "coordinates": [ -122.072, 38.76 ] } },
{ "type": "Feature", "id": "WCR2019-017995", "properties": { "WCRNmbr": "WCR2019-017995", "LAT": 38.7608, "LONG": -122.067, "BlwThreshl":"NoData" ,"Head":null}, "geometry": { "type": "Point", "coordinates": [ -122.067, 38.7608 ] } },
{ "type": "Feature", "id": "WCR2023-013367", "properties": { "WCRNmbr": "WCR2023-013367", "LAT": 38.7627, "LONG": -122.063, "BlwThreshl":"NoData" ,"Head":null}, "geometry": { "type": "Point", "coordinates": [ -122.063, 38.7627 ] } },
{ "type": "Feature", "id": "WCR0209647", "properties": { "WCRNmbr": "WCR0209647", "LAT": 38.7598, "LONG": -122.054, "BlwThreshl":"NoData" ,"Head":null}, "geometry": { "type": "Point", "coordinates": [ -122.054, 38.7598 ] } },
{ "type": "Feature", "id": "WCR1983-003689", "properties": { "WCRNmbr": "WCR1983-003689", "LAT": 38.7598, "LONG": -122.054, "BlwThreshl":"NoData" ,"Head":null}, "geometry": { "type": "Point", "coordinates": [ -122.054, 38.7598 ] } },
{ "type": "Feature", "id": "WCR1987-004068", "properties": { "WCRNmbr": "WCR1987-004068", "LAT": 38.7598, "LONG": -122.054, "BlwThreshl":"Above" ,"Head":159.846}, "geometry": { "type": "Point", "coordinates": [ -122.054, 38.7598 ] } },
{ "type": "Feature", "id": "WCR1991-001907", "properties": { "WCRNmbr": "WCR1991-001907", "LAT": 38.7598, "LONG": -122.054, "BlwThreshl":"Above" ,"Head":184.315}, "geometry": { "type": "Point", "coordinates": [ -122.054, 38.7598 ] } },
{ "type": "Feature", "id": "WCR1991-002603", "properties": { "WCRNmbr": "WCR1991-002603", "LAT": 38.7598, "LONG": -122.054, "BlwThreshl":"Above" ,"Head":184.315}, "geometry": { "type": "Point", "coordinates": [ -122.054, 38.7598 ] } },
{ "type": "Feature", "id": "WCR1995-002786", "properties": { "WCRNmbr": "WCR1995-002786", "LAT": 38.7598, "LONG": -122.054, "BlwThreshl":"Above" ,"Head":184.315}, "geometry": { "type": "Point", "coordinates": [ -122.054, 38.7598 ] } },
{ "type": "Feature", "id": "WCR1995-003859", "properties": { "WCRNmbr": "WCR1995-003859", "LAT": 38.7598, "LONG": -122.054, "BlwThreshl":"Above" ,"Head":159.846}, "geometry": { "type": "Point", "coordinates": [ -122.054, 38.7598 ] } },
{ "type": "Feature", "id": "WCR1999-006125", "properties": { "WCRNmbr": "WCR1999-006125", "LAT": 38.7638, "LONG": -122.056, "BlwThreshl":"Above" ,"Head":158.057}, "geometry": { "type": "Point", "coordinates": [ -122.056, 38.7638 ] } },
{ "type": "Feature", "id": "WCR2002-001461", "properties": { "WCRNmbr": "WCR2002-001461", "LAT": 38.7598, "LONG": -122.054, "BlwThreshl":"Above" ,"Head":159.846}, "geometry": { "type": "Point", "coordinates": [ -122.054, 38.7598 ] } },
{ "type": "Feature", "id": "WCR2015-007689", "properties": { "WCRNmbr": "WCR2015-007689", "LAT": 38.7598, "LONG": -122.054, "BlwThreshl":"NoData" ,"Head":null}, "geometry": { "type": "Point", "coordinates": [ -122.054, 38.7598 ] } },
{ "type": "Feature", "id": "WCR1776-001112", "properties": { "WCRNmbr": "WCR1776-001112", "LAT": 38.7594, "LONG": -122.016, "BlwThreshl":"Above" ,"Head":133.943}, "geometry": { "type": "Point", "coordinates": [ -122.016, 38.7594 ] } },
{ "type": "Feature", "id": "WCR2000-006852", "properties": { "WCRNmbr": "WCR2000-006852", "LAT": 38.7611, "LONG": -121.958, "BlwThreshl":"Above" ,"Head":118.376}, "geometry": { "type": "Point", "coordinates": [ -121.958, 38.7611 ] } },
{ "type": "Feature", "id": "WCR2005-004040", "properties": { "WCRNmbr": "WCR2005-004040", "LAT": 38.7586, "LONG": -121.961, "BlwThreshl":"Above" ,"Head":123.816}, "geometry": { "type": "Point", "coordinates": [ -121.961, 38.7586 ] } },
{ "type": "Feature", "id": "WCR2004-004618", "properties": { "WCRNmbr": "WCR2004-004618", "LAT": 38.7584, "LONG": -121.942, "BlwThreshl":"Above" ,"Head":112.031}, "geometry": { "type": "Point", "coordinates": [ -121.942, 38.7584 ] } },
{ "type": "Feature", "id": "WCR2002-006625", "properties": { "WCRNmbr": "WCR2002-006625", "LAT": 38.77, "LONG": -121.916, "BlwThreshl":"Above" ,"Head":30.6171}, "geometry": { "type": "Point", "coordinates": [ -121.916, 38.77 ] } },
{ "type": "Feature", "id": "WCR2001-006781", "properties": { "WCRNmbr": "WCR2001-006781", "LAT": 38.7692, "LONG": -121.881, "BlwThreshl":"Above" ,"Head":-13.3685}, "geometry": { "type": "Point", "coordinates": [ -121.881, 38.7692 ] } },
{ "type": "Feature", "id": "WCR1974-000237", "properties": { "WCRNmbr": "WCR1974-000237", "LAT": 38.7576, "LONG": -121.85, "BlwThreshl":"Above" ,"Head":-9.93815}, "geometry": { "type": "Point", "coordinates": [ -121.85, 38.7576 ] } },
{ "type": "Feature", "id": "WCR1999-000627", "properties": { "WCRNmbr": "WCR1999-000627", "LAT": 38.7572, "LONG": -121.831, "BlwThreshl":"Above" ,"Head":-1.96381}, "geometry": { "type": "Point", "coordinates": [ -121.831, 38.7572 ] } },
{ "type": "Feature", "id": "WCR2016-015608", "properties": { "WCRNmbr": "WCR2016-015608", "LAT": 38.7594, "LONG": -121.843, "BlwThreshl":"Above" ,"Head":-6.66091}, "geometry": { "type": "Point", "coordinates": [ -121.843, 38.7594 ] } },
{ "type": "Feature", "id": "WCR1990-004534", "properties": { "WCRNmbr": "WCR1990-004534", "LAT": 38.7571, "LONG": -121.813, "BlwThreshl":"Above" ,"Head":2.25772}, "geometry": { "type": "Point", "coordinates": [ -121.813, 38.7571 ] } },
{ "type": "Feature", "id": "WCR1990-007382", "properties": { "WCRNmbr": "WCR1990-007382", "LAT": 38.7571, "LONG": -121.813, "BlwThreshl":"Above" ,"Head":2.25772}, "geometry": { "type": "Point", "coordinates": [ -121.813, 38.7571 ] } },
{ "type": "Feature", "id": "WCR1776-001052", "properties": { "WCRNmbr": "WCR1776-001052", "LAT": 38.757, "LONG": -121.794, "BlwThreshl":"Below" ,"Head":3.66531}, "geometry": { "type": "Point", "coordinates": [ -121.794, 38.757 ] } },
{ "type": "Feature", "id": "WCR1977-001818", "properties": { "WCRNmbr": "WCR1977-001818", "LAT": 38.757, "LONG": -121.794, "BlwThreshl":"Above" ,"Head":3.66531}, "geometry": { "type": "Point", "coordinates": [ -121.794, 38.757 ] } },
{ "type": "Feature", "id": "WCR1977-001823", "properties": { "WCRNmbr": "WCR1977-001823", "LAT": 38.757, "LONG": -121.794, "BlwThreshl":"Above" ,"Head":3.66531}, "geometry": { "type": "Point", "coordinates": [ -121.794, 38.757 ] } },
{ "type": "Feature", "id": "WCR1999-000273", "properties": { "WCRNmbr": "WCR1999-000273", "LAT": 38.757, "LONG": -121.794, "BlwThreshl":"Above" ,"Head":3.66531}, "geometry": { "type": "Point", "coordinates": [ -121.794, 38.757 ] } },
{ "type": "Feature", "id": "WCR2015-004457", "properties": { "WCRNmbr": "WCR2015-004457", "LAT": 38.7606, "LONG": -121.788, "BlwThreshl":"Above" ,"Head":5.37402}, "geometry": { "type": "Point", "coordinates": [ -121.788, 38.7606 ] } },
{ "type": "Feature", "id": "WCR2016-011401", "properties": { "WCRNmbr": "WCR2016-011401", "LAT": 38.7533, "LONG": -121.776, "BlwThreshl":"Above" ,"Head":9.5372}, "geometry": { "type": "Point", "coordinates": [ -121.776, 38.7533 ] } },
{ "type": "Feature", "id": "WCR1776-001057", "properties": { "WCRNmbr": "WCR1776-001057", "LAT": 38.7569, "LONG": -121.775, "BlwThreshl":"Above" ,"Head":7.5888}, "geometry": { "type": "Point", "coordinates": [ -121.775, 38.7569 ] } },
{ "type": "Feature", "id": "WCR1996-002249", "properties": { "WCRNmbr": "WCR1996-002249", "LAT": 38.7569, "LONG": -121.775, "BlwThreshl":"Above" ,"Head":7.5888}, "geometry": { "type": "Point", "coordinates": [ -121.775, 38.7569 ] } },
{ "type": "Feature", "id": "WCR2023-013105", "properties": { "WCRNmbr": "WCR2023-013105", "LAT": 38.766, "LONG": -121.759, "BlwThreshl":"Above" ,"Head":10.1038}, "geometry": { "type": "Point", "coordinates": [ -121.759, 38.766 ] } },
{ "type": "Feature", "id": "WCR2007-001434", "properties": { "WCRNmbr": "WCR2007-001434", "LAT": 38.7562, "LONG": -121.738, "BlwThreshl":"Above" ,"Head":18.573}, "geometry": { "type": "Point", "coordinates": [ -121.738, 38.7562 ] } },
{ "type": "Feature", "id": "WCR1990-012287", "properties": { "WCRNmbr": "WCR1990-012287", "LAT": 38.7534, "LONG": -121.661, "BlwThreshl":"Above" ,"Head":17.0273}, "geometry": { "type": "Point", "coordinates": [ -121.661, 38.7534 ] } },
{ "type": "Feature", "id": "WCR1978-001729", "properties": { "WCRNmbr": "WCR1978-001729", "LAT": 38.7738, "LONG": -122.181, "BlwThreshl":"Above" ,"Head":314.707}, "geometry": { "type": "Point", "coordinates": [ -122.181, 38.7738 ] } },
{ "type": "Feature", "id": "WCR1994-000949", "properties": { "WCRNmbr": "WCR1994-000949", "LAT": 38.7739, "LONG": -122.181, "BlwThreshl":"Below" ,"Head":314.707}, "geometry": { "type": "Point", "coordinates": [ -122.181, 38.7739 ] } },
{ "type": "Feature", "id": "WCR2023-005485", "properties": { "WCRNmbr": "WCR2023-005485", "LAT": 38.7836, "LONG": -122.186, "BlwThreshl":"Above" ,"Head":297.707}, "geometry": { "type": "Point", "coordinates": [ -122.186, 38.7836 ] } },
{ "type": "Feature", "id": "WCR1977-001844", "properties": { "WCRNmbr": "WCR1977-001844", "LAT": 38.7744, "LONG": -122.163, "BlwThreshl":"Above" ,"Head":292.181}, "geometry": { "type": "Point", "coordinates": [ -122.163, 38.7744 ] } },
{ "type": "Feature", "id": "WCR1995-003842", "properties": { "WCRNmbr": "WCR1995-003842", "LAT": 38.7744, "LONG": -122.163, "BlwThreshl":"Above" ,"Head":292.181}, "geometry": { "type": "Point", "coordinates": [ -122.163, 38.7744 ] } },
{ "type": "Feature", "id": "WCR2012-005481", "properties": { "WCRNmbr": "WCR2012-005481", "LAT": 38.7725, "LONG": -122.17, "BlwThreshl":"Above" ,"Head":292.181}, "geometry": { "type": "Point", "coordinates": [ -122.17, 38.7725 ] } },
{ "type": "Feature", "id": "WCR2016-010076", "properties": { "WCRNmbr": "WCR2016-010076", "LAT": 38.7725, "LONG": -122.161, "BlwThreshl":"Above" ,"Head":283.089}, "geometry": { "type": "Point", "coordinates": [ -122.161, 38.7725 ] } },
{ "type": "Feature", "id": "WCR2006-005629", "properties": { "WCRNmbr": "WCR2006-005629", "LAT": 38.7743, "LONG": -122.072, "BlwThreshl":"Above" ,"Head":223.364}, "geometry": { "type": "Point", "coordinates": [ -122.072, 38.7743 ] } },
{ "type": "Feature", "id": "WCR1991-003473", "properties": { "WCRNmbr": "WCR1991-003473", "LAT": 38.7742, "LONG": -122.053, "BlwThreshl":"NoData" ,"Head":null}, "geometry": { "type": "Point", "coordinates": [ -122.053, 38.7742 ] } },
{ "type": "Feature", "id": "WCR1991-002598", "properties": { "WCRNmbr": "WCR1991-002598", "LAT": 38.7885, "LONG": -122.035, "BlwThreshl":"Above" ,"Head":156.364}, "geometry": { "type": "Point", "coordinates": [ -122.035, 38.7885 ] } },
{ "type": "Feature", "id": "WCR2023-008533", "properties": { "WCRNmbr": "WCR2023-008533", "LAT": 38.782, "LONG": -122.006, "BlwThreshl":"Above" ,"Head":134.763}, "geometry": { "type": "Point", "coordinates": [ -122.006, 38.782 ] } },
{ "type": "Feature", "id": "WCR0028114", "properties": { "WCRNmbr": "WCR0028114", "LAT": 38.7733, "LONG": -121.98, "BlwThreshl":"Above" ,"Head":124.421}, "geometry": { "type": "Point", "coordinates": [ -121.98, 38.7733 ] } },
{ "type": "Feature", "id": "WCR1987-008898", "properties": { "WCRNmbr": "WCR1987-008898", "LAT": 38.7733, "LONG": -121.98, "BlwThreshl":"Above" ,"Head":124.421}, "geometry": { "type": "Point", "coordinates": [ -121.98, 38.7733 ] } },
{ "type": "Feature", "id": "WCR2002-006624", "properties": { "WCRNmbr": "WCR2002-006624", "LAT": 38.7869, "LONG": -121.923, "BlwThreshl":"Above" ,"Head":25.5595}, "geometry": { "type": "Point", "coordinates": [ -121.923, 38.7869 ] } },
{ "type": "Feature", "id": "WCR2016-010203", "properties": { "WCRNmbr": "WCR2016-010203", "LAT": 38.7729, "LONG": -121.942, "BlwThreshl":"Above" ,"Head":91.0367}, "geometry": { "type": "Point", "coordinates": [ -121.942, 38.7729 ] } },
{ "type": "Feature", "id": "WCR0100930", "properties": { "WCRNmbr": "WCR0100930", "LAT": 38.7726, "LONG": -121.905, "BlwThreshl":"Above" ,"Head":16.1756}, "geometry": { "type": "Point", "coordinates": [ -121.905, 38.7726 ] } },
{ "type": "Feature", "id": "WCR1976-000263", "properties": { "WCRNmbr": "WCR1976-000263", "LAT": 38.7872, "LONG": -121.905, "BlwThreshl":"Above" ,"Head":-3.97901}, "geometry": { "type": "Point", "coordinates": [ -121.905, 38.7872 ] } },
{ "type": "Feature", "id": "WCR1999-000621", "properties": { "WCRNmbr": "WCR1999-000621", "LAT": 38.7871, "LONG": -121.905, "BlwThreshl":"Above" ,"Head":-3.97901}, "geometry": { "type": "Point", "coordinates": [ -121.905, 38.7871 ] } },
{ "type": "Feature", "id": "WCR2006-002510", "properties": { "WCRNmbr": "WCR2006-002510", "LAT": 38.7871, "LONG": -121.905, "BlwThreshl":"Above" ,"Head":-3.97901}, "geometry": { "type": "Point", "coordinates": [ -121.905, 38.7871 ] } },
{ "type": "Feature", "id": "WCR1971-000183", "properties": { "WCRNmbr": "WCR1971-000183", "LAT": 38.7724, "LONG": -121.887, "BlwThreshl":"Above" ,"Head":-8.88784}, "geometry": { "type": "Point", "coordinates": [ -121.887, 38.7724 ] } },
{ "type": "Feature", "id": "WCR1987-001761", "properties": { "WCRNmbr": "WCR1987-001761", "LAT": 38.7864, "LONG": -121.831, "BlwThreshl":"Above" ,"Head":-9.40953}, "geometry": { "type": "Point", "coordinates": [ -121.831, 38.7864 ] } },
{ "type": "Feature", "id": "WCR2002-001133", "properties": { "WCRNmbr": "WCR2002-001133", "LAT": 38.7718, "LONG": -121.831, "BlwThreshl":"Above" ,"Head":-9.58283}, "geometry": { "type": "Point", "coordinates": [ -121.831, 38.7718 ] } },
{ "type": "Feature", "id": "WCR2010-000136", "properties": { "WCRNmbr": "WCR2010-000136", "LAT": 38.7718, "LONG": -121.831, "BlwThreshl":"Above" ,"Head":-9.58283}, "geometry": { "type": "Point", "coordinates": [ -121.831, 38.7718 ] } },
{ "type": "Feature", "id": "WCR1776-001108", "properties": { "WCRNmbr": "WCR1776-001108", "LAT": 38.7862, "LONG": -121.812, "BlwThreshl":"Above" ,"Head":-4.3667}, "geometry": { "type": "Point", "coordinates": [ -121.812, 38.7862 ] } },
{ "type": "Feature", "id": "WCR2003-001282", "properties": { "WCRNmbr": "WCR2003-001282", "LAT": 38.7716, "LONG": -121.812, "BlwThreshl":"Above" ,"Head":-2.7249}, "geometry": { "type": "Point", "coordinates": [ -121.812, 38.7716 ] } },
{ "type": "Feature", "id": "WCR2007-001786", "properties": { "WCRNmbr": "WCR2007-001786", "LAT": 38.7716, "LONG": -121.812, "BlwThreshl":"Above" ,"Head":-2.7249}, "geometry": { "type": "Point", "coordinates": [ -121.812, 38.7716 ] } },
{ "type": "Feature", "id": "WCR0209650", "properties": { "WCRNmbr": "WCR0209650", "LAT": 38.786, "LONG": -121.794, "BlwThreshl":"Above" ,"Head":-1.59072}, "geometry": { "type": "Point", "coordinates": [ -121.794, 38.786 ] } },
{ "type": "Feature", "id": "WCR1980-002417", "properties": { "WCRNmbr": "WCR1980-002417", "LAT": 38.786, "LONG": -121.794, "BlwThreshl":"Above" ,"Head":-1.59072}, "geometry": { "type": "Point", "coordinates": [ -121.794, 38.786 ] } },
{ "type": "Feature", "id": "WCR1970-000230", "properties": { "WCRNmbr": "WCR1970-000230", "LAT": 38.7712, "LONG": -121.775, "BlwThreshl":"Above" ,"Head":4.28315}, "geometry": { "type": "Point", "coordinates": [ -121.775, 38.7712 ] } },
{ "type": "Feature", "id": "WCR1973-000524", "properties": { "WCRNmbr": "WCR1973-000524", "LAT": 38.7858, "LONG": -121.775, "BlwThreshl":"Above" ,"Head":2.13263}, "geometry": { "type": "Point", "coordinates": [ -121.775, 38.7858 ] } },
{ "type": "Feature", "id": "WCR1976-000248", "properties": { "WCRNmbr": "WCR1976-000248", "LAT": 38.7858, "LONG": -121.775, "BlwThreshl":"Above" ,"Head":2.13263}, "geometry": { "type": "Point", "coordinates": [ -121.775, 38.7858 ] } },
{ "type": "Feature", "id": "WCR1976-001397", "properties": { "WCRNmbr": "WCR1976-001397", "LAT": 38.7712, "LONG": -121.775, "BlwThreshl":"Above" ,"Head":4.28315}, "geometry": { "type": "Point", "coordinates": [ -121.775, 38.7712 ] } },
{ "type": "Feature", "id": "WCR1989-003238", "properties": { "WCRNmbr": "WCR1989-003238", "LAT": 38.7712, "LONG": -121.775, "BlwThreshl":"Above" ,"Head":4.28315}, "geometry": { "type": "Point", "coordinates": [ -121.775, 38.7712 ] } },
{ "type": "Feature", "id": "WCR1999-001907", "properties": { "WCRNmbr": "WCR1999-001907", "LAT": 38.771, "LONG": -121.756, "BlwThreshl":"Above" ,"Head":10.3688}, "geometry": { "type": "Point", "coordinates": [ -121.756, 38.771 ] } },
{ "type": "Feature", "id": "WCR2001-001781", "properties": { "WCRNmbr": "WCR2001-001781", "LAT": 38.7858, "LONG": -121.775, "BlwThreshl":"Above" ,"Head":2.13263}, "geometry": { "type": "Point", "coordinates": [ -121.775, 38.7858 ] } },
{ "type": "Feature", "id": "WCR2005-005239", "properties": { "WCRNmbr": "WCR2005-005239", "LAT": 38.7858, "LONG": -121.775, "BlwThreshl":"Above" ,"Head":2.13263}, "geometry": { "type": "Point", "coordinates": [ -121.775, 38.7858 ] } },
{ "type": "Feature", "id": "WCR2009-006020", "properties": { "WCRNmbr": "WCR2009-006020", "LAT": 38.7856, "LONG": -121.756, "BlwThreshl":"Above" ,"Head":7.72088}, "geometry": { "type": "Point", "coordinates": [ -121.756, 38.7856 ] } },
{ "type": "Feature", "id": "WCR1989-008741", "properties": { "WCRNmbr": "WCR1989-008741", "LAT": 38.7854, "LONG": -121.738, "BlwThreshl":"Above" ,"Head":10.5065}, "geometry": { "type": "Point", "coordinates": [ -121.738, 38.7854 ] } },
{ "type": "Feature", "id": "WCR0093647", "properties": { "WCRNmbr": "WCR0093647", "LAT": 38.7851, "LONG": -121.719, "BlwThreshl":"Above" ,"Head":12.1342}, "geometry": { "type": "Point", "coordinates": [ -121.719, 38.7851 ] } },
{ "type": "Feature", "id": "WCR1982-003308", "properties": { "WCRNmbr": "WCR1982-003308", "LAT": 38.7851, "LONG": -121.719, "BlwThreshl":"Above" ,"Head":12.1342}, "geometry": { "type": "Point", "coordinates": [ -121.719, 38.7851 ] } },
{ "type": "Feature", "id": "WCR1976-001237", "properties": { "WCRNmbr": "WCR1976-001237", "LAT": 38.7848, "LONG": -121.701, "BlwThreshl":"Above" ,"Head":13.3411}, "geometry": { "type": "Point", "coordinates": [ -121.701, 38.7848 ] } },
{ "type": "Feature", "id": "WCR0239459", "properties": { "WCRNmbr": "WCR0239459", "LAT": 38.8022, "LONG": -122.199, "BlwThreshl":"Below" ,"Head":342.12}, "geometry": { "type": "Point", "coordinates": [ -122.199, 38.8022 ] } },
{ "type": "Feature", "id": "WCR1990-003673", "properties": { "WCRNmbr": "WCR1990-003673", "LAT": 38.8025, "LONG": -122.181, "BlwThreshl":"Above" ,"Head":319.544}, "geometry": { "type": "Point", "coordinates": [ -122.181, 38.8025 ] } },
{ "type": "Feature", "id": "WCR1996-002744", "properties": { "WCRNmbr": "WCR1996-002744", "LAT": 38.8025, "LONG": -122.181, "BlwThreshl":"Above" ,"Head":319.544}, "geometry": { "type": "Point", "coordinates": [ -122.181, 38.8025 ] } },
{ "type": "Feature", "id": "WCR2008-005727", "properties": { "WCRNmbr": "WCR2008-005727", "LAT": 38.8031, "LONG": -122.09, "BlwThreshl":"Above" ,"Head":244.9}, "geometry": { "type": "Point", "coordinates": [ -122.09, 38.8031 ] } },
{ "type": "Feature", "id": "WCR1991-010696", "properties": { "WCRNmbr": "WCR1991-010696", "LAT": 38.8027, "LONG": -121.998, "BlwThreshl":"Above" ,"Head":127.26}, "geometry": { "type": "Point", "coordinates": [ -121.998, 38.8027 ] } },
{ "type": "Feature", "id": "WCR1997-001917", "properties": { "WCRNmbr": "WCR1997-001917", "LAT": 38.8023, "LONG": -121.979, "BlwThreshl":"Above" ,"Head":109.244}, "geometry": { "type": "Point", "coordinates": [ -121.979, 38.8023 ] } },
{ "type": "Feature", "id": "WCR2004-004225", "properties": { "WCRNmbr": "WCR2004-004225", "LAT": 38.8018, "LONG": -121.924, "BlwThreshl":"Above" ,"Head":5.63507}, "geometry": { "type": "Point", "coordinates": [ -121.924, 38.8018 ] } },
{ "type": "Feature", "id": "WCR2002-006621", "properties": { "WCRNmbr": "WCR2002-006621", "LAT": 38.7908, "LONG": -121.914, "BlwThreshl":"Below" ,"Head":11.1917}, "geometry": { "type": "Point", "coordinates": [ -121.914, 38.7908 ] } },
{ "type": "Feature", "id": "WCR0293190", "properties": { "WCRNmbr": "WCR0293190", "LAT": 38.8015, "LONG": -121.887, "BlwThreshl":"Below" ,"Head":-8.89368}, "geometry": { "type": "Point", "coordinates": [ -121.887, 38.8015 ] } },
{ "type": "Feature", "id": "WCR1971-000626", "properties": { "WCRNmbr": "WCR1971-000626", "LAT": 38.8015, "LONG": -121.887, "BlwThreshl":"Below" ,"Head":-8.89368}, "geometry": { "type": "Point", "coordinates": [ -121.887, 38.8015 ] } },
{ "type": "Feature", "id": "WCR1983-003681", "properties": { "WCRNmbr": "WCR1983-003681", "LAT": 38.8015, "LONG": -121.887, "BlwThreshl":"Above" ,"Head":-15.9287}, "geometry": { "type": "Point", "coordinates": [ -121.887, 38.8015 ] } },
{ "type": "Feature", "id": "WCR1984-002888", "properties": { "WCRNmbr": "WCR1984-002888", "LAT": 38.8015, "LONG": -121.887, "BlwThreshl":"Above" ,"Head":-15.9287}, "geometry": { "type": "Point", "coordinates": [ -121.887, 38.8015 ] } },
{ "type": "Feature", "id": "WCR1988-001483", "properties": { "WCRNmbr": "WCR1988-001483", "LAT": 38.8015, "LONG": -121.887, "BlwThreshl":"Above" ,"Head":-15.9287}, "geometry": { "type": "Point", "coordinates": [ -121.887, 38.8015 ] } },
{ "type": "Feature", "id": "WCR1990-007381", "properties": { "WCRNmbr": "WCR1990-007381", "LAT": 38.8015, "LONG": -121.887, "BlwThreshl":"Above" ,"Head":-15.9287}, "geometry": { "type": "Point", "coordinates": [ -121.887, 38.8015 ] } },
{ "type": "Feature", "id": "WCR1996-005884", "properties": { "WCRNmbr": "WCR1996-005884", "LAT": 38.8015, "LONG": -121.887, "BlwThreshl":"Above" ,"Head":-15.9287}, "geometry": { "type": "Point", "coordinates": [ -121.887, 38.8015 ] } },
{ "type": "Feature", "id": "WCR1999-001908", "properties": { "WCRNmbr": "WCR1999-001908", "LAT": 38.8015, "LONG": -121.887, "BlwThreshl":"Above" ,"Head":-15.9287}, "geometry": { "type": "Point", "coordinates": [ -121.887, 38.8015 ] } },
{ "type": "Feature", "id": "WCR2004-004630", "properties": { "WCRNmbr": "WCR2004-004630", "LAT": 38.8015, "LONG": -121.887, "BlwThreshl":"Above" ,"Head":-15.9287}, "geometry": { "type": "Point", "coordinates": [ -121.887, 38.8015 ] } },
{ "type": "Feature", "id": "WCR2024-002977", "properties": { "WCRNmbr": "WCR2024-002977", "LAT": 38.7971, "LONG": -121.884, "BlwThreshl":"Above" ,"Head":-17.2579}, "geometry": { "type": "Point", "coordinates": [ -121.884, 38.7971 ] } },
{ "type": "Feature", "id": "WCR0156331", "properties": { "WCRNmbr": "WCR0156331", "LAT": 38.8014, "LONG": -121.868, "BlwThreshl":"Above" ,"Head":-15.2337}, "geometry": { "type": "Point", "coordinates": [ -121.868, 38.8014 ] } },
{ "type": "Feature", "id": "WCR1978-001286", "properties": { "WCRNmbr": "WCR1978-001286", "LAT": 38.8013, "LONG": -121.849, "BlwThreshl":"Above" ,"Head":-12.7576}, "geometry": { "type": "Point", "coordinates": [ -121.849, 38.8013 ] } },
{ "type": "Feature", "id": "WCR1985-006983", "properties": { "WCRNmbr": "WCR1985-006983", "LAT": 38.8014, "LONG": -121.868, "BlwThreshl":"Above" ,"Head":-15.2337}, "geometry": { "type": "Point", "coordinates": [ -121.868, 38.8014 ] } },
{ "type": "Feature", "id": "WCR1998-004547", "properties": { "WCRNmbr": "WCR1998-004547", "LAT": 38.8013, "LONG": -121.849, "BlwThreshl":"Above" ,"Head":-12.7576}, "geometry": { "type": "Point", "coordinates": [ -121.849, 38.8013 ] } },
{ "type": "Feature", "id": "WCR1999-001914", "properties": { "WCRNmbr": "WCR1999-001914", "LAT": 38.8014, "LONG": -121.868, "BlwThreshl":"Above" ,"Head":-15.2337}, "geometry": { "type": "Point", "coordinates": [ -121.868, 38.8014 ] } },
{ "type": "Feature", "id": "WCR1985-006804", "properties": { "WCRNmbr": "WCR1985-006804", "LAT": 38.8011, "LONG": -121.831, "BlwThreshl":"Above" ,"Head":-6.68639}, "geometry": { "type": "Point", "coordinates": [ -121.831, 38.8011 ] } },
{ "type": "Feature", "id": "WCR2011-006729", "properties": { "WCRNmbr": "WCR2011-006729", "LAT": 38.7931, "LONG": -121.835, "BlwThreshl":"Above" ,"Head":-7.2894}, "geometry": { "type": "Point", "coordinates": [ -121.835, 38.7931 ] } },
{ "type": "Feature", "id": "WCR1979-000552", "properties": { "WCRNmbr": "WCR1979-000552", "LAT": 38.8003, "LONG": -121.775, "BlwThreshl":"Above" ,"Head":2.45769}, "geometry": { "type": "Point", "coordinates": [ -121.775, 38.8003 ] } },
{ "type": "Feature", "id": "WCR1979-002142", "properties": { "WCRNmbr": "WCR1979-002142", "LAT": 38.8003, "LONG": -121.775, "BlwThreshl":"Above" ,"Head":2.45769}, "geometry": { "type": "Point", "coordinates": [ -121.775, 38.8003 ] } },
{ "type": "Feature", "id": "WCR1986-007582", "properties": { "WCRNmbr": "WCR1986-007582", "LAT": 38.7998, "LONG": -121.737, "BlwThreshl":"Above" ,"Head":9.00577}, "geometry": { "type": "Point", "coordinates": [ -121.737, 38.7998 ] } },
{ "type": "Feature", "id": "WCR1996-002331", "properties": { "WCRNmbr": "WCR1996-002331", "LAT": 38.7981, "LONG": -121.72, "BlwThreshl":"Above" ,"Head":10.5344}, "geometry": { "type": "Point", "coordinates": [ -121.72, 38.7981 ] } },
{ "type": "Feature", "id": "WCR2020-013698", "properties": { "WCRNmbr": "WCR2020-013698", "LAT": 38.8022, "LONG": -121.724, "BlwThreshl":"Above" ,"Head":10.0157}, "geometry": { "type": "Point", "coordinates": [ -121.724, 38.8022 ] } },
{ "type": "Feature", "id": "WCR1991-002601", "properties": { "WCRNmbr": "WCR1991-002601", "LAT": 38.7966, "LONG": -121.702, "BlwThreshl":"Above" ,"Head":12.4025}, "geometry": { "type": "Point", "coordinates": [ -121.702, 38.7966 ] } },
{ "type": "Feature", "id": "WCR1996-005885", "properties": { "WCRNmbr": "WCR1996-005885", "LAT": 38.7994, "LONG": -121.701, "BlwThreshl":"Above" ,"Head":12.5829}, "geometry": { "type": "Point", "coordinates": [ -121.701, 38.7994 ] } },
{ "type": "Feature", "id": "WCR2001-006433", "properties": { "WCRNmbr": "WCR2001-006433", "LAT": 38.8156, "LONG": -122.209, "BlwThreshl":"Below" ,"Head":398.601}, "geometry": { "type": "Point", "coordinates": [ -122.209, 38.8156 ] } },
{ "type": "Feature", "id": "WCR2023-010752", "properties": { "WCRNmbr": "WCR2023-010752", "LAT": 38.8215, "LONG": -122.207, "BlwThreshl":"Below" ,"Head":333.574}, "geometry": { "type": "Point", "coordinates": [ -122.207, 38.8215 ] } },
{ "type": "Feature", "id": "WCR0137664", "properties": { "WCRNmbr": "WCR0137664", "LAT": 38.8178, "LONG": -122.181, "BlwThreshl":"Above" ,"Head":328.132}, "geometry": { "type": "Point", "coordinates": [ -122.181, 38.8178 ] } },
{ "type": "Feature", "id": "WCR0301677", "properties": { "WCRNmbr": "WCR0301677", "LAT": 38.8178, "LONG": -122.181, "BlwThreshl":"Above" ,"Head":328.132}, "geometry": { "type": "Point", "coordinates": [ -122.181, 38.8178 ] } },
{ "type": "Feature", "id": "WCR1970-000158", "properties": { "WCRNmbr": "WCR1970-000158", "LAT": 38.8161, "LONG": -122.199, "BlwThreshl":"Above" ,"Head":329.877}, "geometry": { "type": "Point", "coordinates": [ -122.199, 38.8161 ] } },
{ "type": "Feature", "id": "WCR1973-000863", "properties": { "WCRNmbr": "WCR1973-000863", "LAT": 38.8178, "LONG": -122.181, "BlwThreshl":"Above" ,"Head":328.132}, "geometry": { "type": "Point", "coordinates": [ -122.181, 38.8178 ] } },
{ "type": "Feature", "id": "WCR1978-001730", "properties": { "WCRNmbr": "WCR1978-001730", "LAT": 38.8161, "LONG": -122.199, "BlwThreshl":"Above" ,"Head":329.877}, "geometry": { "type": "Point", "coordinates": [ -122.199, 38.8161 ] } },
{ "type": "Feature", "id": "WCR1979-000710", "properties": { "WCRNmbr": "WCR1979-000710", "LAT": 38.8161, "LONG": -122.199, "BlwThreshl":"Above" ,"Head":329.877}, "geometry": { "type": "Point", "coordinates": [ -122.199, 38.8161 ] } },
{ "type": "Feature", "id": "WCR1987-001754", "properties": { "WCRNmbr": "WCR1987-001754", "LAT": 38.8178, "LONG": -122.181, "BlwThreshl":"Above" ,"Head":328.132}, "geometry": { "type": "Point", "coordinates": [ -122.181, 38.8178 ] } },
{ "type": "Feature", "id": "WCR1987-008903", "properties": { "WCRNmbr": "WCR1987-008903", "LAT": 38.8178, "LONG": -122.181, "BlwThreshl":"Above" ,"Head":328.132}, "geometry": { "type": "Point", "coordinates": [ -122.181, 38.8178 ] } },
{ "type": "Feature", "id": "WCR1990-006909", "properties": { "WCRNmbr": "WCR1990-006909", "LAT": 38.8178, "LONG": -122.181, "BlwThreshl":"Above" ,"Head":328.132}, "geometry": { "type": "Point", "coordinates": [ -122.181, 38.8178 ] } },
{ "type": "Feature", "id": "WCR1992-001957", "properties": { "WCRNmbr": "WCR1992-001957", "LAT": 38.8178, "LONG": -122.181, "BlwThreshl":"Above" ,"Head":328.132}, "geometry": { "type": "Point", "coordinates": [ -122.181, 38.8178 ] } },
{ "type": "Feature", "id": "WCR1992-004825", "properties": { "WCRNmbr": "WCR1992-004825", "LAT": 38.8161, "LONG": -122.199, "BlwThreshl":"Above" ,"Head":329.877}, "geometry": { "type": "Point", "coordinates": [ -122.199, 38.8161 ] } },
{ "type": "Feature", "id": "WCR1997-006887", "properties": { "WCRNmbr": "WCR1997-006887", "LAT": 38.8161, "LONG": -122.199, "BlwThreshl":"Above" ,"Head":329.877}, "geometry": { "type": "Point", "coordinates": [ -122.199, 38.8161 ] } },
{ "type": "Feature", "id": "WCR2000-001205", "properties": { "WCRNmbr": "WCR2000-001205", "LAT": 38.8161, "LONG": -122.199, "BlwThreshl":"Above" ,"Head":329.877}, "geometry": { "type": "Point", "coordinates": [ -122.199, 38.8161 ] } },
{ "type": "Feature", "id": "WCR2000-001206", "properties": { "WCRNmbr": "WCR2000-001206", "LAT": 38.8161, "LONG": -122.199, "BlwThreshl":"Above" ,"Head":329.877}, "geometry": { "type": "Point", "coordinates": [ -122.199, 38.8161 ] } },
{ "type": "Feature", "id": "WCR2000-006842", "properties": { "WCRNmbr": "WCR2000-006842", "LAT": 38.8233, "LONG": -122.191, "BlwThreshl":"Above" ,"Head":335.598}, "geometry": { "type": "Point", "coordinates": [ -122.191, 38.8233 ] } },
{ "type": "Feature", "id": "WCR2000-006846", "properties": { "WCRNmbr": "WCR2000-006846", "LAT": 38.8225, "LONG": -122.19, "BlwThreshl":"Above" ,"Head":335.598}, "geometry": { "type": "Point", "coordinates": [ -122.19, 38.8225 ] } },
{ "type": "Feature", "id": "WCR2003-001291", "properties": { "WCRNmbr": "WCR2003-001291", "LAT": 38.8178, "LONG": -122.181, "BlwThreshl":"Above" ,"Head":328.132}, "geometry": { "type": "Point", "coordinates": [ -122.181, 38.8178 ] } },
{ "type": "Feature", "id": "WCR2004-004622", "properties": { "WCRNmbr": "WCR2004-004622", "LAT": 38.8161, "LONG": -122.199, "BlwThreshl":"Above" ,"Head":329.877}, "geometry": { "type": "Point", "coordinates": [ -122.199, 38.8161 ] } },
{ "type": "Feature", "id": "WCR2007-003129", "properties": { "WCRNmbr": "WCR2007-003129", "LAT": 38.8161, "LONG": -122.199, "BlwThreshl":"Above" ,"Head":329.877}, "geometry": { "type": "Point", "coordinates": [ -122.199, 38.8161 ] } },
{ "type": "Feature", "id": "WCR2008-001153", "properties": { "WCRNmbr": "WCR2008-001153", "LAT": 38.8222, "LONG": -122.188, "BlwThreshl":"Above" ,"Head":336.719}, "geometry": { "type": "Point", "coordinates": [ -122.188, 38.8222 ] } },
{ "type": "Feature", "id": "WCR2004-004224", "properties": { "WCRNmbr": "WCR2004-004224", "LAT": 38.8188, "LONG": -122.162, "BlwThreshl":"NoData" ,"Head":null}, "geometry": { "type": "Point", "coordinates": [ -122.162, 38.8188 ] } },
{ "type": "Feature", "id": "WCR2016-014318", "properties": { "WCRNmbr": "WCR2016-014318", "LAT": 38.8228, "LONG": -122.063, "BlwThreshl":"Above" ,"Head":221.609}, "geometry": { "type": "Point", "coordinates": [ -122.063, 38.8228 ] } },
{ "type": "Feature", "id": "WCR2000-001255", "properties": { "WCRNmbr": "WCR2000-001255", "LAT": 38.8092, "LONG": -121.946, "BlwThreshl":"Above" ,"Head":24.23}, "geometry": { "type": "Point", "coordinates": [ -121.946, 38.8092 ] } },
{ "type": "Feature", "id": "WCR1971-000166", "properties": { "WCRNmbr": "WCR1971-000166", "LAT": 38.8166, "LONG": -121.942, "BlwThreshl":"Above" ,"Head":15.5794}, "geometry": { "type": "Point", "coordinates": [ -121.942, 38.8166 ] } },
{ "type": "Feature", "id": "WCR1971-000388", "properties": { "WCRNmbr": "WCR1971-000388", "LAT": 38.8164, "LONG": -121.924, "BlwThreshl":"Above" ,"Head":-7.3791}, "geometry": { "type": "Point", "coordinates": [ -121.924, 38.8164 ] } },
{ "type": "Feature", "id": "WCR1977-002062", "properties": { "WCRNmbr": "WCR1977-002062", "LAT": 38.8164, "LONG": -121.924, "BlwThreshl":"Above" ,"Head":-7.3791}, "geometry": { "type": "Point", "coordinates": [ -121.924, 38.8164 ] } },
{ "type": "Feature", "id": "WCR1982-001398", "properties": { "WCRNmbr": "WCR1982-001398", "LAT": 38.8166, "LONG": -121.942, "BlwThreshl":"Above" ,"Head":15.5794}, "geometry": { "type": "Point", "coordinates": [ -121.942, 38.8166 ] } },
{ "type": "Feature", "id": "WCR2000-006855", "properties": { "WCRNmbr": "WCR2000-006855", "LAT": 38.82, "LONG": -121.925, "BlwThreshl":"Above" ,"Head":-7.3791}, "geometry": { "type": "Point", "coordinates": [ -121.925, 38.82 ] } },
{ "type": "Feature", "id": "WCR2001-001809", "properties": { "WCRNmbr": "WCR2001-001809", "LAT": 38.8164, "LONG": -121.924, "BlwThreshl":"Above" ,"Head":-7.3791}, "geometry": { "type": "Point", "coordinates": [ -121.924, 38.8164 ] } },
{ "type": "Feature", "id": "WCR2004-004529", "properties": { "WCRNmbr": "WCR2004-004529", "LAT": 38.8164, "LONG": -121.924, "BlwThreshl":"Above" ,"Head":-7.3791}, "geometry": { "type": "Point", "coordinates": [ -121.924, 38.8164 ] } },
{ "type": "Feature", "id": "WCR2022-006833", "properties": { "WCRNmbr": "WCR2022-006833", "LAT": 38.8183, "LONG": -121.923, "BlwThreshl":"Above" ,"Head":-7.3791}, "geometry": { "type": "Point", "coordinates": [ -121.923, 38.8183 ] } },
{ "type": "Feature", "id": "WCR1995-006008", "properties": { "WCRNmbr": "WCR1995-006008", "LAT": 38.8162, "LONG": -121.905, "BlwThreshl":"Above" ,"Head":-12.4075}, "geometry": { "type": "Point", "coordinates": [ -121.905, 38.8162 ] } },
{ "type": "Feature", "id": "WCR2000-006851", "properties": { "WCRNmbr": "WCR2000-006851", "LAT": 38.8094, "LONG": -121.904, "BlwThreshl":"Above" ,"Head":-13.8107}, "geometry": { "type": "Point", "coordinates": [ -121.904, 38.8094 ] } },
{ "type": "Feature", "id": "WCR2020-000827", "properties": { "WCRNmbr": "WCR2020-000827", "LAT": 38.8242, "LONG": -121.907, "BlwThreshl":"Above" ,"Head":-10.3831}, "geometry": { "type": "Point", "coordinates": [ -121.907, 38.8242 ] } },
{ "type": "Feature", "id": "WCR1776-001092", "properties": { "WCRNmbr": "WCR1776-001092", "LAT": 38.8161, "LONG": -121.886, "BlwThreshl":"Below" ,"Head":-8.06611}, "geometry": { "type": "Point", "coordinates": [ -121.886, 38.8161 ] } },
{ "type": "Feature", "id": "WCR0209628", "properties": { "WCRNmbr": "WCR0209628", "LAT": 38.816, "LONG": -121.868, "BlwThreshl":"Above" ,"Head":-12.2486}, "geometry": { "type": "Point", "coordinates": [ -121.868, 38.816 ] } },
{ "type": "Feature", "id": "WCR0239461", "properties": { "WCRNmbr": "WCR0239461", "LAT": 38.816, "LONG": -121.868, "BlwThreshl":"Above" ,"Head":-12.2486}, "geometry": { "type": "Point", "coordinates": [ -121.868, 38.816 ] } },
{ "type": "Feature", "id": "WCR1983-003685", "properties": { "WCRNmbr": "WCR1983-003685", "LAT": 38.816, "LONG": -121.868, "BlwThreshl":"Above" ,"Head":-12.2486}, "geometry": { "type": "Point", "coordinates": [ -121.868, 38.816 ] } },
{ "type": "Feature", "id": "WCR1986-007583", "properties": { "WCRNmbr": "WCR1986-007583", "LAT": 38.8158, "LONG": -121.868, "BlwThreshl":"Above" ,"Head":-12.2486}, "geometry": { "type": "Point", "coordinates": [ -121.868, 38.8158 ] } },
{ "type": "Feature", "id": "WCR1992-003490", "properties": { "WCRNmbr": "WCR1992-003490", "LAT": 38.8158, "LONG": -121.849, "BlwThreshl":"Above" ,"Head":-10.2051}, "geometry": { "type": "Point", "coordinates": [ -121.849, 38.8158 ] } },
{ "type": "Feature", "id": "WCR1994-005760", "properties": { "WCRNmbr": "WCR1994-005760", "LAT": 38.8158, "LONG": -121.849, "BlwThreshl":"Above" ,"Head":-10.2051}, "geometry": { "type": "Point", "coordinates": [ -121.849, 38.8158 ] } },
{ "type": "Feature", "id": "WCR2006-005352", "properties": { "WCRNmbr": "WCR2006-005352", "LAT": 38.8155, "LONG": -121.812, "BlwThreshl":"Above" ,"Head":-2.00706}, "geometry": { "type": "Point", "coordinates": [ -121.812, 38.8155 ] } },
{ "type": "Feature", "id": "WCR0220298", "properties": { "WCRNmbr": "WCR0220298", "LAT": 38.8446, "LONG": -122.218, "BlwThreshl":"Above" ,"Head":431.12}, "geometry": { "type": "Point", "coordinates": [ -122.218, 38.8446 ] } },
{ "type": "Feature", "id": "WCR1974-000596", "properties": { "WCRNmbr": "WCR1974-000596", "LAT": 38.8446, "LONG": -122.218, "BlwThreshl":"Above" ,"Head":431.12}, "geometry": { "type": "Point", "coordinates": [ -122.218, 38.8446 ] } },
{ "type": "Feature", "id": "WCR1982-003288", "properties": { "WCRNmbr": "WCR1982-003288", "LAT": 38.8446, "LONG": -122.218, "BlwThreshl":"Above" ,"Head":431.12}, "geometry": { "type": "Point", "coordinates": [ -122.218, 38.8446 ] } },
{ "type": "Feature", "id": "WCR1988-005362", "properties": { "WCRNmbr": "WCR1988-005362", "LAT": 38.8446, "LONG": -122.218, "BlwThreshl":"Above" ,"Head":431.12}, "geometry": { "type": "Point", "coordinates": [ -122.218, 38.8446 ] } },
{ "type": "Feature", "id": "WCR1992-003794", "properties": { "WCRNmbr": "WCR1992-003794", "LAT": 38.8446, "LONG": -122.218, "BlwThreshl":"Above" ,"Head":431.12}, "geometry": { "type": "Point", "coordinates": [ -122.218, 38.8446 ] } },
{ "type": "Feature", "id": "WCR2000-006850", "properties": { "WCRNmbr": "WCR2000-006850", "LAT": 38.8331, "LONG": -122.21, "BlwThreshl":"Above" ,"Head":391.68}, "geometry": { "type": "Point", "coordinates": [ -122.21, 38.8331 ] } },
{ "type": "Feature", "id": "WCR2002-001087", "properties": { "WCRNmbr": "WCR2002-001087", "LAT": 38.8446, "LONG": -122.218, "BlwThreshl":"Above" ,"Head":431.12}, "geometry": { "type": "Point", "coordinates": [ -122.218, 38.8446 ] } },
{ "type": "Feature", "id": "WCR2002-001183", "properties": { "WCRNmbr": "WCR2002-001183", "LAT": 38.8446, "LONG": -122.218, "BlwThreshl":"Above" ,"Head":431.12}, "geometry": { "type": "Point", "coordinates": [ -122.218, 38.8446 ] } },
{ "type": "Feature", "id": "WCR2006-006303", "properties": { "WCRNmbr": "WCR2006-006303", "LAT": 38.8446, "LONG": -122.218, "BlwThreshl":"Above" ,"Head":431.12}, "geometry": { "type": "Point", "coordinates": [ -122.218, 38.8446 ] } },
{ "type": "Feature", "id": "WCR2022-006656", "properties": { "WCRNmbr": "WCR2022-006656", "LAT": 38.8418, "LONG": -122.212, "BlwThreshl":"Above" ,"Head":352.519}, "geometry": { "type": "Point", "coordinates": [ -122.212, 38.8418 ] } },
{ "type": "Feature", "id": "WCR0235685", "properties": { "WCRNmbr": "WCR0235685", "LAT": 38.8303, "LONG": -122.199, "BlwThreshl":"Above" ,"Head":342.511}, "geometry": { "type": "Point", "coordinates": [ -122.199, 38.8303 ] } },
{ "type": "Feature", "id": "WCR1972-000078", "properties": { "WCRNmbr": "WCR1972-000078", "LAT": 38.8303, "LONG": -122.199, "BlwThreshl":"Above" ,"Head":342.511}, "geometry": { "type": "Point", "coordinates": [ -122.199, 38.8303 ] } },
{ "type": "Feature", "id": "WCR1972-000389", "properties": { "WCRNmbr": "WCR1972-000389", "LAT": 38.8303, "LONG": -122.199, "BlwThreshl":"Below" ,"Head":342.511}, "geometry": { "type": "Point", "coordinates": [ -122.199, 38.8303 ] } },
{ "type": "Feature", "id": "WCR1972-000391", "properties": { "WCRNmbr": "WCR1972-000391", "LAT": 38.8303, "LONG": -122.199, "BlwThreshl":"Below" ,"Head":342.511}, "geometry": { "type": "Point", "coordinates": [ -122.199, 38.8303 ] } },
{ "type": "Feature", "id": "WCR1975-000926", "properties": { "WCRNmbr": "WCR1975-000926", "LAT": 38.8303, "LONG": -122.199, "BlwThreshl":"Above" ,"Head":342.511}, "geometry": { "type": "Point", "coordinates": [ -122.199, 38.8303 ] } },
{ "type": "Feature", "id": "WCR1976-001543", "properties": { "WCRNmbr": "WCR1976-001543", "LAT": 38.8303, "LONG": -122.199, "BlwThreshl":"Above" ,"Head":342.511}, "geometry": { "type": "Point", "coordinates": [ -122.199, 38.8303 ] } },
{ "type": "Feature", "id": "WCR1977-000406", "properties": { "WCRNmbr": "WCR1977-000406", "LAT": 38.8303, "LONG": -122.199, "BlwThreshl":"Above" ,"Head":342.511}, "geometry": { "type": "Point", "coordinates": [ -122.199, 38.8303 ] } },
{ "type": "Feature", "id": "WCR1977-001711", "properties": { "WCRNmbr": "WCR1977-001711", "LAT": 38.8303, "LONG": -122.199, "BlwThreshl":"Below" ,"Head":342.511}, "geometry": { "type": "Point", "coordinates": [ -122.199, 38.8303 ] } },
{ "type": "Feature", "id": "WCR1977-002129", "properties": { "WCRNmbr": "WCR1977-002129", "LAT": 38.8303, "LONG": -122.199, "BlwThreshl":"Above" ,"Head":342.511}, "geometry": { "type": "Point", "coordinates": [ -122.199, 38.8303 ] } },
{ "type": "Feature", "id": "WCR1977-002133", "properties": { "WCRNmbr": "WCR1977-002133", "LAT": 38.8303, "LONG": -122.199, "BlwThreshl":"Above" ,"Head":342.511}, "geometry": { "type": "Point", "coordinates": [ -122.199, 38.8303 ] } },
{ "type": "Feature", "id": "WCR1977-002134", "properties": { "WCRNmbr": "WCR1977-002134", "LAT": 38.8303, "LONG": -122.199, "BlwThreshl":"Above" ,"Head":342.511}, "geometry": { "type": "Point", "coordinates": [ -122.199, 38.8303 ] } },
{ "type": "Feature", "id": "WCR1977-002135", "properties": { "WCRNmbr": "WCR1977-002135", "LAT": 38.8303, "LONG": -122.199, "BlwThreshl":"Above" ,"Head":342.511}, "geometry": { "type": "Point", "coordinates": [ -122.199, 38.8303 ] } },
{ "type": "Feature", "id": "WCR1978-000254", "properties": { "WCRNmbr": "WCR1978-000254", "LAT": 38.8303, "LONG": -122.199, "BlwThreshl":"Below" ,"Head":342.511}, "geometry": { "type": "Point", "coordinates": [ -122.199, 38.8303 ] } },
{ "type": "Feature", "id": "WCR1978-000510", "properties": { "WCRNmbr": "WCR1978-000510", "LAT": 38.8303, "LONG": -122.199, "BlwThreshl":"Above" ,"Head":342.511}, "geometry": { "type": "Point", "coordinates": [ -122.199, 38.8303 ] } },
{ "type": "Feature", "id": "WCR1978-001046", "properties": { "WCRNmbr": "WCR1978-001046", "LAT": 38.8303, "LONG": -122.199, "BlwThreshl":"Above" ,"Head":342.511}, "geometry": { "type": "Point", "coordinates": [ -122.199, 38.8303 ] } },
{ "type": "Feature", "id": "WCR1978-001971", "properties": { "WCRNmbr": "WCR1978-001971", "LAT": 38.8303, "LONG": -122.199, "BlwThreshl":"Above" ,"Head":342.511}, "geometry": { "type": "Point", "coordinates": [ -122.199, 38.8303 ] } },
{ "type": "Feature", "id": "WCR1980-000312", "properties": { "WCRNmbr": "WCR1980-000312", "LAT": 38.8303, "LONG": -122.199, "BlwThreshl":"Above" ,"Head":342.511}, "geometry": { "type": "Point", "coordinates": [ -122.199, 38.8303 ] } },
{ "type": "Feature", "id": "WCR1985-001744", "properties": { "WCRNmbr": "WCR1985-001744", "LAT": 38.8303, "LONG": -122.199, "BlwThreshl":"Above" ,"Head":342.511}, "geometry": { "type": "Point", "coordinates": [ -122.199, 38.8303 ] } },
{ "type": "Feature", "id": "WCR1989-003358", "properties": { "WCRNmbr": "WCR1989-003358", "LAT": 38.8303, "LONG": -122.199, "BlwThreshl":"Above" ,"Head":342.511}, "geometry": { "type": "Point", "coordinates": [ -122.199, 38.8303 ] } },
{ "type": "Feature", "id": "WCR1989-003362", "properties": { "WCRNmbr": "WCR1989-003362", "LAT": 38.8303, "LONG": -122.199, "BlwThreshl":"Above" ,"Head":342.511}, "geometry": { "type": "Point", "coordinates": [ -122.199, 38.8303 ] } },
{ "type": "Feature", "id": "WCR1990-007383", "properties": { "WCRNmbr": "WCR1990-007383", "LAT": 38.8303, "LONG": -122.199, "BlwThreshl":"Above" ,"Head":342.511}, "geometry": { "type": "Point", "coordinates": [ -122.199, 38.8303 ] } },
{ "type": "Feature", "id": "WCR1991-002602", "properties": { "WCRNmbr": "WCR1991-002602", "LAT": 38.8303, "LONG": -122.199, "BlwThreshl":"Above" ,"Head":342.511}, "geometry": { "type": "Point", "coordinates": [ -122.199, 38.8303 ] } },
{ "type": "Feature", "id": "WCR1992-007771", "properties": { "WCRNmbr": "WCR1992-007771", "LAT": 38.8303, "LONG": -122.199, "BlwThreshl":"Above" ,"Head":342.511}, "geometry": { "type": "Point", "coordinates": [ -122.199, 38.8303 ] } },
{ "type": "Feature", "id": "WCR1997-001911", "properties": { "WCRNmbr": "WCR1997-001911", "LAT": 38.8303, "LONG": -122.199, "BlwThreshl":"Above" ,"Head":342.511}, "geometry": { "type": "Point", "coordinates": [ -122.199, 38.8303 ] } },
{ "type": "Feature", "id": "WCR2000-002954", "properties": { "WCRNmbr": "WCR2000-002954", "LAT": 38.8303, "LONG": -122.199, "BlwThreshl":"Above" ,"Head":342.511}, "geometry": { "type": "Point", "coordinates": [ -122.199, 38.8303 ] } },
{ "type": "Feature", "id": "WCR2001-006825", "properties": { "WCRNmbr": "WCR2001-006825", "LAT": 38.8303, "LONG": -122.199, "BlwThreshl":"Above" ,"Head":342.511}, "geometry": { "type": "Point", "coordinates": [ -122.199, 38.8303 ] } },
{ "type": "Feature", "id": "WCR2002-001190", "properties": { "WCRNmbr": "WCR2002-001190", "LAT": 38.8303, "LONG": -122.199, "BlwThreshl":"Above" ,"Head":342.511}, "geometry": { "type": "Point", "coordinates": [ -122.199, 38.8303 ] } },
{ "type": "Feature", "id": "WCR2002-002217", "properties": { "WCRNmbr": "WCR2002-002217", "LAT": 38.8292, "LONG": -122.197, "BlwThreshl":"Above" ,"Head":343.624}, "geometry": { "type": "Point", "coordinates": [ -122.197, 38.8292 ] } },
{ "type": "Feature", "id": "WCR2003-004952", "properties": { "WCRNmbr": "WCR2003-004952", "LAT": 38.8303, "LONG": -122.199, "BlwThreshl":"Above" ,"Head":342.511}, "geometry": { "type": "Point", "coordinates": [ -122.199, 38.8303 ] } },
{ "type": "Feature", "id": "WCR2004-005001", "properties": { "WCRNmbr": "WCR2004-005001", "LAT": 38.8303, "LONG": -122.199, "BlwThreshl":"Above" ,"Head":342.511}, "geometry": { "type": "Point", "coordinates": [ -122.199, 38.8303 ] } },
{ "type": "Feature", "id": "WCR2005-005132", "properties": { "WCRNmbr": "WCR2005-005132", "LAT": 38.8303, "LONG": -122.199, "BlwThreshl":"Above" ,"Head":342.511}, "geometry": { "type": "Point", "coordinates": [ -122.199, 38.8303 ] } },
{ "type": "Feature", "id": "WCR2007-001707", "properties": { "WCRNmbr": "WCR2007-001707", "LAT": 38.8269, "LONG": -122.198, "BlwThreshl":"Above" ,"Head":335.598}, "geometry": { "type": "Point", "coordinates": [ -122.198, 38.8269 ] } },
{ "type": "Feature", "id": "WCR2007-002508", "properties": { "WCRNmbr": "WCR2007-002508", "LAT": 38.8267, "LONG": -122.193, "BlwThreshl":"Above" ,"Head":335.598}, "geometry": { "type": "Point", "coordinates": [ -122.193, 38.8267 ] } },
{ "type": "Feature", "id": "WCR2023-001456", "properties": { "WCRNmbr": "WCR2023-001456", "LAT": 38.844, "LONG": -122.202, "BlwThreshl":"Above" ,"Head":350.419}, "geometry": { "type": "Point", "coordinates": [ -122.202, 38.844 ] } },
{ "type": "Feature", "id": "WCR2023-005069", "properties": { "WCRNmbr": "WCR2023-005069", "LAT": 38.8303, "LONG": -122.19, "BlwThreshl":"Above" ,"Head":343.624}, "geometry": { "type": "Point", "coordinates": [ -122.19, 38.8303 ] } },
{ "type": "Feature", "id": "WCR2023-005557", "properties": { "WCRNmbr": "WCR2023-005557", "LAT": 38.8314, "LONG": -122.189, "BlwThreshl":"Above" ,"Head":343.624}, "geometry": { "type": "Point", "coordinates": [ -122.189, 38.8314 ] } },
{ "type": "Feature", "id": "WCR2023-007222", "properties": { "WCRNmbr": "WCR2023-007222", "LAT": 38.8345, "LONG": -122.198, "BlwThreshl":"Above" ,"Head":343.624}, "geometry": { "type": "Point", "coordinates": [ -122.198, 38.8345 ] } },
{ "type": "Feature", "id": "WCR0092104", "properties": { "WCRNmbr": "WCR0092104", "LAT": 38.8333, "LONG": -122.18, "BlwThreshl":"NoData" ,"Head":null}, "geometry": { "type": "Point", "coordinates": [ -122.18, 38.8333 ] } },
{ "type": "Feature", "id": "WCR1972-000209", "properties": { "WCRNmbr": "WCR1972-000209", "LAT": 38.8333, "LONG": -122.18, "BlwThreshl":"NoData" ,"Head":null}, "geometry": { "type": "Point", "coordinates": [ -122.18, 38.8333 ] } },
{ "type": "Feature", "id": "WCR1978-000253", "properties": { "WCRNmbr": "WCR1978-000253", "LAT": 38.8333, "LONG": -122.18, "BlwThreshl":"NoData" ,"Head":null}, "geometry": { "type": "Point", "coordinates": [ -122.18, 38.8333 ] } },
{ "type": "Feature", "id": "WCR1995-003836", "properties": { "WCRNmbr": "WCR1995-003836", "LAT": 38.8333, "LONG": -122.18, "BlwThreshl":"NoData" ,"Head":null}, "geometry": { "type": "Point", "coordinates": [ -122.18, 38.8333 ] } },
{ "type": "Feature", "id": "WCR0001050", "properties": { "WCRNmbr": "WCR0001050", "LAT": 38.8309, "LONG": -121.924, "BlwThreshl":"Above" ,"Head":-5.65131}, "geometry": { "type": "Point", "coordinates": [ -121.924, 38.8309 ] } },
{ "type": "Feature", "id": "WCR1974-000637", "properties": { "WCRNmbr": "WCR1974-000637", "LAT": 38.8309, "LONG": -121.924, "BlwThreshl":"Above" ,"Head":4.22584}, "geometry": { "type": "Point", "coordinates": [ -121.924, 38.8309 ] } },
{ "type": "Feature", "id": "WCR1977-002138", "properties": { "WCRNmbr": "WCR1977-002138", "LAT": 38.8309, "LONG": -121.924, "BlwThreshl":"Above" ,"Head":-5.65131}, "geometry": { "type": "Point", "coordinates": [ -121.924, 38.8309 ] } },
{ "type": "Feature", "id": "WCR1978-000137", "properties": { "WCRNmbr": "WCR1978-000137", "LAT": 38.8309, "LONG": -121.924, "BlwThreshl":"Above" ,"Head":-5.65131}, "geometry": { "type": "Point", "coordinates": [ -121.924, 38.8309 ] } },
{ "type": "Feature", "id": "WCR1978-001728", "properties": { "WCRNmbr": "WCR1978-001728", "LAT": 38.8309, "LONG": -121.924, "BlwThreshl":"Above" ,"Head":-5.65131}, "geometry": { "type": "Point", "coordinates": [ -121.924, 38.8309 ] } },
{ "type": "Feature", "id": "WCR1978-001776", "properties": { "WCRNmbr": "WCR1978-001776", "LAT": 38.8309, "LONG": -121.924, "BlwThreshl":"Above" ,"Head":-5.65131}, "geometry": { "type": "Point", "coordinates": [ -121.924, 38.8309 ] } },
{ "type": "Feature", "id": "WCR1980-002426", "properties": { "WCRNmbr": "WCR1980-002426", "LAT": 38.8308, "LONG": -121.924, "BlwThreshl":"Above" ,"Head":-5.65131}, "geometry": { "type": "Point", "coordinates": [ -121.924, 38.8308 ] } },
{ "type": "Feature", "id": "WCR1985-004113", "properties": { "WCRNmbr": "WCR1985-004113", "LAT": 38.8309, "LONG": -121.924, "BlwThreshl":"Above" ,"Head":-5.65131}, "geometry": { "type": "Point", "coordinates": [ -121.924, 38.8309 ] } },
{ "type": "Feature", "id": "WCR1989-003246", "properties": { "WCRNmbr": "WCR1989-003246", "LAT": 38.8309, "LONG": -121.924, "BlwThreshl":"Above" ,"Head":-5.65131}, "geometry": { "type": "Point", "coordinates": [ -121.924, 38.8309 ] } },
{ "type": "Feature", "id": "WCR1989-011970", "properties": { "WCRNmbr": "WCR1989-011970", "LAT": 38.8309, "LONG": -121.924, "BlwThreshl":"Above" ,"Head":-5.65131}, "geometry": { "type": "Point", "coordinates": [ -121.924, 38.8309 ] } },
{ "type": "Feature", "id": "WCR1990-005262", "properties": { "WCRNmbr": "WCR1990-005262", "LAT": 38.8309, "LONG": -121.924, "BlwThreshl":"Above" ,"Head":-5.65131}, "geometry": { "type": "Point", "coordinates": [ -121.924, 38.8309 ] } },
{ "type": "Feature", "id": "WCR1990-007290", "properties": { "WCRNmbr": "WCR1990-007290", "LAT": 38.8309, "LONG": -121.924, "BlwThreshl":"Above" ,"Head":-5.65131}, "geometry": { "type": "Point", "coordinates": [ -121.924, 38.8309 ] } },
{ "type": "Feature", "id": "WCR2007-001895", "properties": { "WCRNmbr": "WCR2007-001895", "LAT": 38.8309, "LONG": -121.924, "BlwThreshl":"Above" ,"Head":-5.65131}, "geometry": { "type": "Point", "coordinates": [ -121.924, 38.8309 ] } },
{ "type": "Feature", "id": "WCR2007-001896", "properties": { "WCRNmbr": "WCR2007-001896", "LAT": 38.8309, "LONG": -121.924, "BlwThreshl":"Above" ,"Head":-5.65131}, "geometry": { "type": "Point", "coordinates": [ -121.924, 38.8309 ] } },
{ "type": "Feature", "id": "WCR2021-000697", "properties": { "WCRNmbr": "WCR2021-000697", "LAT": 38.8317, "LONG": -121.923, "BlwThreshl":"Above" ,"Head":-5.65131}, "geometry": { "type": "Point", "coordinates": [ -121.923, 38.8317 ] } },
{ "type": "Feature", "id": "WCR2019-004360", "properties": { "WCRNmbr": "WCR2019-004360", "LAT": 38.8322, "LONG": -121.915, "BlwThreshl":"Above" ,"Head":-7.78413}, "geometry": { "type": "Point", "coordinates": [ -121.915, 38.8322 ] } },
{ "type": "Feature", "id": "WCR2021-013374", "properties": { "WCRNmbr": "WCR2021-013374", "LAT": 38.8316, "LONG": -121.915, "BlwThreshl":"Above" ,"Head":-7.78413}, "geometry": { "type": "Point", "coordinates": [ -121.915, 38.8316 ] } },
{ "type": "Feature", "id": "WCR2022-003565", "properties": { "WCRNmbr": "WCR2022-003565", "LAT": 38.8393, "LONG": -121.909, "BlwThreshl":"Above" ,"Head":-6.22229}, "geometry": { "type": "Point", "coordinates": [ -121.909, 38.8393 ] } },
{ "type": "Feature", "id": "WCR2011-002075", "properties": { "WCRNmbr": "WCR2011-002075", "LAT": 38.8308, "LONG": -121.878, "BlwThreshl":"Above" ,"Head":-9.29582}, "geometry": { "type": "Point", "coordinates": [ -121.878, 38.8308 ] } },
{ "type": "Feature", "id": "WCR0178215", "properties": { "WCRNmbr": "WCR0178215", "LAT": 38.8304, "LONG": -121.868, "BlwThreshl":"Above" ,"Head":-8.71488}, "geometry": { "type": "Point", "coordinates": [ -121.868, 38.8304 ] } },
{ "type": "Feature", "id": "WCR1983-003683", "properties": { "WCRNmbr": "WCR1983-003683", "LAT": 38.8304, "LONG": -121.868, "BlwThreshl":"Above" ,"Head":-8.71488}, "geometry": { "type": "Point", "coordinates": [ -121.868, 38.8304 ] } },
{ "type": "Feature", "id": "WCR1993-005146", "properties": { "WCRNmbr": "WCR1993-005146", "LAT": 38.8436, "LONG": -121.737, "BlwThreshl":"Above" ,"Head":7.53846}, "geometry": { "type": "Point", "coordinates": [ -121.737, 38.8436 ] } },
{ "type": "Feature", "id": "WCR0112010", "properties": { "WCRNmbr": "WCR0112010", "LAT": 38.8592, "LONG": -122.217, "BlwThreshl":"Above" ,"Head":424.697}, "geometry": { "type": "Point", "coordinates": [ -122.217, 38.8592 ] } },
{ "type": "Feature", "id": "WCR0265866", "properties": { "WCRNmbr": "WCR0265866", "LAT": 38.8592, "LONG": -122.217, "BlwThreshl":"Above" ,"Head":424.697}, "geometry": { "type": "Point", "coordinates": [ -122.217, 38.8592 ] } },
{ "type": "Feature", "id": "WCR1972-000227", "properties": { "WCRNmbr": "WCR1972-000227", "LAT": 38.8592, "LONG": -122.217, "BlwThreshl":"Above" ,"Head":424.697}, "geometry": { "type": "Point", "coordinates": [ -122.217, 38.8592 ] } },
{ "type": "Feature", "id": "WCR1984-004688", "properties": { "WCRNmbr": "WCR1984-004688", "LAT": 38.8592, "LONG": -122.217, "BlwThreshl":"Above" ,"Head":424.697}, "geometry": { "type": "Point", "coordinates": [ -122.217, 38.8592 ] } },
{ "type": "Feature", "id": "WCR0178207", "properties": { "WCRNmbr": "WCR0178207", "LAT": 38.8463, "LONG": -122.199, "BlwThreshl":"Above" ,"Head":352.391}, "geometry": { "type": "Point", "coordinates": [ -122.199, 38.8463 ] } },
{ "type": "Feature", "id": "WCR1978-001739", "properties": { "WCRNmbr": "WCR1978-001739", "LAT": 38.8463, "LONG": -122.199, "BlwThreshl":"Above" ,"Head":352.391}, "geometry": { "type": "Point", "coordinates": [ -122.199, 38.8463 ] } },
{ "type": "Feature", "id": "WCR1981-003051", "properties": { "WCRNmbr": "WCR1981-003051", "LAT": 38.8463, "LONG": -122.199, "BlwThreshl":"Above" ,"Head":352.391}, "geometry": { "type": "Point", "coordinates": [ -122.199, 38.8463 ] } },
{ "type": "Feature", "id": "WCR1982-003197", "properties": { "WCRNmbr": "WCR1982-003197", "LAT": 38.8463, "LONG": -122.199, "BlwThreshl":"Above" ,"Head":352.391}, "geometry": { "type": "Point", "coordinates": [ -122.199, 38.8463 ] } },
{ "type": "Feature", "id": "WCR1992-001959", "properties": { "WCRNmbr": "WCR1992-001959", "LAT": 38.8464, "LONG": -122.199, "BlwThreshl":"Above" ,"Head":352.391}, "geometry": { "type": "Point", "coordinates": [ -122.199, 38.8464 ] } },
{ "type": "Feature", "id": "WCR2001-001816", "properties": { "WCRNmbr": "WCR2001-001816", "LAT": 38.8463, "LONG": -122.199, "BlwThreshl":"Above" ,"Head":352.391}, "geometry": { "type": "Point", "coordinates": [ -122.199, 38.8463 ] } },
{ "type": "Feature", "id": "WCR2012-004486", "properties": { "WCRNmbr": "WCR2012-004486", "LAT": 38.8608, "LONG": -122.043, "BlwThreshl":"Above" ,"Head":214.12}, "geometry": { "type": "Point", "coordinates": [ -122.043, 38.8608 ] } },
{ "type": "Feature", "id": "WCR2015-004458", "properties": { "WCRNmbr": "WCR2015-004458", "LAT": 38.8602, "LONG": -121.98, "BlwThreshl":"Above" ,"Head":33.6343}, "geometry": { "type": "Point", "coordinates": [ -121.98, 38.8602 ] } },
{ "type": "Feature", "id": "WCR1975-000333", "properties": { "WCRNmbr": "WCR1975-000333", "LAT": 38.8601, "LONG": -121.961, "BlwThreshl":"Above" ,"Head":20.2343}, "geometry": { "type": "Point", "coordinates": [ -121.961, 38.8601 ] } },
{ "type": "Feature", "id": "WCR2007-007094", "properties": { "WCRNmbr": "WCR2007-007094", "LAT": 38.8598, "LONG": -121.924, "BlwThreshl":"Above" ,"Head":1.01923}, "geometry": { "type": "Point", "coordinates": [ -121.924, 38.8598 ] } },
{ "type": "Feature", "id": "WCR1979-000785", "properties": { "WCRNmbr": "WCR1979-000785", "LAT": 38.8582, "LONG": -121.794, "BlwThreshl":"Above" ,"Head":5.22019}, "geometry": { "type": "Point", "coordinates": [ -121.794, 38.8582 ] } },
{ "type": "Feature", "id": "WCR2012-002504", "properties": { "WCRNmbr": "WCR2012-002504", "LAT": 38.855, "LONG": -121.785, "BlwThreshl":"Above" ,"Head":5.19124}, "geometry": { "type": "Point", "coordinates": [ -121.785, 38.855 ] } },
{ "type": "Feature", "id": "WCR1995-000297", "properties": { "WCRNmbr": "WCR1995-000297", "LAT": 38.8564, "LONG": -121.738, "BlwThreshl":"Above" ,"Head":7.4262}, "geometry": { "type": "Point", "coordinates": [ -121.738, 38.8564 ] } },
{ "type": "Feature", "id": "WCR1995-000303", "properties": { "WCRNmbr": "WCR1995-000303", "LAT": 38.8564, "LONG": -121.738, "BlwThreshl":"Above" ,"Head":7.4262}, "geometry": { "type": "Point", "coordinates": [ -121.738, 38.8564 ] } },
{ "type": "Feature", "id": "WCR0156322", "properties": { "WCRNmbr": "WCR0156322", "LAT": 38.8759, "LONG": -122.217, "BlwThreshl":"Above" ,"Head":390.781}, "geometry": { "type": "Point", "coordinates": [ -122.217, 38.8759 ] } },
{ "type": "Feature", "id": "WCR1976-000461", "properties": { "WCRNmbr": "WCR1976-000461", "LAT": 38.8759, "LONG": -122.217, "BlwThreshl":"Above" ,"Head":390.781}, "geometry": { "type": "Point", "coordinates": [ -122.217, 38.8759 ] } },
{ "type": "Feature", "id": "WCR1979-000722", "properties": { "WCRNmbr": "WCR1979-000722", "LAT": 38.8759, "LONG": -122.217, "BlwThreshl":"Above" ,"Head":390.781}, "geometry": { "type": "Point", "coordinates": [ -122.217, 38.8759 ] } },
{ "type": "Feature", "id": "WCR1979-002136", "properties": { "WCRNmbr": "WCR1979-002136", "LAT": 38.8759, "LONG": -122.217, "BlwThreshl":"Above" ,"Head":390.781}, "geometry": { "type": "Point", "coordinates": [ -122.217, 38.8759 ] } },
{ "type": "Feature", "id": "WCR1980-002483", "properties": { "WCRNmbr": "WCR1980-002483", "LAT": 38.8759, "LONG": -122.217, "BlwThreshl":"Above" ,"Head":390.781}, "geometry": { "type": "Point", "coordinates": [ -122.217, 38.8759 ] } },
{ "type": "Feature", "id": "WCR1988-005356", "properties": { "WCRNmbr": "WCR1988-005356", "LAT": 38.8758, "LONG": -122.217, "BlwThreshl":"Above" ,"Head":390.781}, "geometry": { "type": "Point", "coordinates": [ -122.217, 38.8758 ] } },
{ "type": "Feature", "id": "WCR2000-002940", "properties": { "WCRNmbr": "WCR2000-002940", "LAT": 38.8759, "LONG": -122.217, "BlwThreshl":"Above" ,"Head":390.781}, "geometry": { "type": "Point", "coordinates": [ -122.217, 38.8759 ] } },
{ "type": "Feature", "id": "WCR2004-004628", "properties": { "WCRNmbr": "WCR2004-004628", "LAT": 38.8759, "LONG": -122.071, "BlwThreshl":"Above" ,"Head":202.19}, "geometry": { "type": "Point", "coordinates": [ -122.071, 38.8759 ] } },
{ "type": "Feature", "id": "WCR2016-013833", "properties": { "WCRNmbr": "WCR2016-013833", "LAT": 38.8708, "LONG": -122.028, "BlwThreshl":"Above" ,"Head":207.665}, "geometry": { "type": "Point", "coordinates": [ -122.028, 38.8708 ] } },
{ "type": "Feature", "id": "WCR1972-000221", "properties": { "WCRNmbr": "WCR1972-000221", "LAT": 38.8745, "LONG": -121.98, "BlwThreshl":"Above" ,"Head":20.7982}, "geometry": { "type": "Point", "coordinates": [ -121.98, 38.8745 ] } },
{ "type": "Feature", "id": "WCR1973-000528", "properties": { "WCRNmbr": "WCR1973-000528", "LAT": 38.8744, "LONG": -121.98, "BlwThreshl":"Above" ,"Head":20.7982}, "geometry": { "type": "Point", "coordinates": [ -121.98, 38.8744 ] } },
{ "type": "Feature", "id": "WCR1996-002750", "properties": { "WCRNmbr": "WCR1996-002750", "LAT": 38.8745, "LONG": -121.98, "BlwThreshl":"Above" ,"Head":20.7982}, "geometry": { "type": "Point", "coordinates": [ -121.98, 38.8745 ] } },
{ "type": "Feature", "id": "WCR2016-006070", "properties": { "WCRNmbr": "WCR2016-006070", "LAT": 38.8815, "LONG": -121.966, "BlwThreshl":"Above" ,"Head":9.62836}, "geometry": { "type": "Point", "coordinates": [ -121.966, 38.8815 ] } },
{ "type": "Feature", "id": "WCR2005-004532", "properties": { "WCRNmbr": "WCR2005-004532", "LAT": 38.8745, "LONG": -121.961, "BlwThreshl":"Above" ,"Head":7.92536}, "geometry": { "type": "Point", "coordinates": [ -121.961, 38.8745 ] } },
{ "type": "Feature", "id": "WCR2023-005786", "properties": { "WCRNmbr": "WCR2023-005786", "LAT": 38.8674, "LONG": -121.937, "BlwThreshl":"Above" ,"Head":3.4283}, "geometry": { "type": "Point", "coordinates": [ -121.937, 38.8674 ] } },
{ "type": "Feature", "id": "WCR2018-012107", "properties": { "WCRNmbr": "WCR2018-012107", "LAT": 38.8922, "LONG": -122.234, "BlwThreshl":"NoData" ,"Head":null}, "geometry": { "type": "Point", "coordinates": [ -122.234, 38.8922 ] } },
{ "type": "Feature", "id": "WCR0055348", "properties": { "WCRNmbr": "WCR0055348", "LAT": 38.8924, "LONG": -122.217, "BlwThreshl":"NoData" ,"Head":null}, "geometry": { "type": "Point", "coordinates": [ -122.217, 38.8924 ] } },
{ "type": "Feature", "id": "WCR1986-007589", "properties": { "WCRNmbr": "WCR1986-007589", "LAT": 38.8925, "LONG": -122.217, "BlwThreshl":"NoData" ,"Head":null}, "geometry": { "type": "Point", "coordinates": [ -122.217, 38.8925 ] } },
{ "type": "Feature", "id": "WCR1971-000155", "properties": { "WCRNmbr": "WCR1971-000155", "LAT": 38.8901, "LONG": -122.034, "BlwThreshl":"Above" ,"Head":132.577}, "geometry": { "type": "Point", "coordinates": [ -122.034, 38.8901 ] } },
{ "type": "Feature", "id": "WCR1985-004107", "properties": { "WCRNmbr": "WCR1985-004107", "LAT": 38.8901, "LONG": -122.034, "BlwThreshl":"Above" ,"Head":132.577}, "geometry": { "type": "Point", "coordinates": [ -122.034, 38.8901 ] } },
{ "type": "Feature", "id": "WCR2003-004461", "properties": { "WCRNmbr": "WCR2003-004461", "LAT": 38.8901, "LONG": -122.034, "BlwThreshl":"Above" ,"Head":132.577}, "geometry": { "type": "Point", "coordinates": [ -122.034, 38.8901 ] } },
{ "type": "Feature", "id": "WCR2016-011072", "properties": { "WCRNmbr": "WCR2016-011072", "LAT": 38.8972, "LONG": -122.034, "BlwThreshl":"Above" ,"Head":116.675}, "geometry": { "type": "Point", "coordinates": [ -122.034, 38.8972 ] } },
{ "type": "Feature", "id": "WCR2010-000145", "properties": { "WCRNmbr": "WCR2010-000145", "LAT": 38.8892, "LONG": -121.999, "BlwThreshl":"Above" ,"Head":50.3718}, "geometry": { "type": "Point", "coordinates": [ -121.999, 38.8892 ] } },
{ "type": "Feature", "id": "WCR0030495", "properties": { "WCRNmbr": "WCR0030495", "LAT": 38.8889, "LONG": -121.98, "BlwThreshl":"Above" ,"Head":15.4676}, "geometry": { "type": "Point", "coordinates": [ -121.98, 38.8889 ] } },
{ "type": "Feature", "id": "WCR0092418", "properties": { "WCRNmbr": "WCR0092418", "LAT": 38.8889, "LONG": -121.98, "BlwThreshl":"Above" ,"Head":57.0918}, "geometry": { "type": "Point", "coordinates": [ -121.98, 38.8889 ] } },
{ "type": "Feature", "id": "WCR0156549", "properties": { "WCRNmbr": "WCR0156549", "LAT": 38.8889, "LONG": -121.98, "BlwThreshl":"Above" ,"Head":57.0918}, "geometry": { "type": "Point", "coordinates": [ -121.98, 38.8889 ] } },
{ "type": "Feature", "id": "WCR0208331", "properties": { "WCRNmbr": "WCR0208331", "LAT": 38.8889, "LONG": -121.98, "BlwThreshl":"Above" ,"Head":15.4676}, "geometry": { "type": "Point", "coordinates": [ -121.98, 38.8889 ] } },
{ "type": "Feature", "id": "WCR0248841", "properties": { "WCRNmbr": "WCR0248841", "LAT": 38.8889, "LONG": -121.98, "BlwThreshl":"Above" ,"Head":57.0918}, "geometry": { "type": "Point", "coordinates": [ -121.98, 38.8889 ] } },
{ "type": "Feature", "id": "WCR1970-000311", "properties": { "WCRNmbr": "WCR1970-000311", "LAT": 38.8889, "LONG": -121.98, "BlwThreshl":"Above" ,"Head":57.0918}, "geometry": { "type": "Point", "coordinates": [ -121.98, 38.8889 ] } },
{ "type": "Feature", "id": "WCR1970-000316", "properties": { "WCRNmbr": "WCR1970-000316", "LAT": 38.8889, "LONG": -121.98, "BlwThreshl":"Above" ,"Head":57.0918}, "geometry": { "type": "Point", "coordinates": [ -121.98, 38.8889 ] } },
{ "type": "Feature", "id": "WCR1970-000318", "properties": { "WCRNmbr": "WCR1970-000318", "LAT": 38.8889, "LONG": -121.98, "BlwThreshl":"Above" ,"Head":57.0918}, "geometry": { "type": "Point", "coordinates": [ -121.98, 38.8889 ] } },
{ "type": "Feature", "id": "WCR1971-000118", "properties": { "WCRNmbr": "WCR1971-000118", "LAT": 38.8889, "LONG": -121.98, "BlwThreshl":"Above" ,"Head":15.4676}, "geometry": { "type": "Point", "coordinates": [ -121.98, 38.8889 ] } },
{ "type": "Feature", "id": "WCR1971-000398", "properties": { "WCRNmbr": "WCR1971-000398", "LAT": 38.8889, "LONG": -121.98, "BlwThreshl":"Above" ,"Head":57.0918}, "geometry": { "type": "Point", "coordinates": [ -121.98, 38.8889 ] } },
{ "type": "Feature", "id": "WCR1971-000413", "properties": { "WCRNmbr": "WCR1971-000413", "LAT": 38.8889, "LONG": -121.98, "BlwThreshl":"Above" ,"Head":57.0918}, "geometry": { "type": "Point", "coordinates": [ -121.98, 38.8889 ] } },
{ "type": "Feature", "id": "WCR1971-000625", "properties": { "WCRNmbr": "WCR1971-000625", "LAT": 38.8889, "LONG": -121.98, "BlwThreshl":"Above" ,"Head":57.0918}, "geometry": { "type": "Point", "coordinates": [ -121.98, 38.8889 ] } },
{ "type": "Feature", "id": "WCR1971-000628", "properties": { "WCRNmbr": "WCR1971-000628", "LAT": 38.8889, "LONG": -121.98, "BlwThreshl":"Above" ,"Head":57.0918}, "geometry": { "type": "Point", "coordinates": [ -121.98, 38.8889 ] } },
{ "type": "Feature", "id": "WCR1972-000387", "properties": { "WCRNmbr": "WCR1972-000387", "LAT": 38.8889, "LONG": -121.98, "BlwThreshl":"Above" ,"Head":57.0918}, "geometry": { "type": "Point", "coordinates": [ -121.98, 38.8889 ] } },
{ "type": "Feature", "id": "WCR1973-000336", "properties": { "WCRNmbr": "WCR1973-000336", "LAT": 38.8889, "LONG": -121.98, "BlwThreshl":"Above" ,"Head":15.4676}, "geometry": { "type": "Point", "coordinates": [ -121.98, 38.8889 ] } },
{ "type": "Feature", "id": "WCR1974-000642", "properties": { "WCRNmbr": "WCR1974-000642", "LAT": 38.8889, "LONG": -121.98, "BlwThreshl":"Above" ,"Head":57.0918}, "geometry": { "type": "Point", "coordinates": [ -121.98, 38.8889 ] } },
{ "type": "Feature", "id": "WCR1976-001022", "properties": { "WCRNmbr": "WCR1976-001022", "LAT": 38.8889, "LONG": -121.98, "BlwThreshl":"Above" ,"Head":57.0918}, "geometry": { "type": "Point", "coordinates": [ -121.98, 38.8889 ] } },
{ "type": "Feature", "id": "WCR1976-001023", "properties": { "WCRNmbr": "WCR1976-001023", "LAT": 38.8889, "LONG": -121.98, "BlwThreshl":"Above" ,"Head":57.0918}, "geometry": { "type": "Point", "coordinates": [ -121.98, 38.8889 ] } },
{ "type": "Feature", "id": "WCR1976-001026", "properties": { "WCRNmbr": "WCR1976-001026", "LAT": 38.8889, "LONG": -121.98, "BlwThreshl":"Above" ,"Head":57.0918}, "geometry": { "type": "Point", "coordinates": [ -121.98, 38.8889 ] } },
{ "type": "Feature", "id": "WCR1976-001229", "properties": { "WCRNmbr": "WCR1976-001229", "LAT": 38.8889, "LONG": -121.98, "BlwThreshl":"Above" ,"Head":15.4676}, "geometry": { "type": "Point", "coordinates": [ -121.98, 38.8889 ] } },
{ "type": "Feature", "id": "WCR1976-001356", "properties": { "WCRNmbr": "WCR1976-001356", "LAT": 38.8889, "LONG": -121.98, "BlwThreshl":"Above" ,"Head":57.0918}, "geometry": { "type": "Point", "coordinates": [ -121.98, 38.8889 ] } },
{ "type": "Feature", "id": "WCR1978-001329", "properties": { "WCRNmbr": "WCR1978-001329", "LAT": 38.8889, "LONG": -121.98, "BlwThreshl":"Above" ,"Head":15.4676}, "geometry": { "type": "Point", "coordinates": [ -121.98, 38.8889 ] } },
{ "type": "Feature", "id": "WCR1978-001330", "properties": { "WCRNmbr": "WCR1978-001330", "LAT": 38.8889, "LONG": -121.98, "BlwThreshl":"Above" ,"Head":57.0918}, "geometry": { "type": "Point", "coordinates": [ -121.98, 38.8889 ] } },
{ "type": "Feature", "id": "WCR1978-001331", "properties": { "WCRNmbr": "WCR1978-001331", "LAT": 38.8889, "LONG": -121.98, "BlwThreshl":"Above" ,"Head":15.4676}, "geometry": { "type": "Point", "coordinates": [ -121.98, 38.8889 ] } },
{ "type": "Feature", "id": "WCR1978-001333", "properties": { "WCRNmbr": "WCR1978-001333", "LAT": 38.8889, "LONG": -121.98, "BlwThreshl":"Above" ,"Head":15.4676}, "geometry": { "type": "Point", "coordinates": [ -121.98, 38.8889 ] } },
{ "type": "Feature", "id": "WCR1978-001344", "properties": { "WCRNmbr": "WCR1978-001344", "LAT": 38.8889, "LONG": -121.98, "BlwThreshl":"Above" ,"Head":15.4676}, "geometry": { "type": "Point", "coordinates": [ -121.98, 38.8889 ] } },
{ "type": "Feature", "id": "WCR1979-001660", "properties": { "WCRNmbr": "WCR1979-001660", "LAT": 38.8889, "LONG": -121.98, "BlwThreshl":"Above" ,"Head":15.4676}, "geometry": { "type": "Point", "coordinates": [ -121.98, 38.8889 ] } },
{ "type": "Feature", "id": "WCR1980-000310", "properties": { "WCRNmbr": "WCR1980-000310", "LAT": 38.8889, "LONG": -121.98, "BlwThreshl":"Above" ,"Head":15.4676}, "geometry": { "type": "Point", "coordinates": [ -121.98, 38.8889 ] } },
{ "type": "Feature", "id": "WCR1980-004059", "properties": { "WCRNmbr": "WCR1980-004059", "LAT": 38.8889, "LONG": -121.98, "BlwThreshl":"Above" ,"Head":57.0918}, "geometry": { "type": "Point", "coordinates": [ -121.98, 38.8889 ] } },
{ "type": "Feature", "id": "WCR1980-004060", "properties": { "WCRNmbr": "WCR1980-004060", "LAT": 38.8889, "LONG": -121.98, "BlwThreshl":"Above" ,"Head":57.0918}, "geometry": { "type": "Point", "coordinates": [ -121.98, 38.8889 ] } },
{ "type": "Feature", "id": "WCR1980-004061", "properties": { "WCRNmbr": "WCR1980-004061", "LAT": 38.8889, "LONG": -121.98, "BlwThreshl":"Above" ,"Head":57.0918}, "geometry": { "type": "Point", "coordinates": [ -121.98, 38.8889 ] } },
{ "type": "Feature", "id": "WCR1980-004199", "properties": { "WCRNmbr": "WCR1980-004199", "LAT": 38.8889, "LONG": -121.98, "BlwThreshl":"Above" ,"Head":15.4676}, "geometry": { "type": "Point", "coordinates": [ -121.98, 38.8889 ] } },
{ "type": "Feature", "id": "WCR1981-002040", "properties": { "WCRNmbr": "WCR1981-002040", "LAT": 38.8889, "LONG": -121.98, "BlwThreshl":"Above" ,"Head":15.4676}, "geometry": { "type": "Point", "coordinates": [ -121.98, 38.8889 ] } },
{ "type": "Feature", "id": "WCR1981-002356", "properties": { "WCRNmbr": "WCR1981-002356", "LAT": 38.8889, "LONG": -121.98, "BlwThreshl":"Above" ,"Head":15.4676}, "geometry": { "type": "Point", "coordinates": [ -121.98, 38.8889 ] } },
{ "type": "Feature", "id": "WCR1985-001147", "properties": { "WCRNmbr": "WCR1985-001147", "LAT": 38.8889, "LONG": -121.98, "BlwThreshl":"Above" ,"Head":57.0918}, "geometry": { "type": "Point", "coordinates": [ -121.98, 38.8889 ] } },
{ "type": "Feature", "id": "WCR1986-004987", "properties": { "WCRNmbr": "WCR1986-004987", "LAT": 38.8889, "LONG": -121.98, "BlwThreshl":"Above" ,"Head":15.4676}, "geometry": { "type": "Point", "coordinates": [ -121.98, 38.8889 ] } },
{ "type": "Feature", "id": "WCR1987-004554", "properties": { "WCRNmbr": "WCR1987-004554", "LAT": 38.8889, "LONG": -121.98, "BlwThreshl":"Above" ,"Head":15.4676}, "geometry": { "type": "Point", "coordinates": [ -121.98, 38.8889 ] } },
{ "type": "Feature", "id": "WCR1988-003393", "properties": { "WCRNmbr": "WCR1988-003393", "LAT": 38.8889, "LONG": -121.98, "BlwThreshl":"Above" ,"Head":15.4676}, "geometry": { "type": "Point", "coordinates": [ -121.98, 38.8889 ] } },
{ "type": "Feature", "id": "WCR1988-007712", "properties": { "WCRNmbr": "WCR1988-007712", "LAT": 38.8889, "LONG": -121.98, "BlwThreshl":"Above" ,"Head":15.4676}, "geometry": { "type": "Point", "coordinates": [ -121.98, 38.8889 ] } },
{ "type": "Feature", "id": "WCR1990-003779", "properties": { "WCRNmbr": "WCR1990-003779", "LAT": 38.8889, "LONG": -121.98, "BlwThreshl":"Above" ,"Head":15.4676}, "geometry": { "type": "Point", "coordinates": [ -121.98, 38.8889 ] } },
{ "type": "Feature", "id": "WCR1990-003781", "properties": { "WCRNmbr": "WCR1990-003781", "LAT": 38.8889, "LONG": -121.98, "BlwThreshl":"Above" ,"Head":15.4676}, "geometry": { "type": "Point", "coordinates": [ -121.98, 38.8889 ] } },
{ "type": "Feature", "id": "WCR1990-005290", "properties": { "WCRNmbr": "WCR1990-005290", "LAT": 38.8889, "LONG": -121.98, "BlwThreshl":"Above" ,"Head":15.4676}, "geometry": { "type": "Point", "coordinates": [ -121.98, 38.8889 ] } },
{ "type": "Feature", "id": "WCR1990-010269", "properties": { "WCRNmbr": "WCR1990-010269", "LAT": 38.8889, "LONG": -121.98, "BlwThreshl":"Above" ,"Head":15.4676}, "geometry": { "type": "Point", "coordinates": [ -121.98, 38.8889 ] } },
{ "type": "Feature", "id": "WCR1990-010278", "properties": { "WCRNmbr": "WCR1990-010278", "LAT": 38.8889, "LONG": -121.98, "BlwThreshl":"Above" ,"Head":15.4676}, "geometry": { "type": "Point", "coordinates": [ -121.98, 38.8889 ] } },
{ "type": "Feature", "id": "WCR1991-010562", "properties": { "WCRNmbr": "WCR1991-010562", "LAT": 38.8889, "LONG": -121.98, "BlwThreshl":"Above" ,"Head":15.4676}, "geometry": { "type": "Point", "coordinates": [ -121.98, 38.8889 ] } },
{ "type": "Feature", "id": "WCR1992-008976", "properties": { "WCRNmbr": "WCR1992-008976", "LAT": 38.8889, "LONG": -121.98, "BlwThreshl":"Above" ,"Head":15.4676}, "geometry": { "type": "Point", "coordinates": [ -121.98, 38.8889 ] } },
{ "type": "Feature", "id": "WCR1994-003947", "properties": { "WCRNmbr": "WCR1994-003947", "LAT": 38.8889, "LONG": -121.98, "BlwThreshl":"Above" ,"Head":15.4676}, "geometry": { "type": "Point", "coordinates": [ -121.98, 38.8889 ] } },
{ "type": "Feature", "id": "WCR1995-001112", "properties": { "WCRNmbr": "WCR1995-001112", "LAT": 38.8889, "LONG": -121.98, "BlwThreshl":"Above" ,"Head":15.4676}, "geometry": { "type": "Point", "coordinates": [ -121.98, 38.8889 ] } },
{ "type": "Feature", "id": "WCR1995-001113", "properties": { "WCRNmbr": "WCR1995-001113", "LAT": 38.8889, "LONG": -121.98, "BlwThreshl":"Above" ,"Head":15.4676}, "geometry": { "type": "Point", "coordinates": [ -121.98, 38.8889 ] } },
{ "type": "Feature", "id": "WCR1995-003830", "properties": { "WCRNmbr": "WCR1995-003830", "LAT": 38.8889, "LONG": -121.98, "BlwThreshl":"Above" ,"Head":15.4676}, "geometry": { "type": "Point", "coordinates": [ -121.98, 38.8889 ] } },
{ "type": "Feature", "id": "WCR1995-003837", "properties": { "WCRNmbr": "WCR1995-003837", "LAT": 38.8889, "LONG": -121.98, "BlwThreshl":"Above" ,"Head":15.4676}, "geometry": { "type": "Point", "coordinates": [ -121.98, 38.8889 ] } },
{ "type": "Feature", "id": "WCR1996-003153", "properties": { "WCRNmbr": "WCR1996-003153", "LAT": 38.8889, "LONG": -121.98, "BlwThreshl":"Above" ,"Head":15.4676}, "geometry": { "type": "Point", "coordinates": [ -121.98, 38.8889 ] } },
{ "type": "Feature", "id": "WCR1996-003423", "properties": { "WCRNmbr": "WCR1996-003423", "LAT": 38.8889, "LONG": -121.98, "BlwThreshl":"Above" ,"Head":15.4676}, "geometry": { "type": "Point", "coordinates": [ -121.98, 38.8889 ] } },
{ "type": "Feature", "id": "WCR1999-001738", "properties": { "WCRNmbr": "WCR1999-001738", "LAT": 38.8889, "LONG": -121.98, "BlwThreshl":"Above" ,"Head":15.4676}, "geometry": { "type": "Point", "coordinates": [ -121.98, 38.8889 ] } },
{ "type": "Feature", "id": "WCR1999-001916", "properties": { "WCRNmbr": "WCR1999-001916", "LAT": 38.8889, "LONG": -121.98, "BlwThreshl":"Above" ,"Head":15.4676}, "geometry": { "type": "Point", "coordinates": [ -121.98, 38.8889 ] } },
{ "type": "Feature", "id": "WCR1999-006111", "properties": { "WCRNmbr": "WCR1999-006111", "LAT": 38.8889, "LONG": -121.98, "BlwThreshl":"Above" ,"Head":15.4676}, "geometry": { "type": "Point", "coordinates": [ -121.98, 38.8889 ] } },
{ "type": "Feature", "id": "WCR2000-002723", "properties": { "WCRNmbr": "WCR2000-002723", "LAT": 38.8889, "LONG": -121.98, "BlwThreshl":"Above" ,"Head":15.4676}, "geometry": { "type": "Point", "coordinates": [ -121.98, 38.8889 ] } },
{ "type": "Feature", "id": "WCR2000-007391", "properties": { "WCRNmbr": "WCR2000-007391", "LAT": 38.8889, "LONG": -121.98, "BlwThreshl":"Above" ,"Head":15.4676}, "geometry": { "type": "Point", "coordinates": [ -121.98, 38.8889 ] } },
{ "type": "Feature", "id": "WCR2001-006049", "properties": { "WCRNmbr": "WCR2001-006049", "LAT": 38.8889, "LONG": -121.98, "BlwThreshl":"Above" ,"Head":15.4676}, "geometry": { "type": "Point", "coordinates": [ -121.98, 38.8889 ] } },
{ "type": "Feature", "id": "WCR2002-008490", "properties": { "WCRNmbr": "WCR2002-008490", "LAT": 38.8889, "LONG": -121.98, "BlwThreshl":"Above" ,"Head":15.4676}, "geometry": { "type": "Point", "coordinates": [ -121.98, 38.8889 ] } },
{ "type": "Feature", "id": "WCR2002-008499", "properties": { "WCRNmbr": "WCR2002-008499", "LAT": 38.8889, "LONG": -121.98, "BlwThreshl":"Above" ,"Head":15.4676}, "geometry": { "type": "Point", "coordinates": [ -121.98, 38.8889 ] } },
{ "type": "Feature", "id": "WCR2003-004368", "properties": { "WCRNmbr": "WCR2003-004368", "LAT": 38.8889, "LONG": -121.98, "BlwThreshl":"Above" ,"Head":15.4676}, "geometry": { "type": "Point", "coordinates": [ -121.98, 38.8889 ] } },
{ "type": "Feature", "id": "WCR2003-004369", "properties": { "WCRNmbr": "WCR2003-004369", "LAT": 38.8889, "LONG": -121.98, "BlwThreshl":"Above" ,"Head":15.4676}, "geometry": { "type": "Point", "coordinates": [ -121.98, 38.8889 ] } },
{ "type": "Feature", "id": "WCR2003-004452", "properties": { "WCRNmbr": "WCR2003-004452", "LAT": 38.8889, "LONG": -121.98, "BlwThreshl":"Above" ,"Head":15.4676}, "geometry": { "type": "Point", "coordinates": [ -121.98, 38.8889 ] } },
{ "type": "Feature", "id": "WCR2003-004457", "properties": { "WCRNmbr": "WCR2003-004457", "LAT": 38.8889, "LONG": -121.98, "BlwThreshl":"Above" ,"Head":15.4676}, "geometry": { "type": "Point", "coordinates": [ -121.98, 38.8889 ] } },
{ "type": "Feature", "id": "WCR2003-004458", "properties": { "WCRNmbr": "WCR2003-004458", "LAT": 38.8889, "LONG": -121.98, "BlwThreshl":"Above" ,"Head":15.4676}, "geometry": { "type": "Point", "coordinates": [ -121.98, 38.8889 ] } },
{ "type": "Feature", "id": "WCR2003-004459", "properties": { "WCRNmbr": "WCR2003-004459", "LAT": 38.8889, "LONG": -121.98, "BlwThreshl":"Above" ,"Head":15.4676}, "geometry": { "type": "Point", "coordinates": [ -121.98, 38.8889 ] } },
{ "type": "Feature", "id": "WCR2003-004460", "properties": { "WCRNmbr": "WCR2003-004460", "LAT": 38.8889, "LONG": -121.98, "BlwThreshl":"Above" ,"Head":15.4676}, "geometry": { "type": "Point", "coordinates": [ -121.98, 38.8889 ] } },
{ "type": "Feature", "id": "WCR2004-002501", "properties": { "WCRNmbr": "WCR2004-002501", "LAT": 38.8889, "LONG": -121.98, "BlwThreshl":"Above" ,"Head":15.4676}, "geometry": { "type": "Point", "coordinates": [ -121.98, 38.8889 ] } },
{ "type": "Feature", "id": "WCR2004-002502", "properties": { "WCRNmbr": "WCR2004-002502", "LAT": 38.8889, "LONG": -121.98, "BlwThreshl":"Above" ,"Head":15.4676}, "geometry": { "type": "Point", "coordinates": [ -121.98, 38.8889 ] } },
{ "type": "Feature", "id": "WCR2004-002513", "properties": { "WCRNmbr": "WCR2004-002513", "LAT": 38.8889, "LONG": -121.98, "BlwThreshl":"Above" ,"Head":15.4676}, "geometry": { "type": "Point", "coordinates": [ -121.98, 38.8889 ] } },
{ "type": "Feature", "id": "WCR2004-002515", "properties": { "WCRNmbr": "WCR2004-002515", "LAT": 38.8889, "LONG": -121.98, "BlwThreshl":"Above" ,"Head":15.4676}, "geometry": { "type": "Point", "coordinates": [ -121.98, 38.8889 ] } },
{ "type": "Feature", "id": "WCR2004-004817", "properties": { "WCRNmbr": "WCR2004-004817", "LAT": 38.8889, "LONG": -121.98, "BlwThreshl":"Above" ,"Head":57.0918}, "geometry": { "type": "Point", "coordinates": [ -121.98, 38.8889 ] } },
{ "type": "Feature", "id": "WCR2004-005443", "properties": { "WCRNmbr": "WCR2004-005443", "LAT": 38.8889, "LONG": -121.98, "BlwThreshl":"Above" ,"Head":15.4676}, "geometry": { "type": "Point", "coordinates": [ -121.98, 38.8889 ] } },
{ "type": "Feature", "id": "WCR2004-005553", "properties": { "WCRNmbr": "WCR2004-005553", "LAT": 38.8889, "LONG": -121.98, "BlwThreshl":"Above" ,"Head":15.4676}, "geometry": { "type": "Point", "coordinates": [ -121.98, 38.8889 ] } },
{ "type": "Feature", "id": "WCR2004-005583", "properties": { "WCRNmbr": "WCR2004-005583", "LAT": 38.8889, "LONG": -121.98, "BlwThreshl":"Above" ,"Head":15.4676}, "geometry": { "type": "Point", "coordinates": [ -121.98, 38.8889 ] } },
{ "type": "Feature", "id": "WCR2004-005626", "properties": { "WCRNmbr": "WCR2004-005626", "LAT": 38.8942, "LONG": -121.984, "BlwThreshl":"Above" ,"Head":18.2032}, "geometry": { "type": "Point", "coordinates": [ -121.984, 38.8942 ] } },
{ "type": "Feature", "id": "WCR2005-003705", "properties": { "WCRNmbr": "WCR2005-003705", "LAT": 38.8889, "LONG": -121.98, "BlwThreshl":"Above" ,"Head":15.4676}, "geometry": { "type": "Point", "coordinates": [ -121.98, 38.8889 ] } },
{ "type": "Feature", "id": "WCR2005-003846", "properties": { "WCRNmbr": "WCR2005-003846", "LAT": 38.8889, "LONG": -121.98, "BlwThreshl":"Above" ,"Head":15.4676}, "geometry": { "type": "Point", "coordinates": [ -121.98, 38.8889 ] } },
{ "type": "Feature", "id": "WCR2005-003847", "properties": { "WCRNmbr": "WCR2005-003847", "LAT": 38.8889, "LONG": -121.98, "BlwThreshl":"Above" ,"Head":15.4676}, "geometry": { "type": "Point", "coordinates": [ -121.98, 38.8889 ] } },
{ "type": "Feature", "id": "WCR2005-003848", "properties": { "WCRNmbr": "WCR2005-003848", "LAT": 38.8889, "LONG": -121.98, "BlwThreshl":"Above" ,"Head":15.4676}, "geometry": { "type": "Point", "coordinates": [ -121.98, 38.8889 ] } },
{ "type": "Feature", "id": "WCR2005-003849", "properties": { "WCRNmbr": "WCR2005-003849", "LAT": 38.8889, "LONG": -121.98, "BlwThreshl":"Above" ,"Head":15.4676}, "geometry": { "type": "Point", "coordinates": [ -121.98, 38.8889 ] } },
{ "type": "Feature", "id": "WCR2005-004012", "properties": { "WCRNmbr": "WCR2005-004012", "LAT": 38.8889, "LONG": -121.98, "BlwThreshl":"Above" ,"Head":15.4676}, "geometry": { "type": "Point", "coordinates": [ -121.98, 38.8889 ] } },
{ "type": "Feature", "id": "WCR2005-004014", "properties": { "WCRNmbr": "WCR2005-004014", "LAT": 38.8889, "LONG": -121.98, "BlwThreshl":"Above" ,"Head":15.4676}, "geometry": { "type": "Point", "coordinates": [ -121.98, 38.8889 ] } },
{ "type": "Feature", "id": "WCR2005-004017", "properties": { "WCRNmbr": "WCR2005-004017", "LAT": 38.8889, "LONG": -121.98, "BlwThreshl":"Above" ,"Head":15.4676}, "geometry": { "type": "Point", "coordinates": [ -121.98, 38.8889 ] } },
{ "type": "Feature", "id": "WCR2005-004077", "properties": { "WCRNmbr": "WCR2005-004077", "LAT": 38.8889, "LONG": -121.98, "BlwThreshl":"Above" ,"Head":15.4676}, "geometry": { "type": "Point", "coordinates": [ -121.98, 38.8889 ] } },
{ "type": "Feature", "id": "WCR2005-004078", "properties": { "WCRNmbr": "WCR2005-004078", "LAT": 38.8889, "LONG": -121.98, "BlwThreshl":"Above" ,"Head":15.4676}, "geometry": { "type": "Point", "coordinates": [ -121.98, 38.8889 ] } },
{ "type": "Feature", "id": "WCR2005-004080", "properties": { "WCRNmbr": "WCR2005-004080", "LAT": 38.8889, "LONG": -121.98, "BlwThreshl":"Above" ,"Head":15.4676}, "geometry": { "type": "Point", "coordinates": [ -121.98, 38.8889 ] } },
{ "type": "Feature", "id": "WCR2006-000683", "properties": { "WCRNmbr": "WCR2006-000683", "LAT": 38.8889, "LONG": -121.98, "BlwThreshl":"Above" ,"Head":15.4676}, "geometry": { "type": "Point", "coordinates": [ -121.98, 38.8889 ] } },
{ "type": "Feature", "id": "WCR2006-002509", "properties": { "WCRNmbr": "WCR2006-002509", "LAT": 38.8889, "LONG": -121.98, "BlwThreshl":"Above" ,"Head":15.4676}, "geometry": { "type": "Point", "coordinates": [ -121.98, 38.8889 ] } },
{ "type": "Feature", "id": "WCR2007-001131", "properties": { "WCRNmbr": "WCR2007-001131", "LAT": 38.8889, "LONG": -121.98, "BlwThreshl":"Above" ,"Head":15.4676}, "geometry": { "type": "Point", "coordinates": [ -121.98, 38.8889 ] } },
{ "type": "Feature", "id": "WCR2007-001791", "properties": { "WCRNmbr": "WCR2007-001791", "LAT": 38.8889, "LONG": -121.98, "BlwThreshl":"Above" ,"Head":15.4676}, "geometry": { "type": "Point", "coordinates": [ -121.98, 38.8889 ] } },
{ "type": "Feature", "id": "WCR2016-010655", "properties": { "WCRNmbr": "WCR2016-010655", "LAT": 38.8937, "LONG": -121.984, "BlwThreshl":"Above" ,"Head":18.2032}, "geometry": { "type": "Point", "coordinates": [ -121.984, 38.8937 ] } },
{ "type": "Feature", "id": "WCR2016-014277", "properties": { "WCRNmbr": "WCR2016-014277", "LAT": 38.8969, "LONG": -121.99, "BlwThreshl":"Above" ,"Head":26.7717}, "geometry": { "type": "Point", "coordinates": [ -121.99, 38.8969 ] } },
{ "type": "Feature", "id": "WCR2021-003889", "properties": { "WCRNmbr": "WCR2021-003889", "LAT": 38.8898, "LONG": -121.975, "BlwThreshl":"Above" ,"Head":13.6153}, "geometry": { "type": "Point", "coordinates": [ -121.975, 38.8898 ] } },
{ "type": "Feature", "id": "WCR2023-008831", "properties": { "WCRNmbr": "WCR2023-008831", "LAT": 38.8944, "LONG": -121.986, "BlwThreshl":"Above" ,"Head":18.2032}, "geometry": { "type": "Point", "coordinates": [ -121.986, 38.8944 ] } },
{ "type": "Feature", "id": "WCR2023-013751", "properties": { "WCRNmbr": "WCR2023-013751", "LAT": 38.8848, "LONG": -121.968, "BlwThreshl":"Above" ,"Head":9.62836}, "geometry": { "type": "Point", "coordinates": [ -121.968, 38.8848 ] } },
{ "type": "Feature", "id": "WCR2024-002963", "properties": { "WCRNmbr": "WCR2024-002963", "LAT": 38.8955, "LONG": -121.983, "BlwThreshl":"Above" ,"Head":18.2032}, "geometry": { "type": "Point", "coordinates": [ -121.983, 38.8955 ] } },
{ "type": "Feature", "id": "WCR2024-003573", "properties": { "WCRNmbr": "WCR2024-003573", "LAT": 38.8932, "LONG": -121.989, "BlwThreshl":"Above" ,"Head":26.7717}, "geometry": { "type": "Point", "coordinates": [ -121.989, 38.8932 ] } },
{ "type": "Feature", "id": "WCR2024-006864", "properties": { "WCRNmbr": "WCR2024-006864", "LAT": 38.8946, "LONG": -121.981, "BlwThreshl":"Above" ,"Head":18.2032}, "geometry": { "type": "Point", "coordinates": [ -121.981, 38.8946 ] } },
{ "type": "Feature", "id": "WCR0055581", "properties": { "WCRNmbr": "WCR0055581", "LAT": 38.8889, "LONG": -121.961, "BlwThreshl":"Above" ,"Head":11.2799}, "geometry": { "type": "Point", "coordinates": [ -121.961, 38.8889 ] } },
{ "type": "Feature", "id": "WCR1776-000531", "properties": { "WCRNmbr": "WCR1776-000531", "LAT": 38.8889, "LONG": -121.961, "BlwThreshl":"Above" ,"Head":44.2471}, "geometry": { "type": "Point", "coordinates": [ -121.961, 38.8889 ] } },
{ "type": "Feature", "id": "WCR1975-000504", "properties": { "WCRNmbr": "WCR1975-000504", "LAT": 38.8889, "LONG": -121.961, "BlwThreshl":"Above" ,"Head":11.2799}, "geometry": { "type": "Point", "coordinates": [ -121.961, 38.8889 ] } },
{ "type": "Feature", "id": "WCR1977-001841", "properties": { "WCRNmbr": "WCR1977-001841", "LAT": 38.8889, "LONG": -121.961, "BlwThreshl":"Above" ,"Head":11.2799}, "geometry": { "type": "Point", "coordinates": [ -121.961, 38.8889 ] } },
{ "type": "Feature", "id": "WCR1978-001775", "properties": { "WCRNmbr": "WCR1978-001775", "LAT": 38.8889, "LONG": -121.961, "BlwThreshl":"Above" ,"Head":44.2471}, "geometry": { "type": "Point", "coordinates": [ -121.961, 38.8889 ] } },
{ "type": "Feature", "id": "WCR1987-008905", "properties": { "WCRNmbr": "WCR1987-008905", "LAT": 38.8889, "LONG": -121.961, "BlwThreshl":"Above" ,"Head":11.2799}, "geometry": { "type": "Point", "coordinates": [ -121.961, 38.8889 ] } },
{ "type": "Feature", "id": "WCR1992-001403", "properties": { "WCRNmbr": "WCR1992-001403", "LAT": 38.8889, "LONG": -121.961, "BlwThreshl":"Above" ,"Head":11.2799}, "geometry": { "type": "Point", "coordinates": [ -121.961, 38.8889 ] } },
{ "type": "Feature", "id": "WCR1993-004100", "properties": { "WCRNmbr": "WCR1993-004100", "LAT": 38.8889, "LONG": -121.961, "BlwThreshl":"Above" ,"Head":44.2471}, "geometry": { "type": "Point", "coordinates": [ -121.961, 38.8889 ] } },
{ "type": "Feature", "id": "WCR1998-001260", "properties": { "WCRNmbr": "WCR1998-001260", "LAT": 38.8889, "LONG": -121.961, "BlwThreshl":"Above" ,"Head":11.2799}, "geometry": { "type": "Point", "coordinates": [ -121.961, 38.8889 ] } },
{ "type": "Feature", "id": "WCR2008-005645", "properties": { "WCRNmbr": "WCR2008-005645", "LAT": 38.8897, "LONG": -121.814, "BlwThreshl":"Above" ,"Head":7.79843}, "geometry": { "type": "Point", "coordinates": [ -121.814, 38.8897 ] } },
{ "type": "Feature", "id": "WCR1995-004558", "properties": { "WCRNmbr": "WCR1995-004558", "LAT": 38.9187, "LONG": -122.144, "BlwThreshl":"Above" ,"Head":317.264}, "geometry": { "type": "Point", "coordinates": [ -122.144, 38.9187 ] } },
{ "type": "Feature", "id": "WCR1995-006220", "properties": { "WCRNmbr": "WCR1995-006220", "LAT": 38.9187, "LONG": -122.144, "BlwThreshl":"Below" ,"Head":317.264}, "geometry": { "type": "Point", "coordinates": [ -122.144, 38.9187 ] } },
{ "type": "Feature", "id": "WCR1992-008979", "properties": { "WCRNmbr": "WCR1992-008979", "LAT": 38.9045, "LONG": -122.126, "BlwThreshl":"NoData" ,"Head":null}, "geometry": { "type": "Point", "coordinates": [ -122.126, 38.9045 ] } },
{ "type": "Feature", "id": "WCR2016-013568", "properties": { "WCRNmbr": "WCR2016-013568", "LAT": 38.9053, "LONG": -122.089, "BlwThreshl":"Above" ,"Head":180.049}, "geometry": { "type": "Point", "coordinates": [ -122.089, 38.9053 ] } },
{ "type": "Feature", "id": "WCR0152231", "properties": { "WCRNmbr": "WCR0152231", "LAT": 38.9049, "LONG": -122.053, "BlwThreshl":"Above" ,"Head":135.013}, "geometry": { "type": "Point", "coordinates": [ -122.053, 38.9049 ] } },
{ "type": "Feature", "id": "WCR1982-003300", "properties": { "WCRNmbr": "WCR1982-003300", "LAT": 38.9049, "LONG": -122.053, "BlwThreshl":"Above" ,"Head":135.013}, "geometry": { "type": "Point", "coordinates": [ -122.053, 38.9049 ] } },
{ "type": "Feature", "id": "WCR0039157", "properties": { "WCRNmbr": "WCR0039157", "LAT": 38.9188, "LONG": -122.016, "BlwThreshl":"Above" ,"Head":43.1922}, "geometry": { "type": "Point", "coordinates": [ -122.016, 38.9188 ] } },
{ "type": "Feature", "id": "WCR0239680", "properties": { "WCRNmbr": "WCR0239680", "LAT": 38.9188, "LONG": -122.016, "BlwThreshl":"Above" ,"Head":43.1922}, "geometry": { "type": "Point", "coordinates": [ -122.016, 38.9188 ] } },
{ "type": "Feature", "id": "WCR1978-001736", "properties": { "WCRNmbr": "WCR1978-001736", "LAT": 38.9188, "LONG": -122.016, "BlwThreshl":"Above" ,"Head":43.1922}, "geometry": { "type": "Point", "coordinates": [ -122.016, 38.9188 ] } },
{ "type": "Feature", "id": "WCR1980-000170", "properties": { "WCRNmbr": "WCR1980-000170", "LAT": 38.9188, "LONG": -122.016, "BlwThreshl":"Above" ,"Head":43.1922}, "geometry": { "type": "Point", "coordinates": [ -122.016, 38.9188 ] } },
{ "type": "Feature", "id": "WCR1980-004160", "properties": { "WCRNmbr": "WCR1980-004160", "LAT": 38.9188, "LONG": -122.016, "BlwThreshl":"Above" ,"Head":43.1922}, "geometry": { "type": "Point", "coordinates": [ -122.016, 38.9188 ] } },
{ "type": "Feature", "id": "WCR1980-004451", "properties": { "WCRNmbr": "WCR1980-004451", "LAT": 38.9188, "LONG": -122.016, "BlwThreshl":"Above" ,"Head":43.1922}, "geometry": { "type": "Point", "coordinates": [ -122.016, 38.9188 ] } },
{ "type": "Feature", "id": "WCR1986-007579", "properties": { "WCRNmbr": "WCR1986-007579", "LAT": 38.9189, "LONG": -122.016, "BlwThreshl":"Above" ,"Head":43.1922}, "geometry": { "type": "Point", "coordinates": [ -122.016, 38.9189 ] } },
{ "type": "Feature", "id": "WCR1989-009682", "properties": { "WCRNmbr": "WCR1989-009682", "LAT": 38.9188, "LONG": -122.016, "BlwThreshl":"Above" ,"Head":43.1922}, "geometry": { "type": "Point", "coordinates": [ -122.016, 38.9188 ] } },
{ "type": "Feature", "id": "WCR1990-003778", "properties": { "WCRNmbr": "WCR1990-003778", "LAT": 38.9188, "LONG": -122.016, "BlwThreshl":"Above" ,"Head":43.1922}, "geometry": { "type": "Point", "coordinates": [ -122.016, 38.9188 ] } },
{ "type": "Feature", "id": "WCR1990-010209", "properties": { "WCRNmbr": "WCR1990-010209", "LAT": 38.9188, "LONG": -122.016, "BlwThreshl":"Above" ,"Head":43.1922}, "geometry": { "type": "Point", "coordinates": [ -122.016, 38.9188 ] } },
{ "type": "Feature", "id": "WCR1992-004602", "properties": { "WCRNmbr": "WCR1992-004602", "LAT": 38.9188, "LONG": -122.016, "BlwThreshl":"Above" ,"Head":43.1922}, "geometry": { "type": "Point", "coordinates": [ -122.016, 38.9188 ] } },
{ "type": "Feature", "id": "WCR1992-007774", "properties": { "WCRNmbr": "WCR1992-007774", "LAT": 38.9041, "LONG": -122.017, "BlwThreshl":"Above" ,"Head":57.6041}, "geometry": { "type": "Point", "coordinates": [ -122.017, 38.9041 ] } },
{ "type": "Feature", "id": "WCR2000-002951", "properties": { "WCRNmbr": "WCR2000-002951", "LAT": 38.9117, "LONG": -122.015, "BlwThreshl":"Above" ,"Head":53.2187}, "geometry": { "type": "Point", "coordinates": [ -122.015, 38.9117 ] } },
{ "type": "Feature", "id": "WCR2001-006050", "properties": { "WCRNmbr": "WCR2001-006050", "LAT": 38.9188, "LONG": -122.016, "BlwThreshl":"Above" ,"Head":43.1922}, "geometry": { "type": "Point", "coordinates": [ -122.016, 38.9188 ] } },
{ "type": "Feature", "id": "WCR2002-008432", "properties": { "WCRNmbr": "WCR2002-008432", "LAT": 38.9188, "LONG": -122.016, "BlwThreshl":"Above" ,"Head":43.1922}, "geometry": { "type": "Point", "coordinates": [ -122.016, 38.9188 ] } },
{ "type": "Feature", "id": "WCR2002-008433", "properties": { "WCRNmbr": "WCR2002-008433", "LAT": 38.9188, "LONG": -122.016, "BlwThreshl":"Above" ,"Head":43.1922}, "geometry": { "type": "Point", "coordinates": [ -122.016, 38.9188 ] } },
{ "type": "Feature", "id": "WCR2003-004138", "properties": { "WCRNmbr": "WCR2003-004138", "LAT": 38.9188, "LONG": -122.016, "BlwThreshl":"Above" ,"Head":43.1922}, "geometry": { "type": "Point", "coordinates": [ -122.016, 38.9188 ] } },
{ "type": "Feature", "id": "WCR1972-000376", "properties": { "WCRNmbr": "WCR1972-000376", "LAT": 38.9036, "LONG": -121.999, "BlwThreshl":"Above" ,"Head":37.2145}, "geometry": { "type": "Point", "coordinates": [ -121.999, 38.9036 ] } },
{ "type": "Feature", "id": "WCR1973-000320", "properties": { "WCRNmbr": "WCR1973-000320", "LAT": 38.9036, "LONG": -121.999, "BlwThreshl":"Above" ,"Head":37.2145}, "geometry": { "type": "Point", "coordinates": [ -121.999, 38.9036 ] } },
{ "type": "Feature", "id": "WCR1973-000335", "properties": { "WCRNmbr": "WCR1973-000335", "LAT": 38.9036, "LONG": -121.999, "BlwThreshl":"Above" ,"Head":37.2145}, "geometry": { "type": "Point", "coordinates": [ -121.999, 38.9036 ] } },
{ "type": "Feature", "id": "WCR1978-001153", "properties": { "WCRNmbr": "WCR1978-001153", "LAT": 38.9036, "LONG": -121.999, "BlwThreshl":"Above" ,"Head":37.2145}, "geometry": { "type": "Point", "coordinates": [ -121.999, 38.9036 ] } },
{ "type": "Feature", "id": "WCR1978-001327", "properties": { "WCRNmbr": "WCR1978-001327", "LAT": 38.9036, "LONG": -121.999, "BlwThreshl":"Above" ,"Head":37.2145}, "geometry": { "type": "Point", "coordinates": [ -121.999, 38.9036 ] } },
{ "type": "Feature", "id": "WCR1980-000309", "properties": { "WCRNmbr": "WCR1980-000309", "LAT": 38.9036, "LONG": -121.999, "BlwThreshl":"Above" ,"Head":74.6822}, "geometry": { "type": "Point", "coordinates": [ -121.999, 38.9036 ] } },
{ "type": "Feature", "id": "WCR1983-001589", "properties": { "WCRNmbr": "WCR1983-001589", "LAT": 38.9036, "LONG": -121.999, "BlwThreshl":"Above" ,"Head":74.6822}, "geometry": { "type": "Point", "coordinates": [ -121.999, 38.9036 ] } },
{ "type": "Feature", "id": "WCR1988-010307", "properties": { "WCRNmbr": "WCR1988-010307", "LAT": 38.9183, "LONG": -121.999, "BlwThreshl":"Above" ,"Head":20.6269}, "geometry": { "type": "Point", "coordinates": [ -121.999, 38.9183 ] } },
{ "type": "Feature", "id": "WCR1989-003245", "properties": { "WCRNmbr": "WCR1989-003245", "LAT": 38.9036, "LONG": -121.999, "BlwThreshl":"Above" ,"Head":74.6822}, "geometry": { "type": "Point", "coordinates": [ -121.999, 38.9036 ] } },
{ "type": "Feature", "id": "WCR1995-001114", "properties": { "WCRNmbr": "WCR1995-001114", "LAT": 38.9036, "LONG": -121.999, "BlwThreshl":"Above" ,"Head":37.2145}, "geometry": { "type": "Point", "coordinates": [ -121.999, 38.9036 ] } },
{ "type": "Feature", "id": "WCR1996-003150", "properties": { "WCRNmbr": "WCR1996-003150", "LAT": 38.9036, "LONG": -121.999, "BlwThreshl":"Above" ,"Head":37.2145}, "geometry": { "type": "Point", "coordinates": [ -121.999, 38.9036 ] } },
{ "type": "Feature", "id": "WCR1998-001365", "properties": { "WCRNmbr": "WCR1998-001365", "LAT": 38.9036, "LONG": -121.999, "BlwThreshl":"Above" ,"Head":74.6822}, "geometry": { "type": "Point", "coordinates": [ -121.999, 38.9036 ] } },
{ "type": "Feature", "id": "WCR2006-001375", "properties": { "WCRNmbr": "WCR2006-001375", "LAT": 38.9036, "LONG": -121.999, "BlwThreshl":"Above" ,"Head":37.2145}, "geometry": { "type": "Point", "coordinates": [ -121.999, 38.9036 ] } },
{ "type": "Feature", "id": "WCR2007-001799", "properties": { "WCRNmbr": "WCR2007-001799", "LAT": 38.9183, "LONG": -121.999, "BlwThreshl":"Above" ,"Head":57.3657}, "geometry": { "type": "Point", "coordinates": [ -121.999, 38.9183 ] } },
{ "type": "Feature", "id": "WCR2018-012167", "properties": { "WCRNmbr": "WCR2018-012167", "LAT": 38.9107, "LONG": -121.993, "BlwThreshl":"Above" ,"Head":19.4051}, "geometry": { "type": "Point", "coordinates": [ -121.993, 38.9107 ] } },
{ "type": "Feature", "id": "WCR2024-002972", "properties": { "WCRNmbr": "WCR2024-002972", "LAT": 38.9086, "LONG": -122.013, "BlwThreshl":"Above" ,"Head":51.2896}, "geometry": { "type": "Point", "coordinates": [ -122.013, 38.9086 ] } },
{ "type": "Feature", "id": "WCR0055573", "properties": { "WCRNmbr": "WCR0055573", "LAT": 38.9034, "LONG": -121.98, "BlwThreshl":"Above" ,"Head":60.8175}, "geometry": { "type": "Point", "coordinates": [ -121.98, 38.9034 ] } },
{ "type": "Feature", "id": "WCR0112044", "properties": { "WCRNmbr": "WCR0112044", "LAT": 38.9034, "LONG": -121.98, "BlwThreshl":"Above" ,"Head":60.8175}, "geometry": { "type": "Point", "coordinates": [ -121.98, 38.9034 ] } },
{ "type": "Feature", "id": "WCR0137700", "properties": { "WCRNmbr": "WCR0137700", "LAT": 38.9034, "LONG": -121.98, "BlwThreshl":"Above" ,"Head":60.8175}, "geometry": { "type": "Point", "coordinates": [ -121.98, 38.9034 ] } },
{ "type": "Feature", "id": "WCR1970-000267", "properties": { "WCRNmbr": "WCR1970-000267", "LAT": 38.9034, "LONG": -121.98, "BlwThreshl":"Above" ,"Head":60.8175}, "geometry": { "type": "Point", "coordinates": [ -121.98, 38.9034 ] } },
{ "type": "Feature", "id": "WCR1970-000315", "properties": { "WCRNmbr": "WCR1970-000315", "LAT": 38.9034, "LONG": -121.98, "BlwThreshl":"Above" ,"Head":60.8175}, "geometry": { "type": "Point", "coordinates": [ -121.98, 38.9034 ] } },
{ "type": "Feature", "id": "WCR1972-000377", "properties": { "WCRNmbr": "WCR1972-000377", "LAT": 38.9034, "LONG": -121.98, "BlwThreshl":"Above" ,"Head":60.8175}, "geometry": { "type": "Point", "coordinates": [ -121.98, 38.9034 ] } },
{ "type": "Feature", "id": "WCR1972-000386", "properties": { "WCRNmbr": "WCR1972-000386", "LAT": 38.9034, "LONG": -121.98, "BlwThreshl":"Above" ,"Head":60.8175}, "geometry": { "type": "Point", "coordinates": [ -121.98, 38.9034 ] } },
{ "type": "Feature", "id": "WCR1973-000319", "properties": { "WCRNmbr": "WCR1973-000319", "LAT": 38.9034, "LONG": -121.98, "BlwThreshl":"Above" ,"Head":60.8175}, "geometry": { "type": "Point", "coordinates": [ -121.98, 38.9034 ] } },
{ "type": "Feature", "id": "WCR1975-000681", "properties": { "WCRNmbr": "WCR1975-000681", "LAT": 38.9034, "LONG": -121.98, "BlwThreshl":"Above" ,"Head":60.8175}, "geometry": { "type": "Point", "coordinates": [ -121.98, 38.9034 ] } },
{ "type": "Feature", "id": "WCR1976-000463", "properties": { "WCRNmbr": "WCR1976-000463", "LAT": 38.918, "LONG": -121.98, "BlwThreshl":"Above" ,"Head":14.8665}, "geometry": { "type": "Point", "coordinates": [ -121.98, 38.918 ] } },
{ "type": "Feature", "id": "WCR1976-001020", "properties": { "WCRNmbr": "WCR1976-001020", "LAT": 38.9034, "LONG": -121.98, "BlwThreshl":"Above" ,"Head":60.8175}, "geometry": { "type": "Point", "coordinates": [ -121.98, 38.9034 ] } },
{ "type": "Feature", "id": "WCR1976-001021", "properties": { "WCRNmbr": "WCR1976-001021", "LAT": 38.9034, "LONG": -121.98, "BlwThreshl":"Above" ,"Head":60.8175}, "geometry": { "type": "Point", "coordinates": [ -121.98, 38.9034 ] } },
{ "type": "Feature", "id": "WCR1976-001024", "properties": { "WCRNmbr": "WCR1976-001024", "LAT": 38.9034, "LONG": -121.98, "BlwThreshl":"Above" ,"Head":60.8175}, "geometry": { "type": "Point", "coordinates": [ -121.98, 38.9034 ] } },
{ "type": "Feature", "id": "WCR1976-001025", "properties": { "WCRNmbr": "WCR1976-001025", "LAT": 38.9034, "LONG": -121.98, "BlwThreshl":"Above" ,"Head":18.3177}, "geometry": { "type": "Point", "coordinates": [ -121.98, 38.9034 ] } },
{ "type": "Feature", "id": "WCR1977-002139", "properties": { "WCRNmbr": "WCR1977-002139", "LAT": 38.9034, "LONG": -121.98, "BlwThreshl":"Above" ,"Head":60.8175}, "geometry": { "type": "Point", "coordinates": [ -121.98, 38.9034 ] } },
{ "type": "Feature", "id": "WCR1977-002209", "properties": { "WCRNmbr": "WCR1977-002209", "LAT": 38.9034, "LONG": -121.98, "BlwThreshl":"Above" ,"Head":18.3177}, "geometry": { "type": "Point", "coordinates": [ -121.98, 38.9034 ] } },
{ "type": "Feature", "id": "WCR1978-001328", "properties": { "WCRNmbr": "WCR1978-001328", "LAT": 38.9034, "LONG": -121.98, "BlwThreshl":"Above" ,"Head":18.3177}, "geometry": { "type": "Point", "coordinates": [ -121.98, 38.9034 ] } },
{ "type": "Feature", "id": "WCR1980-002147", "properties": { "WCRNmbr": "WCR1980-002147", "LAT": 38.9034, "LONG": -121.98, "BlwThreshl":"Above" ,"Head":60.8175}, "geometry": { "type": "Point", "coordinates": [ -121.98, 38.9034 ] } },
{ "type": "Feature", "id": "WCR1981-001975", "properties": { "WCRNmbr": "WCR1981-001975", "LAT": 38.9034, "LONG": -121.98, "BlwThreshl":"Above" ,"Head":18.3177}, "geometry": { "type": "Point", "coordinates": [ -121.98, 38.9034 ] } },
{ "type": "Feature", "id": "WCR1984-004772", "properties": { "WCRNmbr": "WCR1984-004772", "LAT": 38.9034, "LONG": -121.98, "BlwThreshl":"Above" ,"Head":60.8175}, "geometry": { "type": "Point", "coordinates": [ -121.98, 38.9034 ] } },
{ "type": "Feature", "id": "WCR1985-000469", "properties": { "WCRNmbr": "WCR1985-000469", "LAT": 38.9034, "LONG": -121.98, "BlwThreshl":"Above" ,"Head":18.3177}, "geometry": { "type": "Point", "coordinates": [ -121.98, 38.9034 ] } },
{ "type": "Feature", "id": "WCR1986-004910", "properties": { "WCRNmbr": "WCR1986-004910", "LAT": 38.9034, "LONG": -121.98, "BlwThreshl":"Above" ,"Head":60.8175}, "geometry": { "type": "Point", "coordinates": [ -121.98, 38.9034 ] } },
{ "type": "Feature", "id": "WCR1988-005363", "properties": { "WCRNmbr": "WCR1988-005363", "LAT": 38.9034, "LONG": -121.98, "BlwThreshl":"Above" ,"Head":60.8175}, "geometry": { "type": "Point", "coordinates": [ -121.98, 38.9034 ] } },
{ "type": "Feature", "id": "WCR1990-005253", "properties": { "WCRNmbr": "WCR1990-005253", "LAT": 38.9034, "LONG": -121.98, "BlwThreshl":"Above" ,"Head":60.8175}, "geometry": { "type": "Point", "coordinates": [ -121.98, 38.9034 ] } },
{ "type": "Feature", "id": "WCR1990-012208", "properties": { "WCRNmbr": "WCR1990-012208", "LAT": 38.9034, "LONG": -121.98, "BlwThreshl":"Above" ,"Head":18.3177}, "geometry": { "type": "Point", "coordinates": [ -121.98, 38.9034 ] } },
{ "type": "Feature", "id": "WCR1991-004171", "properties": { "WCRNmbr": "WCR1991-004171", "LAT": 38.9034, "LONG": -121.98, "BlwThreshl":"Above" ,"Head":60.8175}, "geometry": { "type": "Point", "coordinates": [ -121.98, 38.9034 ] } },
{ "type": "Feature", "id": "WCR1992-002423", "properties": { "WCRNmbr": "WCR1992-002423", "LAT": 38.9034, "LONG": -121.98, "BlwThreshl":"Above" ,"Head":60.8175}, "geometry": { "type": "Point", "coordinates": [ -121.98, 38.9034 ] } },
{ "type": "Feature", "id": "WCR1993-000884", "properties": { "WCRNmbr": "WCR1993-000884", "LAT": 38.9034, "LONG": -121.98, "BlwThreshl":"Above" ,"Head":60.8175}, "geometry": { "type": "Point", "coordinates": [ -121.98, 38.9034 ] } },
{ "type": "Feature", "id": "WCR1993-002052", "properties": { "WCRNmbr": "WCR1993-002052", "LAT": 38.9034, "LONG": -121.98, "BlwThreshl":"Above" ,"Head":60.8175}, "geometry": { "type": "Point", "coordinates": [ -121.98, 38.9034 ] } },
{ "type": "Feature", "id": "WCR1994-000560", "properties": { "WCRNmbr": "WCR1994-000560", "LAT": 38.9034, "LONG": -121.98, "BlwThreshl":"Above" ,"Head":60.8175}, "geometry": { "type": "Point", "coordinates": [ -121.98, 38.9034 ] } },
{ "type": "Feature", "id": "WCR1995-001184", "properties": { "WCRNmbr": "WCR1995-001184", "LAT": 38.9034, "LONG": -121.98, "BlwThreshl":"Above" ,"Head":60.8175}, "geometry": { "type": "Point", "coordinates": [ -121.98, 38.9034 ] } },
{ "type": "Feature", "id": "WCR1995-001185", "properties": { "WCRNmbr": "WCR1995-001185", "LAT": 38.9034, "LONG": -121.98, "BlwThreshl":"Above" ,"Head":60.8175}, "geometry": { "type": "Point", "coordinates": [ -121.98, 38.9034 ] } },
{ "type": "Feature", "id": "WCR1996-003419", "properties": { "WCRNmbr": "WCR1996-003419", "LAT": 38.9034, "LONG": -121.98, "BlwThreshl":"Above" ,"Head":60.8175}, "geometry": { "type": "Point", "coordinates": [ -121.98, 38.9034 ] } },
{ "type": "Feature", "id": "WCR1996-004999", "properties": { "WCRNmbr": "WCR1996-004999", "LAT": 38.9034, "LONG": -121.98, "BlwThreshl":"Above" ,"Head":60.8175}, "geometry": { "type": "Point", "coordinates": [ -121.98, 38.9034 ] } },
{ "type": "Feature", "id": "WCR1996-005418", "properties": { "WCRNmbr": "WCR1996-005418", "LAT": 38.9034, "LONG": -121.98, "BlwThreshl":"Above" ,"Head":18.3177}, "geometry": { "type": "Point", "coordinates": [ -121.98, 38.9034 ] } },
{ "type": "Feature", "id": "WCR1997-002300", "properties": { "WCRNmbr": "WCR1997-002300", "LAT": 38.9034, "LONG": -121.98, "BlwThreshl":"Above" ,"Head":18.3177}, "geometry": { "type": "Point", "coordinates": [ -121.98, 38.9034 ] } },
{ "type": "Feature", "id": "WCR2001-001345", "properties": { "WCRNmbr": "WCR2001-001345", "LAT": 38.9034, "LONG": -121.98, "BlwThreshl":"Above" ,"Head":18.3177}, "geometry": { "type": "Point", "coordinates": [ -121.98, 38.9034 ] } },
{ "type": "Feature", "id": "WCR2001-006064", "properties": { "WCRNmbr": "WCR2001-006064", "LAT": 38.9034, "LONG": -121.98, "BlwThreshl":"Above" ,"Head":60.8175}, "geometry": { "type": "Point", "coordinates": [ -121.98, 38.9034 ] } },
{ "type": "Feature", "id": "WCR2001-006065", "properties": { "WCRNmbr": "WCR2001-006065", "LAT": 38.9034, "LONG": -121.98, "BlwThreshl":"Above" ,"Head":60.8175}, "geometry": { "type": "Point", "coordinates": [ -121.98, 38.9034 ] } },
{ "type": "Feature", "id": "WCR2001-006066", "properties": { "WCRNmbr": "WCR2001-006066", "LAT": 38.9034, "LONG": -121.98, "BlwThreshl":"Above" ,"Head":60.8175}, "geometry": { "type": "Point", "coordinates": [ -121.98, 38.9034 ] } },
{ "type": "Feature", "id": "WCR2001-006067", "properties": { "WCRNmbr": "WCR2001-006067", "LAT": 38.9034, "LONG": -121.98, "BlwThreshl":"Above" ,"Head":60.8175}, "geometry": { "type": "Point", "coordinates": [ -121.98, 38.9034 ] } },
{ "type": "Feature", "id": "WCR2001-006068", "properties": { "WCRNmbr": "WCR2001-006068", "LAT": 38.9034, "LONG": -121.98, "BlwThreshl":"Above" ,"Head":60.8175}, "geometry": { "type": "Point", "coordinates": [ -121.98, 38.9034 ] } },
{ "type": "Feature", "id": "WCR2002-008370", "properties": { "WCRNmbr": "WCR2002-008370", "LAT": 38.9034, "LONG": -121.98, "BlwThreshl":"Above" ,"Head":18.3177}, "geometry": { "type": "Point", "coordinates": [ -121.98, 38.9034 ] } },
{ "type": "Feature", "id": "WCR2002-008620", "properties": { "WCRNmbr": "WCR2002-008620", "LAT": 38.9034, "LONG": -121.98, "BlwThreshl":"Above" ,"Head":60.8175}, "geometry": { "type": "Point", "coordinates": [ -121.98, 38.9034 ] } },
{ "type": "Feature", "id": "WCR2003-003851", "properties": { "WCRNmbr": "WCR2003-003851", "LAT": 38.9034, "LONG": -121.98, "BlwThreshl":"Above" ,"Head":18.3177}, "geometry": { "type": "Point", "coordinates": [ -121.98, 38.9034 ] } },
{ "type": "Feature", "id": "WCR2003-004146", "properties": { "WCRNmbr": "WCR2003-004146", "LAT": 38.9034, "LONG": -121.98, "BlwThreshl":"Above" ,"Head":18.3177}, "geometry": { "type": "Point", "coordinates": [ -121.98, 38.9034 ] } },
{ "type": "Feature", "id": "WCR2004-001961", "properties": { "WCRNmbr": "WCR2004-001961", "LAT": 38.9034, "LONG": -121.98, "BlwThreshl":"Above" ,"Head":18.3177}, "geometry": { "type": "Point", "coordinates": [ -121.98, 38.9034 ] } },
{ "type": "Feature", "id": "WCR2004-002500", "properties": { "WCRNmbr": "WCR2004-002500", "LAT": 38.9034, "LONG": -121.98, "BlwThreshl":"Above" ,"Head":18.3177}, "geometry": { "type": "Point", "coordinates": [ -121.98, 38.9034 ] } },
{ "type": "Feature", "id": "WCR2004-002509", "properties": { "WCRNmbr": "WCR2004-002509", "LAT": 38.9034, "LONG": -121.98, "BlwThreshl":"Above" ,"Head":18.3177}, "geometry": { "type": "Point", "coordinates": [ -121.98, 38.9034 ] } },
{ "type": "Feature", "id": "WCR2004-002512", "properties": { "WCRNmbr": "WCR2004-002512", "LAT": 38.9034, "LONG": -121.98, "BlwThreshl":"Above" ,"Head":18.3177}, "geometry": { "type": "Point", "coordinates": [ -121.98, 38.9034 ] } },
{ "type": "Feature", "id": "WCR2005-001147", "properties": { "WCRNmbr": "WCR2005-001147", "LAT": 38.9034, "LONG": -121.98, "BlwThreshl":"Above" ,"Head":60.8175}, "geometry": { "type": "Point", "coordinates": [ -121.98, 38.9034 ] } },
{ "type": "Feature", "id": "WCR2005-002896", "properties": { "WCRNmbr": "WCR2005-002896", "LAT": 38.9034, "LONG": -121.98, "BlwThreshl":"Above" ,"Head":18.3177}, "geometry": { "type": "Point", "coordinates": [ -121.98, 38.9034 ] } },
{ "type": "Feature", "id": "WCR2006-001368", "properties": { "WCRNmbr": "WCR2006-001368", "LAT": 38.9034, "LONG": -121.98, "BlwThreshl":"Above" ,"Head":18.3177}, "geometry": { "type": "Point", "coordinates": [ -121.98, 38.9034 ] } },
{ "type": "Feature", "id": "WCR2006-001373", "properties": { "WCRNmbr": "WCR2006-001373", "LAT": 38.9034, "LONG": -121.98, "BlwThreshl":"Above" ,"Head":18.3177}, "geometry": { "type": "Point", "coordinates": [ -121.98, 38.9034 ] } },
{ "type": "Feature", "id": "WCR2006-002508", "properties": { "WCRNmbr": "WCR2006-002508", "LAT": 38.9034, "LONG": -121.98, "BlwThreshl":"Above" ,"Head":18.3177}, "geometry": { "type": "Point", "coordinates": [ -121.98, 38.9034 ] } },
{ "type": "Feature", "id": "WCR1985-004104", "properties": { "WCRNmbr": "WCR1985-004104", "LAT": 38.9032, "LONG": -121.942, "BlwThreshl":"Above" ,"Head":9.9269}, "geometry": { "type": "Point", "coordinates": [ -121.942, 38.9032 ] } },
{ "type": "Feature", "id": "WCR1976-000468", "properties": { "WCRNmbr": "WCR1976-000468", "LAT": 38.9179, "LONG": -121.942, "BlwThreshl":"Above" ,"Head":9.3628}, "geometry": { "type": "Point", "coordinates": [ -121.942, 38.9179 ] } },
{ "type": "Feature", "id": "WCR1998-001254", "properties": { "WCRNmbr": "WCR1998-001254", "LAT": 38.9172, "LONG": -121.849, "BlwThreshl":"Above" ,"Head":9.97784}, "geometry": { "type": "Point", "coordinates": [ -121.849, 38.9172 ] } },
{ "type": "Feature", "id": "WCR1996-003108", "properties": { "WCRNmbr": "WCR1996-003108", "LAT": 38.3211, "LONG": -121.611, "BlwThreshl":"Above" ,"Head":-2.52003}, "geometry": { "type": "Point", "coordinates": [ -121.611, 38.3211 ] } },
{ "type": "Feature", "id": "WCR2007-002586", "properties": { "WCRNmbr": "WCR2007-002586", "LAT": 38.3218, "LONG": -121.596, "BlwThreshl":"Above" ,"Head":-3.55668}, "geometry": { "type": "Point", "coordinates": [ -121.596, 38.3218 ] } },
{ "type": "Feature", "id": "WCR1973-000722", "properties": { "WCRNmbr": "WCR1973-000722", "LAT": 38.3357, "LONG": -121.629, "BlwThreshl":"Above" ,"Head":-3.71143}, "geometry": { "type": "Point", "coordinates": [ -121.629, 38.3357 ] } },
{ "type": "Feature", "id": "WCR1974-000713", "properties": { "WCRNmbr": "WCR1974-000713", "LAT": 38.3357, "LONG": -121.629, "BlwThreshl":"Above" ,"Head":-3.71143}, "geometry": { "type": "Point", "coordinates": [ -121.629, 38.3357 ] } },
{ "type": "Feature", "id": "WCR1983-001981", "properties": { "WCRNmbr": "WCR1983-001981", "LAT": 38.3356, "LONG": -121.594, "BlwThreshl":"Above" ,"Head":-7.20486}, "geometry": { "type": "Point", "coordinates": [ -121.594, 38.3356 ] } },
{ "type": "Feature", "id": "WCR0100544", "properties": { "WCRNmbr": "WCR0100544", "LAT": 38.3455, "LONG": -121.583, "BlwThreshl":"Above" ,"Head":-10.1081}, "geometry": { "type": "Point", "coordinates": [ -121.583, 38.3455 ] } },
{ "type": "Feature", "id": "WCR1970-000437", "properties": { "WCRNmbr": "WCR1970-000437", "LAT": 38.3571, "LONG": -121.58, "BlwThreshl":"Above" ,"Head":-13.3357}, "geometry": { "type": "Point", "coordinates": [ -121.58, 38.3571 ] } },
{ "type": "Feature", "id": "WCR1988-001296", "properties": { "WCRNmbr": "WCR1988-001296", "LAT": 38.3572, "LONG": -121.565, "BlwThreshl":"Above" ,"Head":-15.3498}, "geometry": { "type": "Point", "coordinates": [ -121.565, 38.3572 ] } },
{ "type": "Feature", "id": "WCR2003-000908", "properties": { "WCRNmbr": "WCR2003-000908", "LAT": 38.3424, "LONG": -121.58, "BlwThreshl":"Above" ,"Head":-12.2277}, "geometry": { "type": "Point", "coordinates": [ -121.58, 38.3424 ] } },
{ "type": "Feature", "id": "WCR1970-000435", "properties": { "WCRNmbr": "WCR1970-000435", "LAT": 38.3482, "LONG": -121.548, "BlwThreshl":"Above" ,"Head":-20.8233}, "geometry": { "type": "Point", "coordinates": [ -121.548, 38.3482 ] } },
{ "type": "Feature", "id": "WCR2022-014857", "properties": { "WCRNmbr": "WCR2022-014857", "LAT": 38.3569, "LONG": -121.561, "BlwThreshl":"Above" ,"Head":-17.4557}, "geometry": { "type": "Point", "coordinates": [ -121.561, 38.3569 ] } },
{ "type": "Feature", "id": "WCR1973-000543", "properties": { "WCRNmbr": "WCR1973-000543", "LAT": 38.3592, "LONG": -121.531, "BlwThreshl":"Above" ,"Head":-23.2551}, "geometry": { "type": "Point", "coordinates": [ -121.531, 38.3592 ] } },
{ "type": "Feature", "id": "WCR1981-000043", "properties": { "WCRNmbr": "WCR1981-000043", "LAT": 38.3575, "LONG": -121.528, "BlwThreshl":"Above" ,"Head":-23.2551}, "geometry": { "type": "Point", "coordinates": [ -121.528, 38.3575 ] } },
{ "type": "Feature", "id": "WCR1981-003174", "properties": { "WCRNmbr": "WCR1981-003174", "LAT": 38.3575, "LONG": -121.528, "BlwThreshl":"Above" ,"Head":-23.2551}, "geometry": { "type": "Point", "coordinates": [ -121.528, 38.3575 ] } },
{ "type": "Feature", "id": "WCR1990-005425", "properties": { "WCRNmbr": "WCR1990-005425", "LAT": 38.3647, "LONG": -121.629, "BlwThreshl":"Above" ,"Head":-6.10248}, "geometry": { "type": "Point", "coordinates": [ -121.629, 38.3647 ] } },
{ "type": "Feature", "id": "WCR1990-005427", "properties": { "WCRNmbr": "WCR1990-005427", "LAT": 38.3645, "LONG": -121.611, "BlwThreshl":"Above" ,"Head":-7.61911}, "geometry": { "type": "Point", "coordinates": [ -121.611, 38.3645 ] } },
{ "type": "Feature", "id": "WCR1990-005432", "properties": { "WCRNmbr": "WCR1990-005432", "LAT": 38.3647, "LONG": -121.629, "BlwThreshl":"Above" ,"Head":-6.10248}, "geometry": { "type": "Point", "coordinates": [ -121.629, 38.3647 ] } },
{ "type": "Feature", "id": "WCR1994-002608", "properties": { "WCRNmbr": "WCR1994-002608", "LAT": 38.3647, "LONG": -121.629, "BlwThreshl":"Above" ,"Head":-6.10248}, "geometry": { "type": "Point", "coordinates": [ -121.629, 38.3647 ] } },
{ "type": "Feature", "id": "WCR2003-000905", "properties": { "WCRNmbr": "WCR2003-000905", "LAT": 38.3645, "LONG": -121.611, "BlwThreshl":"Above" ,"Head":-7.61911}, "geometry": { "type": "Point", "coordinates": [ -121.611, 38.3645 ] } },
{ "type": "Feature", "id": "WCR2005-000963", "properties": { "WCRNmbr": "WCR2005-000963", "LAT": 38.3647, "LONG": -121.629, "BlwThreshl":"Above" ,"Head":-6.10248}, "geometry": { "type": "Point", "coordinates": [ -121.629, 38.3647 ] } },
{ "type": "Feature", "id": "WCR2010-001146", "properties": { "WCRNmbr": "WCR2010-001146", "LAT": 38.3731, "LONG": -121.617, "BlwThreshl":"Above" ,"Head":-7.93366}, "geometry": { "type": "Point", "coordinates": [ -121.617, 38.3731 ] } },
{ "type": "Feature", "id": "WCR2011-000549", "properties": { "WCRNmbr": "WCR2011-000549", "LAT": 38.3645, "LONG": -121.611, "BlwThreshl":"Above" ,"Head":-7.61911}, "geometry": { "type": "Point", "coordinates": [ -121.611, 38.3645 ] } },
{ "type": "Feature", "id": "WCR1978-001774", "properties": { "WCRNmbr": "WCR1978-001774", "LAT": 38.3718, "LONG": -121.565, "BlwThreshl":"Above" ,"Head":-15.5951}, "geometry": { "type": "Point", "coordinates": [ -121.565, 38.3718 ] } },
{ "type": "Feature", "id": "WCR1980-000123", "properties": { "WCRNmbr": "WCR1980-000123", "LAT": 38.3718, "LONG": -121.565, "BlwThreshl":"Above" ,"Head":-15.5951}, "geometry": { "type": "Point", "coordinates": [ -121.565, 38.3718 ] } },
{ "type": "Feature", "id": "WCR1980-002559", "properties": { "WCRNmbr": "WCR1980-002559", "LAT": 38.3718, "LONG": -121.565, "BlwThreshl":"Above" ,"Head":-15.5951}, "geometry": { "type": "Point", "coordinates": [ -121.565, 38.3718 ] } },
{ "type": "Feature", "id": "WCR1996-002966", "properties": { "WCRNmbr": "WCR1996-002966", "LAT": 38.3717, "LONG": -121.565, "BlwThreshl":"Above" ,"Head":-15.5951}, "geometry": { "type": "Point", "coordinates": [ -121.565, 38.3717 ] } },
{ "type": "Feature", "id": "WCR1997-003324", "properties": { "WCRNmbr": "WCR1997-003324", "LAT": 38.3718, "LONG": -121.565, "BlwThreshl":"Above" ,"Head":-15.5951}, "geometry": { "type": "Point", "coordinates": [ -121.565, 38.3718 ] } },
{ "type": "Feature", "id": "WCR1970-000163", "properties": { "WCRNmbr": "WCR1970-000163", "LAT": 38.3718, "LONG": -121.546, "BlwThreshl":"Above" ,"Head":-19.4442}, "geometry": { "type": "Point", "coordinates": [ -121.546, 38.3718 ] } },
{ "type": "Feature", "id": "WCR1970-000431", "properties": { "WCRNmbr": "WCR1970-000431", "LAT": 38.3718, "LONG": -121.546, "BlwThreshl":"Above" ,"Head":-1.86171}, "geometry": { "type": "Point", "coordinates": [ -121.546, 38.3718 ] } },
{ "type": "Feature", "id": "WCR1976-000062", "properties": { "WCRNmbr": "WCR1976-000062", "LAT": 38.3718, "LONG": -121.546, "BlwThreshl":"Above" ,"Head":-1.86171}, "geometry": { "type": "Point", "coordinates": [ -121.546, 38.3718 ] } },
{ "type": "Feature", "id": "WCR1976-000063", "properties": { "WCRNmbr": "WCR1976-000063", "LAT": 38.3718, "LONG": -121.546, "BlwThreshl":"Above" ,"Head":-1.86171}, "geometry": { "type": "Point", "coordinates": [ -121.546, 38.3718 ] } },
{ "type": "Feature", "id": "WCR1976-000064", "properties": { "WCRNmbr": "WCR1976-000064", "LAT": 38.3718, "LONG": -121.546, "BlwThreshl":"Above" ,"Head":-1.86171}, "geometry": { "type": "Point", "coordinates": [ -121.546, 38.3718 ] } },
{ "type": "Feature", "id": "WCR1981-000045", "properties": { "WCRNmbr": "WCR1981-000045", "LAT": 38.3718, "LONG": -121.546, "BlwThreshl":"Above" ,"Head":-19.4442}, "geometry": { "type": "Point", "coordinates": [ -121.546, 38.3718 ] } },
{ "type": "Feature", "id": "WCR1981-003161", "properties": { "WCRNmbr": "WCR1981-003161", "LAT": 38.3718, "LONG": -121.546, "BlwThreshl":"Above" ,"Head":-19.4442}, "geometry": { "type": "Point", "coordinates": [ -121.546, 38.3718 ] } },
{ "type": "Feature", "id": "WCR2002-000478", "properties": { "WCRNmbr": "WCR2002-000478", "LAT": 38.3718, "LONG": -121.546, "BlwThreshl":"Above" ,"Head":-1.86171}, "geometry": { "type": "Point", "coordinates": [ -121.546, 38.3718 ] } },
{ "type": "Feature", "id": "WCR1972-000684", "properties": { "WCRNmbr": "WCR1972-000684", "LAT": 38.3719, "LONG": -121.528, "BlwThreshl":"Above" ,"Head":-23.2959}, "geometry": { "type": "Point", "coordinates": [ -121.528, 38.3719 ] } },
{ "type": "Feature", "id": "WCR1976-000074", "properties": { "WCRNmbr": "WCR1976-000074", "LAT": 38.3715, "LONG": -121.53, "BlwThreshl":"Above" ,"Head":-23.2959}, "geometry": { "type": "Point", "coordinates": [ -121.53, 38.3715 ] } },
{ "type": "Feature", "id": "WCR1993-000597", "properties": { "WCRNmbr": "WCR1993-000597", "LAT": 38.3715, "LONG": -121.53, "BlwThreshl":"Above" ,"Head":-23.2959}, "geometry": { "type": "Point", "coordinates": [ -121.53, 38.3715 ] } },
{ "type": "Feature", "id": "WCR1998-000896", "properties": { "WCRNmbr": "WCR1998-000896", "LAT": 38.3715, "LONG": -121.53, "BlwThreshl":"Above" ,"Head":-23.2959}, "geometry": { "type": "Point", "coordinates": [ -121.53, 38.3715 ] } },
{ "type": "Feature", "id": "WCR1978-000344", "properties": { "WCRNmbr": "WCR1978-000344", "LAT": 38.3789, "LONG": -121.611, "BlwThreshl":"Above" ,"Head":-8.30597}, "geometry": { "type": "Point", "coordinates": [ -121.611, 38.3789 ] } },
{ "type": "Feature", "id": "WCR1984-003967", "properties": { "WCRNmbr": "WCR1984-003967", "LAT": 38.3793, "LONG": -121.629, "BlwThreshl":"Above" ,"Head":-6.57919}, "geometry": { "type": "Point", "coordinates": [ -121.629, 38.3793 ] } },
{ "type": "Feature", "id": "WCR2002-006653", "properties": { "WCRNmbr": "WCR2002-006653", "LAT": 38.379, "LONG": -121.611, "BlwThreshl":"Above" ,"Head":-8.30597}, "geometry": { "type": "Point", "coordinates": [ -121.611, 38.379 ] } },
{ "type": "Feature", "id": "WCR2003-002240", "properties": { "WCRNmbr": "WCR2003-002240", "LAT": 38.3934, "LONG": -121.611, "BlwThreshl":"Above" ,"Head":-8.62212}, "geometry": { "type": "Point", "coordinates": [ -121.611, 38.3934 ] } },
{ "type": "Feature", "id": "WCR2005-005190", "properties": { "WCRNmbr": "WCR2005-005190", "LAT": 38.379, "LONG": -121.611, "BlwThreshl":"Above" ,"Head":-8.30597}, "geometry": { "type": "Point", "coordinates": [ -121.611, 38.379 ] } },
{ "type": "Feature", "id": "WCR1984-003969", "properties": { "WCRNmbr": "WCR1984-003969", "LAT": 38.3935, "LONG": -121.593, "BlwThreshl":"Above" ,"Head":-10.7657}, "geometry": { "type": "Point", "coordinates": [ -121.593, 38.3935 ] } },
{ "type": "Feature", "id": "WCR0014014", "properties": { "WCRNmbr": "WCR0014014", "LAT": 38.3864, "LONG": -121.546, "BlwThreshl":"Above" ,"Head":-1.22006}, "geometry": { "type": "Point", "coordinates": [ -121.546, 38.3864 ] } },
{ "type": "Feature", "id": "WCR1973-000715", "properties": { "WCRNmbr": "WCR1973-000715", "LAT": 38.3864, "LONG": -121.546, "BlwThreshl":"Above" ,"Head":-1.22006}, "geometry": { "type": "Point", "coordinates": [ -121.546, 38.3864 ] } },
{ "type": "Feature", "id": "WCR1981-000044", "properties": { "WCRNmbr": "WCR1981-000044", "LAT": 38.3864, "LONG": -121.546, "BlwThreshl":"Above" ,"Head":-19.4344}, "geometry": { "type": "Point", "coordinates": [ -121.546, 38.3864 ] } },
{ "type": "Feature", "id": "WCR1981-003178", "properties": { "WCRNmbr": "WCR1981-003178", "LAT": 38.3864, "LONG": -121.546, "BlwThreshl":"Above" ,"Head":-19.4344}, "geometry": { "type": "Point", "coordinates": [ -121.546, 38.3864 ] } },
{ "type": "Feature", "id": "WCR1985-006992", "properties": { "WCRNmbr": "WCR1985-006992", "LAT": 38.3864, "LONG": -121.546, "BlwThreshl":"Above" ,"Head":-19.4344}, "geometry": { "type": "Point", "coordinates": [ -121.546, 38.3864 ] } },
{ "type": "Feature", "id": "WCR2002-000134", "properties": { "WCRNmbr": "WCR2002-000134", "LAT": 38.3864, "LONG": -121.546, "BlwThreshl":"Above" ,"Head":-19.4344}, "geometry": { "type": "Point", "coordinates": [ -121.546, 38.3864 ] } },
{ "type": "Feature", "id": "WCR2012-000061", "properties": { "WCRNmbr": "WCR2012-000061", "LAT": 38.3881, "LONG": -121.547, "BlwThreshl":"Above" ,"Head":-19.4344}, "geometry": { "type": "Point", "coordinates": [ -121.547, 38.3881 ] } },
{ "type": "Feature", "id": "WCR2015-013871", "properties": { "WCRNmbr": "WCR2015-013871", "LAT": 38.3869, "LONG": -121.551, "BlwThreshl":"Above" ,"Head":-19.4344}, "geometry": { "type": "Point", "coordinates": [ -121.551, 38.3869 ] } },
{ "type": "Feature", "id": "WCR0014015", "properties": { "WCRNmbr": "WCR0014015", "LAT": 38.3899, "LONG": -121.516, "BlwThreshl":"Above" ,"Head":-28.8094}, "geometry": { "type": "Point", "coordinates": [ -121.516, 38.3899 ] } },
{ "type": "Feature", "id": "WCR1976-000050", "properties": { "WCRNmbr": "WCR1976-000050", "LAT": 38.3899, "LONG": -121.516, "BlwThreshl":"Above" ,"Head":-28.8094}, "geometry": { "type": "Point", "coordinates": [ -121.516, 38.3899 ] } },
{ "type": "Feature", "id": "WCR1983-000052", "properties": { "WCRNmbr": "WCR1983-000052", "LAT": 38.3899, "LONG": -121.516, "BlwThreshl":"Above" ,"Head":-28.8094}, "geometry": { "type": "Point", "coordinates": [ -121.516, 38.3899 ] } },
{ "type": "Feature", "id": "WCR1983-003714", "properties": { "WCRNmbr": "WCR1983-003714", "LAT": 38.3899, "LONG": -121.516, "BlwThreshl":"Above" ,"Head":-28.8094}, "geometry": { "type": "Point", "coordinates": [ -121.516, 38.3899 ] } },
{ "type": "Feature", "id": "WCR1992-001496", "properties": { "WCRNmbr": "WCR1992-001496", "LAT": 38.3899, "LONG": -121.516, "BlwThreshl":"Above" ,"Head":-28.8094}, "geometry": { "type": "Point", "coordinates": [ -121.516, 38.3899 ] } },
{ "type": "Feature", "id": "WCR2001-000349", "properties": { "WCRNmbr": "WCR2001-000349", "LAT": 38.3844, "LONG": -121.524, "BlwThreshl":"Above" ,"Head":-25.0719}, "geometry": { "type": "Point", "coordinates": [ -121.524, 38.3844 ] } },
{ "type": "Feature", "id": "WCR2009-000844", "properties": { "WCRNmbr": "WCR2009-000844", "LAT": 38.3868, "LONG": -121.528, "BlwThreshl":"Above" ,"Head":-23.588}, "geometry": { "type": "Point", "coordinates": [ -121.528, 38.3868 ] } },
{ "type": "Feature", "id": "WCR1975-000451", "properties": { "WCRNmbr": "WCR1975-000451", "LAT": 38.4079, "LONG": -121.611, "BlwThreshl":"Above" ,"Head":-8.37673}, "geometry": { "type": "Point", "coordinates": [ -121.611, 38.4079 ] } },
{ "type": "Feature", "id": "WCR1972-000118", "properties": { "WCRNmbr": "WCR1972-000118", "LAT": 38.408, "LONG": -121.593, "BlwThreshl":"Above" ,"Head":-10.3966}, "geometry": { "type": "Point", "coordinates": [ -121.593, 38.408 ] } },
{ "type": "Feature", "id": "WCR1994-002613", "properties": { "WCRNmbr": "WCR1994-002613", "LAT": 38.408, "LONG": -121.593, "BlwThreshl":"Above" ,"Head":-10.3966}, "geometry": { "type": "Point", "coordinates": [ -121.593, 38.408 ] } },
{ "type": "Feature", "id": "WCR2004-004341", "properties": { "WCRNmbr": "WCR2004-004341", "LAT": 38.408, "LONG": -121.593, "BlwThreshl":"Above" ,"Head":-10.3966}, "geometry": { "type": "Point", "coordinates": [ -121.593, 38.408 ] } },
{ "type": "Feature", "id": "WCR2005-005192", "properties": { "WCRNmbr": "WCR2005-005192", "LAT": 38.408, "LONG": -121.593, "BlwThreshl":"Above" ,"Head":-10.3966}, "geometry": { "type": "Point", "coordinates": [ -121.593, 38.408 ] } },
{ "type": "Feature", "id": "WCR2007-002587", "properties": { "WCRNmbr": "WCR2007-002587", "LAT": 38.408, "LONG": -121.593, "BlwThreshl":"Above" ,"Head":-10.3966}, "geometry": { "type": "Point", "coordinates": [ -121.593, 38.408 ] } },
{ "type": "Feature", "id": "WCR1970-000434", "properties": { "WCRNmbr": "WCR1970-000434", "LAT": 38.4144, "LONG": -121.562, "BlwThreshl":"Above" ,"Head":-17.0613}, "geometry": { "type": "Point", "coordinates": [ -121.562, 38.4144 ] } },
{ "type": "Feature", "id": "WCR1976-001388", "properties": { "WCRNmbr": "WCR1976-001388", "LAT": 38.4154, "LONG": -121.579, "BlwThreshl":"Above" ,"Head":-13.0281}, "geometry": { "type": "Point", "coordinates": [ -121.579, 38.4154 ] } },
{ "type": "Feature", "id": "WCR1999-000613", "properties": { "WCRNmbr": "WCR1999-000613", "LAT": 38.4139, "LONG": -121.584, "BlwThreshl":"Above" ,"Head":-11.6994}, "geometry": { "type": "Point", "coordinates": [ -121.584, 38.4139 ] } },
{ "type": "Feature", "id": "WCR2003-001290", "properties": { "WCRNmbr": "WCR2003-001290", "LAT": 38.4009, "LONG": -121.579, "BlwThreshl":"Above" ,"Head":-13.4633}, "geometry": { "type": "Point", "coordinates": [ -121.579, 38.4009 ] } },
{ "type": "Feature", "id": "WCR1984-003965", "properties": { "WCRNmbr": "WCR1984-003965", "LAT": 38.4011, "LONG": -121.546, "BlwThreshl":"Above" ,"Head":-1.94489}, "geometry": { "type": "Point", "coordinates": [ -121.546, 38.4011 ] } },
{ "type": "Feature", "id": "WCR1986-003211", "properties": { "WCRNmbr": "WCR1986-003211", "LAT": 38.4011, "LONG": -121.546, "BlwThreshl":"Above" ,"Head":-1.94489}, "geometry": { "type": "Point", "coordinates": [ -121.546, 38.4011 ] } },
{ "type": "Feature", "id": "WCR1989-012007", "properties": { "WCRNmbr": "WCR1989-012007", "LAT": 38.4011, "LONG": -121.546, "BlwThreshl":"Above" ,"Head":-19.3258}, "geometry": { "type": "Point", "coordinates": [ -121.546, 38.4011 ] } },
{ "type": "Feature", "id": "WCR1989-012014", "properties": { "WCRNmbr": "WCR1989-012014", "LAT": 38.4011, "LONG": -121.546, "BlwThreshl":"Above" ,"Head":-19.3258}, "geometry": { "type": "Point", "coordinates": [ -121.546, 38.4011 ] } },
{ "type": "Feature", "id": "WCR1993-000588", "properties": { "WCRNmbr": "WCR1993-000588", "LAT": 38.4011, "LONG": -121.546, "BlwThreshl":"Above" ,"Head":-1.94489}, "geometry": { "type": "Point", "coordinates": [ -121.546, 38.4011 ] } },
{ "type": "Feature", "id": "WCR2000-000604", "properties": { "WCRNmbr": "WCR2000-000604", "LAT": 38.4086, "LONG": -121.543, "BlwThreshl":"Above" ,"Head":-3.86481}, "geometry": { "type": "Point", "coordinates": [ -121.543, 38.4086 ] } },
{ "type": "Feature", "id": "WCR2008-000977", "properties": { "WCRNmbr": "WCR2008-000977", "LAT": 38.4011, "LONG": -121.546, "BlwThreshl":"Above" ,"Head":-1.94489}, "geometry": { "type": "Point", "coordinates": [ -121.546, 38.4011 ] } },
{ "type": "Feature", "id": "WCR0106368", "properties": { "WCRNmbr": "WCR0106368", "LAT": 38.4, "LONG": -121.516, "BlwThreshl":"Above" ,"Head":-28.8303}, "geometry": { "type": "Point", "coordinates": [ -121.516, 38.4 ] } },
{ "type": "Feature", "id": "WCR1970-000432", "properties": { "WCRNmbr": "WCR1970-000432", "LAT": 38.415, "LONG": -121.53, "BlwThreshl":"Above" ,"Head":-22.7673}, "geometry": { "type": "Point", "coordinates": [ -121.53, 38.415 ] } },
{ "type": "Feature", "id": "WCR1970-000436", "properties": { "WCRNmbr": "WCR1970-000436", "LAT": 38.415, "LONG": -121.53, "BlwThreshl":"Above" ,"Head":-22.7673}, "geometry": { "type": "Point", "coordinates": [ -121.53, 38.415 ] } },
{ "type": "Feature", "id": "WCR1970-000438", "properties": { "WCRNmbr": "WCR1970-000438", "LAT": 38.415, "LONG": -121.53, "BlwThreshl":"Above" ,"Head":-22.7673}, "geometry": { "type": "Point", "coordinates": [ -121.53, 38.415 ] } },
{ "type": "Feature", "id": "WCR1971-000281", "properties": { "WCRNmbr": "WCR1971-000281", "LAT": 38.415, "LONG": -121.53, "BlwThreshl":"Above" ,"Head":-22.7673}, "geometry": { "type": "Point", "coordinates": [ -121.53, 38.415 ] } },
{ "type": "Feature", "id": "WCR1971-000282", "properties": { "WCRNmbr": "WCR1971-000282", "LAT": 38.415, "LONG": -121.53, "BlwThreshl":"Above" ,"Head":-22.7673}, "geometry": { "type": "Point", "coordinates": [ -121.53, 38.415 ] } },
{ "type": "Feature", "id": "WCR1972-000100", "properties": { "WCRNmbr": "WCR1972-000100", "LAT": 38.415, "LONG": -121.53, "BlwThreshl":"Above" ,"Head":-22.7673}, "geometry": { "type": "Point", "coordinates": [ -121.53, 38.415 ] } },
{ "type": "Feature", "id": "WCR1972-000102", "properties": { "WCRNmbr": "WCR1972-000102", "LAT": 38.415, "LONG": -121.53, "BlwThreshl":"Above" ,"Head":-22.7673}, "geometry": { "type": "Point", "coordinates": [ -121.53, 38.415 ] } },
{ "type": "Feature", "id": "WCR1972-000103", "properties": { "WCRNmbr": "WCR1972-000103", "LAT": 38.415, "LONG": -121.53, "BlwThreshl":"Above" ,"Head":-22.7673}, "geometry": { "type": "Point", "coordinates": [ -121.53, 38.415 ] } },
{ "type": "Feature", "id": "WCR1972-000104", "properties": { "WCRNmbr": "WCR1972-000104", "LAT": 38.415, "LONG": -121.53, "BlwThreshl":"Above" ,"Head":-22.7673}, "geometry": { "type": "Point", "coordinates": [ -121.53, 38.415 ] } },
{ "type": "Feature", "id": "WCR1972-000107", "properties": { "WCRNmbr": "WCR1972-000107", "LAT": 38.415, "LONG": -121.53, "BlwThreshl":"Above" ,"Head":-22.7673}, "geometry": { "type": "Point", "coordinates": [ -121.53, 38.415 ] } },
{ "type": "Feature", "id": "WCR1973-000551", "properties": { "WCRNmbr": "WCR1973-000551", "LAT": 38.4, "LONG": -121.516, "BlwThreshl":"Above" ,"Head":-28.8303}, "geometry": { "type": "Point", "coordinates": [ -121.516, 38.4 ] } },
{ "type": "Feature", "id": "WCR1973-000552", "properties": { "WCRNmbr": "WCR1973-000552", "LAT": 38.4, "LONG": -121.516, "BlwThreshl":"Above" ,"Head":-28.8303}, "geometry": { "type": "Point", "coordinates": [ -121.516, 38.4 ] } },
{ "type": "Feature", "id": "WCR1973-000553", "properties": { "WCRNmbr": "WCR1973-000553", "LAT": 38.4, "LONG": -121.516, "BlwThreshl":"Above" ,"Head":-28.8303}, "geometry": { "type": "Point", "coordinates": [ -121.516, 38.4 ] } },
{ "type": "Feature", "id": "WCR1973-000714", "properties": { "WCRNmbr": "WCR1973-000714", "LAT": 38.4, "LONG": -121.516, "BlwThreshl":"Above" ,"Head":-28.8303}, "geometry": { "type": "Point", "coordinates": [ -121.516, 38.4 ] } },
{ "type": "Feature", "id": "WCR1976-000061", "properties": { "WCRNmbr": "WCR1976-000061", "LAT": 38.4, "LONG": -121.516, "BlwThreshl":"Above" ,"Head":-28.8303}, "geometry": { "type": "Point", "coordinates": [ -121.516, 38.4 ] } },
{ "type": "Feature", "id": "WCR1976-000067", "properties": { "WCRNmbr": "WCR1976-000067", "LAT": 38.4012, "LONG": -121.528, "BlwThreshl":"Above" ,"Head":-23.7546}, "geometry": { "type": "Point", "coordinates": [ -121.528, 38.4012 ] } },
{ "type": "Feature", "id": "WCR1976-000069", "properties": { "WCRNmbr": "WCR1976-000069", "LAT": 38.4, "LONG": -121.516, "BlwThreshl":"Above" ,"Head":-28.8303}, "geometry": { "type": "Point", "coordinates": [ -121.516, 38.4 ] } },
{ "type": "Feature", "id": "WCR1976-001358", "properties": { "WCRNmbr": "WCR1976-001358", "LAT": 38.415, "LONG": -121.53, "BlwThreshl":"Above" ,"Head":-22.7673}, "geometry": { "type": "Point", "coordinates": [ -121.53, 38.415 ] } },
{ "type": "Feature", "id": "WCR1976-001386", "properties": { "WCRNmbr": "WCR1976-001386", "LAT": 38.415, "LONG": -121.53, "BlwThreshl":"Above" ,"Head":-22.7673}, "geometry": { "type": "Point", "coordinates": [ -121.53, 38.415 ] } },
{ "type": "Feature", "id": "WCR1976-001387", "properties": { "WCRNmbr": "WCR1976-001387", "LAT": 38.415, "LONG": -121.53, "BlwThreshl":"Above" ,"Head":-22.7673}, "geometry": { "type": "Point", "coordinates": [ -121.53, 38.415 ] } },
{ "type": "Feature", "id": "WCR1979-000621", "properties": { "WCRNmbr": "WCR1979-000621", "LAT": 38.415, "LONG": -121.53, "BlwThreshl":"Above" ,"Head":-22.7673}, "geometry": { "type": "Point", "coordinates": [ -121.53, 38.415 ] } },
{ "type": "Feature", "id": "WCR1980-000154", "properties": { "WCRNmbr": "WCR1980-000154", "LAT": 38.415, "LONG": -121.53, "BlwThreshl":"Above" ,"Head":-22.7673}, "geometry": { "type": "Point", "coordinates": [ -121.53, 38.415 ] } },
{ "type": "Feature", "id": "WCR1980-002541", "properties": { "WCRNmbr": "WCR1980-002541", "LAT": 38.415, "LONG": -121.53, "BlwThreshl":"Above" ,"Head":-22.7673}, "geometry": { "type": "Point", "coordinates": [ -121.53, 38.415 ] } },
{ "type": "Feature", "id": "WCR1982-003338", "properties": { "WCRNmbr": "WCR1982-003338", "LAT": 38.415, "LONG": -121.53, "BlwThreshl":"Above" ,"Head":-22.7673}, "geometry": { "type": "Point", "coordinates": [ -121.53, 38.415 ] } },
{ "type": "Feature", "id": "WCR1984-003966", "properties": { "WCRNmbr": "WCR1984-003966", "LAT": 38.415, "LONG": -121.53, "BlwThreshl":"Above" ,"Head":-22.7673}, "geometry": { "type": "Point", "coordinates": [ -121.53, 38.415 ] } },
{ "type": "Feature", "id": "WCR1985-006999", "properties": { "WCRNmbr": "WCR1985-006999", "LAT": 38.4, "LONG": -121.516, "BlwThreshl":"Above" ,"Head":-28.8303}, "geometry": { "type": "Point", "coordinates": [ -121.516, 38.4 ] } },
{ "type": "Feature", "id": "WCR1985-007116", "properties": { "WCRNmbr": "WCR1985-007116", "LAT": 38.415, "LONG": -121.53, "BlwThreshl":"Above" ,"Head":-22.7673}, "geometry": { "type": "Point", "coordinates": [ -121.53, 38.415 ] } },
{ "type": "Feature", "id": "WCR1987-001614", "properties": { "WCRNmbr": "WCR1987-001614", "LAT": 38.415, "LONG": -121.53, "BlwThreshl":"Above" ,"Head":-22.7673}, "geometry": { "type": "Point", "coordinates": [ -121.53, 38.415 ] } },
{ "type": "Feature", "id": "WCR1987-001667", "properties": { "WCRNmbr": "WCR1987-001667", "LAT": 38.415, "LONG": -121.53, "BlwThreshl":"Above" ,"Head":-22.7673}, "geometry": { "type": "Point", "coordinates": [ -121.53, 38.415 ] } },
{ "type": "Feature", "id": "WCR1988-001298", "properties": { "WCRNmbr": "WCR1988-001298", "LAT": 38.415, "LONG": -121.53, "BlwThreshl":"Above" ,"Head":-22.7673}, "geometry": { "type": "Point", "coordinates": [ -121.53, 38.415 ] } },
{ "type": "Feature", "id": "WCR1988-001300", "properties": { "WCRNmbr": "WCR1988-001300", "LAT": 38.415, "LONG": -121.53, "BlwThreshl":"Above" ,"Head":-22.7673}, "geometry": { "type": "Point", "coordinates": [ -121.53, 38.415 ] } },
{ "type": "Feature", "id": "WCR1988-011277", "properties": { "WCRNmbr": "WCR1988-011277", "LAT": 38.415, "LONG": -121.53, "BlwThreshl":"Above" ,"Head":-22.7673}, "geometry": { "type": "Point", "coordinates": [ -121.53, 38.415 ] } },
{ "type": "Feature", "id": "WCR1989-012013", "properties": { "WCRNmbr": "WCR1989-012013", "LAT": 38.415, "LONG": -121.53, "BlwThreshl":"Above" ,"Head":-22.7673}, "geometry": { "type": "Point", "coordinates": [ -121.53, 38.415 ] } },
{ "type": "Feature", "id": "WCR1990-001013", "properties": { "WCRNmbr": "WCR1990-001013", "LAT": 38.415, "LONG": -121.53, "BlwThreshl":"Above" ,"Head":-22.7673}, "geometry": { "type": "Point", "coordinates": [ -121.53, 38.415 ] } },
{ "type": "Feature", "id": "WCR1990-005429", "properties": { "WCRNmbr": "WCR1990-005429", "LAT": 38.415, "LONG": -121.53, "BlwThreshl":"Above" ,"Head":-22.7673}, "geometry": { "type": "Point", "coordinates": [ -121.53, 38.415 ] } },
{ "type": "Feature", "id": "WCR1991-002213", "properties": { "WCRNmbr": "WCR1991-002213", "LAT": 38.4, "LONG": -121.516, "BlwThreshl":"Above" ,"Head":-28.8303}, "geometry": { "type": "Point", "coordinates": [ -121.516, 38.4 ] } },
{ "type": "Feature", "id": "WCR1992-001402", "properties": { "WCRNmbr": "WCR1992-001402", "LAT": 38.4, "LONG": -121.516, "BlwThreshl":"Above" ,"Head":-28.8303}, "geometry": { "type": "Point", "coordinates": [ -121.516, 38.4 ] } },
{ "type": "Feature", "id": "WCR1992-001497", "properties": { "WCRNmbr": "WCR1992-001497", "LAT": 38.415, "LONG": -121.53, "BlwThreshl":"Above" ,"Head":-22.7673}, "geometry": { "type": "Point", "coordinates": [ -121.53, 38.415 ] } },
{ "type": "Feature", "id": "WCR1993-000596", "properties": { "WCRNmbr": "WCR1993-000596", "LAT": 38.415, "LONG": -121.53, "BlwThreshl":"Above" ,"Head":-22.7673}, "geometry": { "type": "Point", "coordinates": [ -121.53, 38.415 ] } },
{ "type": "Feature", "id": "WCR1994-002612", "properties": { "WCRNmbr": "WCR1994-002612", "LAT": 38.415, "LONG": -121.53, "BlwThreshl":"Above" ,"Head":-22.7673}, "geometry": { "type": "Point", "coordinates": [ -121.53, 38.415 ] } },
{ "type": "Feature", "id": "WCR1997-001568", "properties": { "WCRNmbr": "WCR1997-001568", "LAT": 38.415, "LONG": -121.53, "BlwThreshl":"Above" ,"Head":-22.7673}, "geometry": { "type": "Point", "coordinates": [ -121.53, 38.415 ] } },
{ "type": "Feature", "id": "WCR1997-001812", "properties": { "WCRNmbr": "WCR1997-001812", "LAT": 38.4142, "LONG": -121.524, "BlwThreshl":"Above" ,"Head":-25.6725}, "geometry": { "type": "Point", "coordinates": [ -121.524, 38.4142 ] } },
{ "type": "Feature", "id": "WCR1998-000888", "properties": { "WCRNmbr": "WCR1998-000888", "LAT": 38.415, "LONG": -121.53, "BlwThreshl":"Above" ,"Head":-22.7673}, "geometry": { "type": "Point", "coordinates": [ -121.53, 38.415 ] } },
{ "type": "Feature", "id": "WCR1999-000612", "properties": { "WCRNmbr": "WCR1999-000612", "LAT": 38.4025, "LONG": -121.516, "BlwThreshl":"Above" ,"Head":-28.8303}, "geometry": { "type": "Point", "coordinates": [ -121.516, 38.4025 ] } },
{ "type": "Feature", "id": "WCR2001-003428", "properties": { "WCRNmbr": "WCR2001-003428", "LAT": 38.4139, "LONG": -121.525, "BlwThreshl":"Above" ,"Head":-25.6725}, "geometry": { "type": "Point", "coordinates": [ -121.525, 38.4139 ] } },
{ "type": "Feature", "id": "WCR2019-000217", "properties": { "WCRNmbr": "WCR2019-000217", "LAT": 38.4013, "LONG": -121.521, "BlwThreshl":"Above" ,"Head":-25.9823}, "geometry": { "type": "Point", "coordinates": [ -121.521, 38.4013 ] } },
{ "type": "Feature", "id": "WCR1978-000343", "properties": { "WCRNmbr": "WCR1978-000343", "LAT": 38.4224, "LONG": -121.611, "BlwThreshl":"Above" ,"Head":-7.92895}, "geometry": { "type": "Point", "coordinates": [ -121.611, 38.4224 ] } },
{ "type": "Feature", "id": "WCR1989-001314", "properties": { "WCRNmbr": "WCR1989-001314", "LAT": 38.4224, "LONG": -121.593, "BlwThreshl":"Above" ,"Head":-9.93746}, "geometry": { "type": "Point", "coordinates": [ -121.593, 38.4224 ] } },
{ "type": "Feature", "id": "WCR0085627", "properties": { "WCRNmbr": "WCR0085627", "LAT": 38.4156, "LONG": -121.565, "BlwThreshl":"Above" ,"Head":-14.8009}, "geometry": { "type": "Point", "coordinates": [ -121.565, 38.4156 ] } },
{ "type": "Feature", "id": "WCR1983-003710", "properties": { "WCRNmbr": "WCR1983-003710", "LAT": 38.4156, "LONG": -121.565, "BlwThreshl":"Above" ,"Head":-14.8009}, "geometry": { "type": "Point", "coordinates": [ -121.565, 38.4156 ] } },
{ "type": "Feature", "id": "WCR1992-000883", "properties": { "WCRNmbr": "WCR1992-000883", "LAT": 38.4156, "LONG": -121.565, "BlwThreshl":"Above" ,"Head":-14.8009}, "geometry": { "type": "Point", "coordinates": [ -121.565, 38.4156 ] } },
{ "type": "Feature", "id": "WCR1994-002683", "properties": { "WCRNmbr": "WCR1994-002683", "LAT": 38.4156, "LONG": -121.565, "BlwThreshl":"Above" ,"Head":-14.8009}, "geometry": { "type": "Point", "coordinates": [ -121.565, 38.4156 ] } },
{ "type": "Feature", "id": "WCR2008-001730", "properties": { "WCRNmbr": "WCR2008-001730", "LAT": 38.4156, "LONG": -121.565, "BlwThreshl":"Above" ,"Head":-14.8009}, "geometry": { "type": "Point", "coordinates": [ -121.565, 38.4156 ] } },
{ "type": "Feature", "id": "WCR1977-002127", "properties": { "WCRNmbr": "WCR1977-002127", "LAT": 38.4156, "LONG": -121.546, "BlwThreshl":"Above" ,"Head":-18.8821}, "geometry": { "type": "Point", "coordinates": [ -121.546, 38.4156 ] } },
{ "type": "Feature", "id": "WCR1978-000347", "properties": { "WCRNmbr": "WCR1978-000347", "LAT": 38.4301, "LONG": -121.547, "BlwThreshl":"Above" ,"Head":-17.7641}, "geometry": { "type": "Point", "coordinates": [ -121.547, 38.4301 ] } },
{ "type": "Feature", "id": "WCR1979-000431", "properties": { "WCRNmbr": "WCR1979-000431", "LAT": 38.4156, "LONG": -121.546, "BlwThreshl":"Above" ,"Head":-3.99591}, "geometry": { "type": "Point", "coordinates": [ -121.546, 38.4156 ] } },
{ "type": "Feature", "id": "WCR1990-005435", "properties": { "WCRNmbr": "WCR1990-005435", "LAT": 38.4301, "LONG": -121.547, "BlwThreshl":"Above" ,"Head":-17.7641}, "geometry": { "type": "Point", "coordinates": [ -121.547, 38.4301 ] } },
{ "type": "Feature", "id": "WCR1991-002206", "properties": { "WCRNmbr": "WCR1991-002206", "LAT": 38.4156, "LONG": -121.546, "BlwThreshl":"Above" ,"Head":-18.8821}, "geometry": { "type": "Point", "coordinates": [ -121.546, 38.4156 ] } },
{ "type": "Feature", "id": "WCR1992-000882", "properties": { "WCRNmbr": "WCR1992-000882", "LAT": 38.4156, "LONG": -121.546, "BlwThreshl":"Above" ,"Head":-18.8821}, "geometry": { "type": "Point", "coordinates": [ -121.546, 38.4156 ] } },
{ "type": "Feature", "id": "WCR2023-011828", "properties": { "WCRNmbr": "WCR2023-011828", "LAT": 38.4161, "LONG": -121.54, "BlwThreshl":"Above" ,"Head":-21.2525}, "geometry": { "type": "Point", "coordinates": [ -121.54, 38.4161 ] } },
{ "type": "Feature", "id": "WCR2024-000641", "properties": { "WCRNmbr": "WCR2024-000641", "LAT": 38.4242, "LONG": -121.545, "BlwThreshl":"Above" ,"Head":-18.3322}, "geometry": { "type": "Point", "coordinates": [ -121.545, 38.4242 ] } },
{ "type": "Feature", "id": "WCR1971-000272", "properties": { "WCRNmbr": "WCR1971-000272", "LAT": 38.4158, "LONG": -121.528, "BlwThreshl":"Above" ,"Head":-22.7673}, "geometry": { "type": "Point", "coordinates": [ -121.528, 38.4158 ] } },
{ "type": "Feature", "id": "WCR1998-000894", "properties": { "WCRNmbr": "WCR1998-000894", "LAT": 38.4178, "LONG": -121.535, "BlwThreshl":"Above" ,"Head":-8.31576}, "geometry": { "type": "Point", "coordinates": [ -121.535, 38.4178 ] } },
{ "type": "Feature", "id": "WCR2000-000613", "properties": { "WCRNmbr": "WCR2000-000613", "LAT": 38.4231, "LONG": -121.537, "BlwThreshl":"Above" ,"Head":-3.8881}, "geometry": { "type": "Point", "coordinates": [ -121.537, 38.4231 ] } },
{ "type": "Feature", "id": "WCR2003-006265", "properties": { "WCRNmbr": "WCR2003-006265", "LAT": 38.4446, "LONG": -121.566, "BlwThreshl":"Above" ,"Head":-13.3329}, "geometry": { "type": "Point", "coordinates": [ -121.566, 38.4446 ] } },
{ "type": "Feature", "id": "WCR2004-004342", "properties": { "WCRNmbr": "WCR2004-004342", "LAT": 38.4446, "LONG": -121.566, "BlwThreshl":"Above" ,"Head":-13.3329}, "geometry": { "type": "Point", "coordinates": [ -121.566, 38.4446 ] } },
{ "type": "Feature", "id": "WCR0106364", "properties": { "WCRNmbr": "WCR0106364", "LAT": 38.4365, "LONG": -121.514, "BlwThreshl":"Above" ,"Head":-25.1409}, "geometry": { "type": "Point", "coordinates": [ -121.514, 38.4365 ] } },
{ "type": "Feature", "id": "WCR1982-003336", "properties": { "WCRNmbr": "WCR1982-003336", "LAT": 38.4365, "LONG": -121.514, "BlwThreshl":"Above" ,"Head":-25.1409}, "geometry": { "type": "Point", "coordinates": [ -121.514, 38.4365 ] } },
{ "type": "Feature", "id": "WCR1986-002433", "properties": { "WCRNmbr": "WCR1986-002433", "LAT": 38.4365, "LONG": -121.514, "BlwThreshl":"Above" ,"Head":-25.1409}, "geometry": { "type": "Point", "coordinates": [ -121.514, 38.4365 ] } },
{ "type": "Feature", "id": "WCR2003-000909", "properties": { "WCRNmbr": "WCR2003-000909", "LAT": 38.4448, "LONG": -121.528, "BlwThreshl":"Above" ,"Head":-20.6747}, "geometry": { "type": "Point", "coordinates": [ -121.528, 38.4448 ] } },
{ "type": "Feature", "id": "WCR2011-000548", "properties": { "WCRNmbr": "WCR2011-000548", "LAT": 38.4369, "LONG": -121.516, "BlwThreshl":"Above" ,"Head":-25.1409}, "geometry": { "type": "Point", "coordinates": [ -121.516, 38.4369 ] } },
{ "type": "Feature", "id": "WCR1972-000101", "properties": { "WCRNmbr": "WCR1972-000101", "LAT": 38.4454, "LONG": -121.51, "BlwThreshl":"Above" ,"Head":-24.9482}, "geometry": { "type": "Point", "coordinates": [ -121.51, 38.4454 ] } },
{ "type": "Feature", "id": "WCR1979-000480", "properties": { "WCRNmbr": "WCR1979-000480", "LAT": 38.4454, "LONG": -121.51, "BlwThreshl":"Above" ,"Head":-24.9482}, "geometry": { "type": "Point", "coordinates": [ -121.51, 38.4454 ] } },
{ "type": "Feature", "id": "WCR1993-000807", "properties": { "WCRNmbr": "WCR1993-000807", "LAT": 38.4454, "LONG": -121.51, "BlwThreshl":"Above" ,"Head":-24.9482}, "geometry": { "type": "Point", "coordinates": [ -121.51, 38.4454 ] } },
{ "type": "Feature", "id": "WCR2001-003427", "properties": { "WCRNmbr": "WCR2001-003427", "LAT": 38.4444, "LONG": -121.509, "BlwThreshl":"Above" ,"Head":-24.9482}, "geometry": { "type": "Point", "coordinates": [ -121.509, 38.4444 ] } },
{ "type": "Feature", "id": "WCR2002-001080", "properties": { "WCRNmbr": "WCR2002-001080", "LAT": 38.4439, "LONG": -121.503, "BlwThreshl":"Above" ,"Head":-24.0984}, "geometry": { "type": "Point", "coordinates": [ -121.503, 38.4439 ] } },
{ "type": "Feature", "id": "WCR1979-000427", "properties": { "WCRNmbr": "WCR1979-000427", "LAT": 38.4592, "LONG": -121.566, "BlwThreshl":"Above" ,"Head":-12.379}, "geometry": { "type": "Point", "coordinates": [ -121.566, 38.4592 ] } },
{ "type": "Feature", "id": "WCR2008-001731", "properties": { "WCRNmbr": "WCR2008-001731", "LAT": 38.4593, "LONG": -121.547, "BlwThreshl":"Above" ,"Head":-16.1581}, "geometry": { "type": "Point", "coordinates": [ -121.547, 38.4593 ] } },
{ "type": "Feature", "id": "WCR1991-002208", "properties": { "WCRNmbr": "WCR1991-002208", "LAT": 38.4707, "LONG": -121.529, "BlwThreshl":"Above" ,"Head":-19.6089}, "geometry": { "type": "Point", "coordinates": [ -121.529, 38.4707 ] } },
{ "type": "Feature", "id": "WCR0152561", "properties": { "WCRNmbr": "WCR0152561", "LAT": 38.4705, "LONG": -121.513, "BlwThreshl":"Above" ,"Head":-24.3318}, "geometry": { "type": "Point", "coordinates": [ -121.513, 38.4705 ] } },
{ "type": "Feature", "id": "WCR0276912", "properties": { "WCRNmbr": "WCR0276912", "LAT": 38.4705, "LONG": -121.513, "BlwThreshl":"Above" ,"Head":-24.3318}, "geometry": { "type": "Point", "coordinates": [ -121.513, 38.4705 ] } },
{ "type": "Feature", "id": "WCR1980-002561", "properties": { "WCRNmbr": "WCR1980-002561", "LAT": 38.4705, "LONG": -121.513, "BlwThreshl":"Above" ,"Head":-24.3318}, "geometry": { "type": "Point", "coordinates": [ -121.513, 38.4705 ] } },
{ "type": "Feature", "id": "WCR1986-007595", "properties": { "WCRNmbr": "WCR1986-007595", "LAT": 38.4705, "LONG": -121.513, "BlwThreshl":"Above" ,"Head":-24.3318}, "geometry": { "type": "Point", "coordinates": [ -121.513, 38.4705 ] } },
{ "type": "Feature", "id": "WCR1996-000061", "properties": { "WCRNmbr": "WCR1996-000061", "LAT": 38.4597, "LONG": -121.511, "BlwThreshl":"Above" ,"Head":-24.5768}, "geometry": { "type": "Point", "coordinates": [ -121.511, 38.4597 ] } },
{ "type": "Feature", "id": "WCR1998-000897", "properties": { "WCRNmbr": "WCR1998-000897", "LAT": 38.4686, "LONG": -121.507, "BlwThreshl":"Above" ,"Head":-26.8706}, "geometry": { "type": "Point", "coordinates": [ -121.507, 38.4686 ] } },
{ "type": "Feature", "id": "WCR2007-002589", "properties": { "WCRNmbr": "WCR2007-002589", "LAT": 38.4705, "LONG": -121.513, "BlwThreshl":"Above" ,"Head":-18.8842}, "geometry": { "type": "Point", "coordinates": [ -121.513, 38.4705 ] } },
{ "type": "Feature", "id": "WCR0276910", "properties": { "WCRNmbr": "WCR0276910", "LAT": 38.4735, "LONG": -121.579, "BlwThreshl":"Above" ,"Head":-9.58171}, "geometry": { "type": "Point", "coordinates": [ -121.579, 38.4735 ] } },
{ "type": "Feature", "id": "WCR1981-003175", "properties": { "WCRNmbr": "WCR1981-003175", "LAT": 38.4736, "LONG": -121.579, "BlwThreshl":"Above" ,"Head":-9.58171}, "geometry": { "type": "Point", "coordinates": [ -121.579, 38.4736 ] } },
{ "type": "Feature", "id": "WCR0091272", "properties": { "WCRNmbr": "WCR0091272", "LAT": 38.5088, "LONG": -121.559, "BlwThreshl":"Above" ,"Head":-1.59426}, "geometry": { "type": "Point", "coordinates": [ -121.559, 38.5088 ] } },
{ "type": "Feature", "id": "WCR2013-000176", "properties": { "WCRNmbr": "WCR2013-000176", "LAT": 38.5058, "LONG": -121.56, "BlwThreshl":"Above" ,"Head":2.38628}, "geometry": { "type": "Point", "coordinates": [ -121.56, 38.5058 ] } },
{ "type": "Feature", "id": "WCR1996-002974", "properties": { "WCRNmbr": "WCR1996-002974", "LAT": 38.5091, "LONG": -121.631, "BlwThreshl":"Above" ,"Head":-7.15913}, "geometry": { "type": "Point", "coordinates": [ -121.631, 38.5091 ] } },
{ "type": "Feature", "id": "WCR1977-002118", "properties": { "WCRNmbr": "WCR1977-002118", "LAT": 38.5169, "LONG": -121.567, "BlwThreshl":"Above" ,"Head":-3.12241}, "geometry": { "type": "Point", "coordinates": [ -121.567, 38.5169 ] } },
{ "type": "Feature", "id": "WCR1996-002971", "properties": { "WCRNmbr": "WCR1996-002971", "LAT": 38.5169, "LONG": -121.567, "BlwThreshl":"Above" ,"Head":-3.12241}, "geometry": { "type": "Point", "coordinates": [ -121.567, 38.5169 ] } },
{ "type": "Feature", "id": "WCR2000-000603", "properties": { "WCRNmbr": "WCR2000-000603", "LAT": 38.5156, "LONG": -121.573, "BlwThreshl":"Above" ,"Head":-4.42055}, "geometry": { "type": "Point", "coordinates": [ -121.573, 38.5156 ] } },
{ "type": "Feature", "id": "WCR2002-001112", "properties": { "WCRNmbr": "WCR2002-001112", "LAT": 38.5169, "LONG": -121.567, "BlwThreshl":"Above" ,"Head":-3.12241}, "geometry": { "type": "Point", "coordinates": [ -121.567, 38.5169 ] } },
{ "type": "Feature", "id": "WCR2002-004160", "properties": { "WCRNmbr": "WCR2002-004160", "LAT": 38.5092, "LONG": -121.578, "BlwThreshl":"Above" ,"Head":-4.42055}, "geometry": { "type": "Point", "coordinates": [ -121.578, 38.5092 ] } },
{ "type": "Feature", "id": "WCR2005-001763", "properties": { "WCRNmbr": "WCR2005-001763", "LAT": 38.5169, "LONG": -121.567, "BlwThreshl":"Above" ,"Head":-3.12241}, "geometry": { "type": "Point", "coordinates": [ -121.567, 38.5169 ] } },
{ "type": "Feature", "id": "WCR2005-001764", "properties": { "WCRNmbr": "WCR2005-001764", "LAT": 38.5169, "LONG": -121.567, "BlwThreshl":"Above" ,"Head":-3.12241}, "geometry": { "type": "Point", "coordinates": [ -121.567, 38.5169 ] } },
{ "type": "Feature", "id": "WCR2012-001745", "properties": { "WCRNmbr": "WCR2012-001745", "LAT": 38.5256, "LONG": -121.55, "BlwThreshl":"Above" ,"Head":-2.25208}, "geometry": { "type": "Point", "coordinates": [ -121.55, 38.5256 ] } },
{ "type": "Feature", "id": "WCR2015-013866", "properties": { "WCRNmbr": "WCR2015-013866", "LAT": 38.5228, "LONG": -121.557, "BlwThreshl":"Above" ,"Head":-2.29834}, "geometry": { "type": "Point", "coordinates": [ -121.557, 38.5228 ] } },
{ "type": "Feature", "id": "WCR2015-013867", "properties": { "WCRNmbr": "WCR2015-013867", "LAT": 38.5228, "LONG": -121.557, "BlwThreshl":"Above" ,"Head":-2.29834}, "geometry": { "type": "Point", "coordinates": [ -121.557, 38.5228 ] } },
{ "type": "Feature", "id": "WCR2019-015216", "properties": { "WCRNmbr": "WCR2019-015216", "LAT": 38.5265, "LONG": -121.56, "BlwThreshl":"Above" ,"Head":-2.7175}, "geometry": { "type": "Point", "coordinates": [ -121.56, 38.5265 ] } },
{ "type": "Feature", "id": "WCR2022-003878", "properties": { "WCRNmbr": "WCR2022-003878", "LAT": 38.5185, "LONG": -121.548, "BlwThreshl":"Above" ,"Head":2.27733}, "geometry": { "type": "Point", "coordinates": [ -121.548, 38.5185 ] } },
{ "type": "Feature", "id": "WCR2023-003641", "properties": { "WCRNmbr": "WCR2023-003641", "LAT": 38.5214, "LONG": -121.556, "BlwThreshl":"Above" ,"Head":-2.29834}, "geometry": { "type": "Point", "coordinates": [ -121.556, 38.5214 ] } },
{ "type": "Feature", "id": "WCR1971-000671", "properties": { "WCRNmbr": "WCR1971-000671", "LAT": 38.5311, "LONG": -121.567, "BlwThreshl":"Above" ,"Head":-3.06731}, "geometry": { "type": "Point", "coordinates": [ -121.567, 38.5311 ] } },
{ "type": "Feature", "id": "WCR1976-000635", "properties": { "WCRNmbr": "WCR1976-000635", "LAT": 38.5311, "LONG": -121.567, "BlwThreshl":"Above" ,"Head":-3.06731}, "geometry": { "type": "Point", "coordinates": [ -121.567, 38.5311 ] } },
{ "type": "Feature", "id": "WCR1977-001801", "properties": { "WCRNmbr": "WCR1977-001801", "LAT": 38.5311, "LONG": -121.567, "BlwThreshl":"Above" ,"Head":-3.06731}, "geometry": { "type": "Point", "coordinates": [ -121.567, 38.5311 ] } },
{ "type": "Feature", "id": "WCR1977-002116", "properties": { "WCRNmbr": "WCR1977-002116", "LAT": 38.5311, "LONG": -121.567, "BlwThreshl":"Above" ,"Head":-3.06731}, "geometry": { "type": "Point", "coordinates": [ -121.567, 38.5311 ] } },
{ "type": "Feature", "id": "WCR1978-000153", "properties": { "WCRNmbr": "WCR1978-000153", "LAT": 38.5311, "LONG": -121.567, "BlwThreshl":"Above" ,"Head":-3.06731}, "geometry": { "type": "Point", "coordinates": [ -121.567, 38.5311 ] } },
{ "type": "Feature", "id": "WCR1978-000561", "properties": { "WCRNmbr": "WCR1978-000561", "LAT": 38.5311, "LONG": -121.567, "BlwThreshl":"Above" ,"Head":-3.06731}, "geometry": { "type": "Point", "coordinates": [ -121.567, 38.5311 ] } },
{ "type": "Feature", "id": "WCR1978-001784", "properties": { "WCRNmbr": "WCR1978-001784", "LAT": 38.5311, "LONG": -121.567, "BlwThreshl":"Above" ,"Head":-3.06731}, "geometry": { "type": "Point", "coordinates": [ -121.567, 38.5311 ] } },
{ "type": "Feature", "id": "WCR1978-001796", "properties": { "WCRNmbr": "WCR1978-001796", "LAT": 38.5311, "LONG": -121.567, "BlwThreshl":"Above" ,"Head":-3.06731}, "geometry": { "type": "Point", "coordinates": [ -121.567, 38.5311 ] } },
{ "type": "Feature", "id": "WCR1978-001797", "properties": { "WCRNmbr": "WCR1978-001797", "LAT": 38.5311, "LONG": -121.567, "BlwThreshl":"Above" ,"Head":-3.06731}, "geometry": { "type": "Point", "coordinates": [ -121.567, 38.5311 ] } },
{ "type": "Feature", "id": "WCR1979-000483", "properties": { "WCRNmbr": "WCR1979-000483", "LAT": 38.5311, "LONG": -121.567, "BlwThreshl":"Above" ,"Head":-3.06731}, "geometry": { "type": "Point", "coordinates": [ -121.567, 38.5311 ] } },
{ "type": "Feature", "id": "WCR1980-000152", "properties": { "WCRNmbr": "WCR1980-000152", "LAT": 38.5311, "LONG": -121.567, "BlwThreshl":"Above" ,"Head":-3.06731}, "geometry": { "type": "Point", "coordinates": [ -121.567, 38.5311 ] } },
{ "type": "Feature", "id": "WCR1980-004518", "properties": { "WCRNmbr": "WCR1980-004518", "LAT": 38.5311, "LONG": -121.567, "BlwThreshl":"Above" ,"Head":-3.06731}, "geometry": { "type": "Point", "coordinates": [ -121.567, 38.5311 ] } },
{ "type": "Feature", "id": "WCR1981-000046", "properties": { "WCRNmbr": "WCR1981-000046", "LAT": 38.5311, "LONG": -121.567, "BlwThreshl":"Above" ,"Head":-3.06731}, "geometry": { "type": "Point", "coordinates": [ -121.567, 38.5311 ] } },
{ "type": "Feature", "id": "WCR1981-003987", "properties": { "WCRNmbr": "WCR1981-003987", "LAT": 38.5311, "LONG": -121.567, "BlwThreshl":"Above" ,"Head":-3.06731}, "geometry": { "type": "Point", "coordinates": [ -121.567, 38.5311 ] } },
{ "type": "Feature", "id": "WCR1982-000017", "properties": { "WCRNmbr": "WCR1982-000017", "LAT": 38.5311, "LONG": -121.567, "BlwThreshl":"Above" ,"Head":-3.06731}, "geometry": { "type": "Point", "coordinates": [ -121.567, 38.5311 ] } },
{ "type": "Feature", "id": "WCR1982-003506", "properties": { "WCRNmbr": "WCR1982-003506", "LAT": 38.5311, "LONG": -121.567, "BlwThreshl":"Above" ,"Head":-3.06731}, "geometry": { "type": "Point", "coordinates": [ -121.567, 38.5311 ] } },
{ "type": "Feature", "id": "WCR1984-003971", "properties": { "WCRNmbr": "WCR1984-003971", "LAT": 38.5311, "LONG": -121.567, "BlwThreshl":"Above" ,"Head":-3.06731}, "geometry": { "type": "Point", "coordinates": [ -121.567, 38.5311 ] } },
{ "type": "Feature", "id": "WCR1985-000343", "properties": { "WCRNmbr": "WCR1985-000343", "LAT": 38.5311, "LONG": -121.567, "BlwThreshl":"Above" ,"Head":-3.06731}, "geometry": { "type": "Point", "coordinates": [ -121.567, 38.5311 ] } },
{ "type": "Feature", "id": "WCR1985-003934", "properties": { "WCRNmbr": "WCR1985-003934", "LAT": 38.5311, "LONG": -121.567, "BlwThreshl":"Above" ,"Head":-3.06731}, "geometry": { "type": "Point", "coordinates": [ -121.567, 38.5311 ] } },
{ "type": "Feature", "id": "WCR1985-007117", "properties": { "WCRNmbr": "WCR1985-007117", "LAT": 38.5311, "LONG": -121.567, "BlwThreshl":"Above" ,"Head":-3.06731}, "geometry": { "type": "Point", "coordinates": [ -121.567, 38.5311 ] } },
{ "type": "Feature", "id": "WCR1988-001305", "properties": { "WCRNmbr": "WCR1988-001305", "LAT": 38.5311, "LONG": -121.567, "BlwThreshl":"Above" ,"Head":-3.06731}, "geometry": { "type": "Point", "coordinates": [ -121.567, 38.5311 ] } },
{ "type": "Feature", "id": "WCR1990-004033", "properties": { "WCRNmbr": "WCR1990-004033", "LAT": 38.5311, "LONG": -121.567, "BlwThreshl":"Above" ,"Head":-3.06731}, "geometry": { "type": "Point", "coordinates": [ -121.567, 38.5311 ] } },
{ "type": "Feature", "id": "WCR1993-000569", "properties": { "WCRNmbr": "WCR1993-000569", "LAT": 38.5311, "LONG": -121.567, "BlwThreshl":"Above" ,"Head":-3.06731}, "geometry": { "type": "Point", "coordinates": [ -121.567, 38.5311 ] } },
{ "type": "Feature", "id": "WCR1993-000571", "properties": { "WCRNmbr": "WCR1993-000571", "LAT": 38.5311, "LONG": -121.567, "BlwThreshl":"Above" ,"Head":-3.06731}, "geometry": { "type": "Point", "coordinates": [ -121.567, 38.5311 ] } },
{ "type": "Feature", "id": "WCR1993-004992", "properties": { "WCRNmbr": "WCR1993-004992", "LAT": 38.5311, "LONG": -121.567, "BlwThreshl":"Above" ,"Head":-3.06731}, "geometry": { "type": "Point", "coordinates": [ -121.567, 38.5311 ] } },
{ "type": "Feature", "id": "WCR1994-003971", "properties": { "WCRNmbr": "WCR1994-003971", "LAT": 38.5311, "LONG": -121.567, "BlwThreshl":"Above" ,"Head":-3.06731}, "geometry": { "type": "Point", "coordinates": [ -121.567, 38.5311 ] } },
{ "type": "Feature", "id": "WCR1996-002968", "properties": { "WCRNmbr": "WCR1996-002968", "LAT": 38.5311, "LONG": -121.567, "BlwThreshl":"Above" ,"Head":-3.06731}, "geometry": { "type": "Point", "coordinates": [ -121.567, 38.5311 ] } },
{ "type": "Feature", "id": "WCR1996-003109", "properties": { "WCRNmbr": "WCR1996-003109", "LAT": 38.5311, "LONG": -121.567, "BlwThreshl":"Above" ,"Head":-3.06731}, "geometry": { "type": "Point", "coordinates": [ -121.567, 38.5311 ] } },
{ "type": "Feature", "id": "WCR2003-001534", "properties": { "WCRNmbr": "WCR2003-001534", "LAT": 38.5311, "LONG": -121.567, "BlwThreshl":"Above" ,"Head":-3.06731}, "geometry": { "type": "Point", "coordinates": [ -121.567, 38.5311 ] } },
{ "type": "Feature", "id": "WCR2004-002578", "properties": { "WCRNmbr": "WCR2004-002578", "LAT": 38.5328, "LONG": -121.562, "BlwThreshl":"Above" ,"Head":-2.9048}, "geometry": { "type": "Point", "coordinates": [ -121.562, 38.5328 ] } },
{ "type": "Feature", "id": "WCR2005-000962", "properties": { "WCRNmbr": "WCR2005-000962", "LAT": 38.5311, "LONG": -121.567, "BlwThreshl":"Above" ,"Head":-3.06731}, "geometry": { "type": "Point", "coordinates": [ -121.567, 38.5311 ] } },
{ "type": "Feature", "id": "WCR2005-001762", "properties": { "WCRNmbr": "WCR2005-001762", "LAT": 38.5311, "LONG": -121.567, "BlwThreshl":"Above" ,"Head":-3.06731}, "geometry": { "type": "Point", "coordinates": [ -121.567, 38.5311 ] } },
{ "type": "Feature", "id": "WCR2006-001502", "properties": { "WCRNmbr": "WCR2006-001502", "LAT": 38.5311, "LONG": -121.567, "BlwThreshl":"Above" ,"Head":-3.06731}, "geometry": { "type": "Point", "coordinates": [ -121.567, 38.5311 ] } },
{ "type": "Feature", "id": "WCR2006-003024", "properties": { "WCRNmbr": "WCR2006-003024", "LAT": 38.5311, "LONG": -121.567, "BlwThreshl":"Above" ,"Head":-3.06731}, "geometry": { "type": "Point", "coordinates": [ -121.567, 38.5311 ] } },
{ "type": "Feature", "id": "WCR2006-003048", "properties": { "WCRNmbr": "WCR2006-003048", "LAT": 38.5311, "LONG": -121.567, "BlwThreshl":"Above" ,"Head":-3.06731}, "geometry": { "type": "Point", "coordinates": [ -121.567, 38.5311 ] } },
{ "type": "Feature", "id": "WCR2008-000422", "properties": { "WCRNmbr": "WCR2008-000422", "LAT": 38.5311, "LONG": -121.567, "BlwThreshl":"Above" ,"Head":-3.06731}, "geometry": { "type": "Point", "coordinates": [ -121.567, 38.5311 ] } },
{ "type": "Feature", "id": "WCR2009-001183", "properties": { "WCRNmbr": "WCR2009-001183", "LAT": 38.5311, "LONG": -121.567, "BlwThreshl":"Above" ,"Head":-1.89521}, "geometry": { "type": "Point", "coordinates": [ -121.567, 38.5311 ] } },
{ "type": "Feature", "id": "WCR2016-017018", "properties": { "WCRNmbr": "WCR2016-017018", "LAT": 38.5322, "LONG": -121.564, "BlwThreshl":"Above" ,"Head":-3.06731}, "geometry": { "type": "Point", "coordinates": [ -121.564, 38.5322 ] } },
{ "type": "Feature", "id": "WCR2022-002235", "properties": { "WCRNmbr": "WCR2022-002235", "LAT": 38.535, "LONG": -121.561, "BlwThreshl":"Above" ,"Head":2.11902}, "geometry": { "type": "Point", "coordinates": [ -121.561, 38.535 ] } },
{ "type": "Feature", "id": "WCR2022-002236", "properties": { "WCRNmbr": "WCR2022-002236", "LAT": 38.5351, "LONG": -121.561, "BlwThreshl":"Above" ,"Head":2.11902}, "geometry": { "type": "Point", "coordinates": [ -121.561, 38.5351 ] } },
{ "type": "Feature", "id": "WCR2022-002429", "properties": { "WCRNmbr": "WCR2022-002429", "LAT": 38.5347, "LONG": -121.57, "BlwThreshl":"Above" ,"Head":-3.06731}, "geometry": { "type": "Point", "coordinates": [ -121.57, 38.5347 ] } },
{ "type": "Feature", "id": "WCR2022-002431", "properties": { "WCRNmbr": "WCR2022-002431", "LAT": 38.5344, "LONG": -121.571, "BlwThreshl":"Above" ,"Head":-3.06731}, "geometry": { "type": "Point", "coordinates": [ -121.571, 38.5344 ] } },
{ "type": "Feature", "id": "WCR0031169", "properties": { "WCRNmbr": "WCR0031169", "LAT": 38.5398, "LONG": -121.548, "BlwThreshl":"Above" ,"Head":-3.00474}, "geometry": { "type": "Point", "coordinates": [ -121.548, 38.5398 ] } },
{ "type": "Feature", "id": "WCR0120191", "properties": { "WCRNmbr": "WCR0120191", "LAT": 38.5369, "LONG": -121.55, "BlwThreshl":"Above" ,"Head":-2.63024}, "geometry": { "type": "Point", "coordinates": [ -121.55, 38.5369 ] } },
{ "type": "Feature", "id": "WCR0167385", "properties": { "WCRNmbr": "WCR0167385", "LAT": 38.5311, "LONG": -121.549, "BlwThreshl":"Above" ,"Head":2.51611}, "geometry": { "type": "Point", "coordinates": [ -121.549, 38.5311 ] } },
{ "type": "Feature", "id": "WCR0311687", "properties": { "WCRNmbr": "WCR0311687", "LAT": 38.5461, "LONG": -121.549, "BlwThreshl":"Above" ,"Head":-3.41532}, "geometry": { "type": "Point", "coordinates": [ -121.549, 38.5461 ] } },
{ "type": "Feature", "id": "WCR1973-000719", "properties": { "WCRNmbr": "WCR1973-000719", "LAT": 38.5311, "LONG": -121.549, "BlwThreshl":"Above" ,"Head":-2.63024}, "geometry": { "type": "Point", "coordinates": [ -121.549, 38.5311 ] } },
{ "type": "Feature", "id": "WCR1974-000711", "properties": { "WCRNmbr": "WCR1974-000711", "LAT": 38.5311, "LONG": -121.549, "BlwThreshl":"Above" ,"Head":-2.63024}, "geometry": { "type": "Point", "coordinates": [ -121.549, 38.5311 ] } },
{ "type": "Feature", "id": "WCR1975-000453", "properties": { "WCRNmbr": "WCR1975-000453", "LAT": 38.5461, "LONG": -121.549, "BlwThreshl":"Above" ,"Head":-3.41532}, "geometry": { "type": "Point", "coordinates": [ -121.549, 38.5461 ] } },
{ "type": "Feature", "id": "WCR1976-000053", "properties": { "WCRNmbr": "WCR1976-000053", "LAT": 38.5311, "LONG": -121.549, "BlwThreshl":"Above" ,"Head":-2.63024}, "geometry": { "type": "Point", "coordinates": [ -121.549, 38.5311 ] } },
{ "type": "Feature", "id": "WCR1976-000056", "properties": { "WCRNmbr": "WCR1976-000056", "LAT": 38.5461, "LONG": -121.549, "BlwThreshl":"Above" ,"Head":-3.41532}, "geometry": { "type": "Point", "coordinates": [ -121.549, 38.5461 ] } },
{ "type": "Feature", "id": "WCR1976-000065", "properties": { "WCRNmbr": "WCR1976-000065", "LAT": 38.5311, "LONG": -121.549, "BlwThreshl":"Above" ,"Head":-2.63024}, "geometry": { "type": "Point", "coordinates": [ -121.549, 38.5311 ] } },
{ "type": "Feature", "id": "WCR1977-002126", "properties": { "WCRNmbr": "WCR1977-002126", "LAT": 38.5461, "LONG": -121.549, "BlwThreshl":"Above" ,"Head":2.93869}, "geometry": { "type": "Point", "coordinates": [ -121.549, 38.5461 ] } },
{ "type": "Feature", "id": "WCR1978-000151", "properties": { "WCRNmbr": "WCR1978-000151", "LAT": 38.5461, "LONG": -121.549, "BlwThreshl":"Above" ,"Head":-3.41532}, "geometry": { "type": "Point", "coordinates": [ -121.549, 38.5461 ] } },
{ "type": "Feature", "id": "WCR1978-001787", "properties": { "WCRNmbr": "WCR1978-001787", "LAT": 38.5461, "LONG": -121.549, "BlwThreshl":"Above" ,"Head":-3.41532}, "geometry": { "type": "Point", "coordinates": [ -121.549, 38.5461 ] } },
{ "type": "Feature", "id": "WCR1979-000479", "properties": { "WCRNmbr": "WCR1979-000479", "LAT": 38.5461, "LONG": -121.549, "BlwThreshl":"Above" ,"Head":-3.41532}, "geometry": { "type": "Point", "coordinates": [ -121.549, 38.5461 ] } },
{ "type": "Feature", "id": "WCR1980-000153", "properties": { "WCRNmbr": "WCR1980-000153", "LAT": 38.5461, "LONG": -121.549, "BlwThreshl":"Above" ,"Head":-3.41532}, "geometry": { "type": "Point", "coordinates": [ -121.549, 38.5461 ] } },
{ "type": "Feature", "id": "WCR1980-000203", "properties": { "WCRNmbr": "WCR1980-000203", "LAT": 38.5311, "LONG": -121.549, "BlwThreshl":"Above" ,"Head":-2.63024}, "geometry": { "type": "Point", "coordinates": [ -121.549, 38.5311 ] } },
{ "type": "Feature", "id": "WCR1980-004519", "properties": { "WCRNmbr": "WCR1980-004519", "LAT": 38.5461, "LONG": -121.549, "BlwThreshl":"Above" ,"Head":-3.41532}, "geometry": { "type": "Point", "coordinates": [ -121.549, 38.5461 ] } },
{ "type": "Feature", "id": "WCR1981-002937", "properties": { "WCRNmbr": "WCR1981-002937", "LAT": 38.5311, "LONG": -121.549, "BlwThreshl":"Above" ,"Head":-2.63024}, "geometry": { "type": "Point", "coordinates": [ -121.549, 38.5311 ] } },
{ "type": "Feature", "id": "WCR1984-004712", "properties": { "WCRNmbr": "WCR1984-004712", "LAT": 38.5461, "LONG": -121.549, "BlwThreshl":"Above" ,"Head":-3.41532}, "geometry": { "type": "Point", "coordinates": [ -121.549, 38.5461 ] } },
{ "type": "Feature", "id": "WCR1985-000340", "properties": { "WCRNmbr": "WCR1985-000340", "LAT": 38.5311, "LONG": -121.549, "BlwThreshl":"Above" ,"Head":-2.63024}, "geometry": { "type": "Point", "coordinates": [ -121.549, 38.5311 ] } },
{ "type": "Feature", "id": "WCR1985-000341", "properties": { "WCRNmbr": "WCR1985-000341", "LAT": 38.5311, "LONG": -121.549, "BlwThreshl":"Above" ,"Head":-2.63024}, "geometry": { "type": "Point", "coordinates": [ -121.549, 38.5311 ] } },
{ "type": "Feature", "id": "WCR1985-007109", "properties": { "WCRNmbr": "WCR1985-007109", "LAT": 38.5311, "LONG": -121.549, "BlwThreshl":"Above" ,"Head":-2.63024}, "geometry": { "type": "Point", "coordinates": [ -121.549, 38.5311 ] } },
{ "type": "Feature", "id": "WCR1985-007115", "properties": { "WCRNmbr": "WCR1985-007115", "LAT": 38.5311, "LONG": -121.549, "BlwThreshl":"Above" ,"Head":-2.63024}, "geometry": { "type": "Point", "coordinates": [ -121.549, 38.5311 ] } },
{ "type": "Feature", "id": "WCR1991-006022", "properties": { "WCRNmbr": "WCR1991-006022", "LAT": 38.5461, "LONG": -121.549, "BlwThreshl":"Above" ,"Head":-3.41532}, "geometry": { "type": "Point", "coordinates": [ -121.549, 38.5461 ] } },
{ "type": "Feature", "id": "WCR1995-001989", "properties": { "WCRNmbr": "WCR1995-001989", "LAT": 38.5461, "LONG": -121.549, "BlwThreshl":"Above" ,"Head":-3.41532}, "geometry": { "type": "Point", "coordinates": [ -121.549, 38.5461 ] } },
{ "type": "Feature", "id": "WCR1995-001990", "properties": { "WCRNmbr": "WCR1995-001990", "LAT": 38.5461, "LONG": -121.549, "BlwThreshl":"Above" ,"Head":-3.41532}, "geometry": { "type": "Point", "coordinates": [ -121.549, 38.5461 ] } },
{ "type": "Feature", "id": "WCR1999-000610", "properties": { "WCRNmbr": "WCR1999-000610", "LAT": 38.54, "LONG": -121.549, "BlwThreshl":"Above" ,"Head":-3.00474}, "geometry": { "type": "Point", "coordinates": [ -121.549, 38.54 ] } },
{ "type": "Feature", "id": "WCR2001-001804", "properties": { "WCRNmbr": "WCR2001-001804", "LAT": 38.5311, "LONG": -121.549, "BlwThreshl":"Above" ,"Head":-2.63024}, "geometry": { "type": "Point", "coordinates": [ -121.549, 38.5311 ] } },
{ "type": "Feature", "id": "WCR2002-000902", "properties": { "WCRNmbr": "WCR2002-000902", "LAT": 38.5347, "LONG": -121.558, "BlwThreshl":"Above" ,"Head":-2.9048}, "geometry": { "type": "Point", "coordinates": [ -121.558, 38.5347 ] } },
{ "type": "Feature", "id": "WCR2003-004972", "properties": { "WCRNmbr": "WCR2003-004972", "LAT": 38.5303, "LONG": -121.546, "BlwThreshl":"Above" ,"Head":-2.25208}, "geometry": { "type": "Point", "coordinates": [ -121.546, 38.5303 ] } },
{ "type": "Feature", "id": "WCR2004-002445", "properties": { "WCRNmbr": "WCR2004-002445", "LAT": 38.5308, "LONG": -121.554, "BlwThreshl":"Above" ,"Head":-2.63024}, "geometry": { "type": "Point", "coordinates": [ -121.554, 38.5308 ] } },
{ "type": "Feature", "id": "WCR2010-004164", "properties": { "WCRNmbr": "WCR2010-004164", "LAT": 38.5311, "LONG": -121.549, "BlwThreshl":"Above" ,"Head":-2.63024}, "geometry": { "type": "Point", "coordinates": [ -121.549, 38.5311 ] } },
{ "type": "Feature", "id": "WCR2013-006113", "properties": { "WCRNmbr": "WCR2013-006113", "LAT": 38.5342, "LONG": -121.546, "BlwThreshl":"Above" ,"Head":-2.63024}, "geometry": { "type": "Point", "coordinates": [ -121.546, 38.5342 ] } },
{ "type": "Feature", "id": "WCR2014-002163", "properties": { "WCRNmbr": "WCR2014-002163", "LAT": 38.5328, "LONG": -121.554, "BlwThreshl":"Above" ,"Head":2.51611}, "geometry": { "type": "Point", "coordinates": [ -121.554, 38.5328 ] } },
{ "type": "Feature", "id": "WCR2015-013868", "properties": { "WCRNmbr": "WCR2015-013868", "LAT": 38.5333, "LONG": -121.558, "BlwThreshl":"Above" ,"Head":-2.9048}, "geometry": { "type": "Point", "coordinates": [ -121.558, 38.5333 ] } },
{ "type": "Feature", "id": "WCR2016-017007", "properties": { "WCRNmbr": "WCR2016-017007", "LAT": 38.535, "LONG": -121.546, "BlwThreshl":"Above" ,"Head":-2.63024}, "geometry": { "type": "Point", "coordinates": [ -121.546, 38.535 ] } },
{ "type": "Feature", "id": "WCR2017-000537", "properties": { "WCRNmbr": "WCR2017-000537", "LAT": 38.5315, "LONG": -121.551, "BlwThreshl":"Above" ,"Head":2.51611}, "geometry": { "type": "Point", "coordinates": [ -121.551, 38.5315 ] } },
{ "type": "Feature", "id": "WCR2019-009755", "properties": { "WCRNmbr": "WCR2019-009755", "LAT": 38.5381, "LONG": -121.548, "BlwThreshl":"Above" ,"Head":2.62522}, "geometry": { "type": "Point", "coordinates": [ -121.548, 38.5381 ] } },
{ "type": "Feature", "id": "WCR2019-009756", "properties": { "WCRNmbr": "WCR2019-009756", "LAT": 38.5379, "LONG": -121.548, "BlwThreshl":"Above" ,"Head":2.62522}, "geometry": { "type": "Point", "coordinates": [ -121.548, 38.5379 ] } },
{ "type": "Feature", "id": "WCR2019-016038", "properties": { "WCRNmbr": "WCR2019-016038", "LAT": 38.5327, "LONG": -121.547, "BlwThreshl":"Above" ,"Head":-2.63024}, "geometry": { "type": "Point", "coordinates": [ -121.547, 38.5327 ] } },
{ "type": "Feature", "id": "WCR2020-000291", "properties": { "WCRNmbr": "WCR2020-000291", "LAT": 38.535, "LONG": -121.551, "BlwThreshl":"Above" ,"Head":-2.63024}, "geometry": { "type": "Point", "coordinates": [ -121.551, 38.535 ] } },
{ "type": "Feature", "id": "WCR2020-014359", "properties": { "WCRNmbr": "WCR2020-014359", "LAT": 38.531, "LONG": -121.551, "BlwThreshl":"Above" ,"Head":2.51611}, "geometry": { "type": "Point", "coordinates": [ -121.551, 38.531 ] } },
{ "type": "Feature", "id": "WCR2021-004239", "properties": { "WCRNmbr": "WCR2021-004239", "LAT": 38.5293, "LONG": -121.55, "BlwThreshl":"Above" ,"Head":2.41443}, "geometry": { "type": "Point", "coordinates": [ -121.55, 38.5293 ] } },
{ "type": "Feature", "id": "WCR2021-007033", "properties": { "WCRNmbr": "WCR2021-007033", "LAT": 38.5365, "LONG": -121.545, "BlwThreshl":"Above" ,"Head":2.51611}, "geometry": { "type": "Point", "coordinates": [ -121.545, 38.5365 ] } },
{ "type": "Feature", "id": "WCR2022-003889", "properties": { "WCRNmbr": "WCR2022-003889", "LAT": 38.5301, "LONG": -121.555, "BlwThreshl":"Above" ,"Head":2.33545}, "geometry": { "type": "Point", "coordinates": [ -121.555, 38.5301 ] } },
{ "type": "Feature", "id": "WCR2022-011301", "properties": { "WCRNmbr": "WCR2022-011301", "LAT": 38.5286, "LONG": -121.54, "BlwThreshl":"Above" ,"Head":-1.91847}, "geometry": { "type": "Point", "coordinates": [ -121.54, 38.5286 ] } },
{ "type": "Feature", "id": "WCR2023-004720", "properties": { "WCRNmbr": "WCR2023-004720", "LAT": 38.5376, "LONG": -121.544, "BlwThreshl":"Above" ,"Head":2.2361}, "geometry": { "type": "Point", "coordinates": [ -121.544, 38.5376 ] } },
{ "type": "Feature", "id": "WCR2023-012230", "properties": { "WCRNmbr": "WCR2023-012230", "LAT": 38.5325, "LONG": -121.559, "BlwThreshl":"Above" ,"Head":-2.9048}, "geometry": { "type": "Point", "coordinates": [ -121.559, 38.5325 ] } },
{ "type": "Feature", "id": "WCR2024-003415", "properties": { "WCRNmbr": "WCR2024-003415", "LAT": 38.5289, "LONG": -121.561, "BlwThreshl":"Above" ,"Head":2.33545}, "geometry": { "type": "Point", "coordinates": [ -121.561, 38.5289 ] } },
{ "type": "Feature", "id": "WCR2024-004305", "properties": { "WCRNmbr": "WCR2024-004305", "LAT": 38.5386, "LONG": -121.541, "BlwThreshl":"Above" ,"Head":-2.9465}, "geometry": { "type": "Point", "coordinates": [ -121.541, 38.5386 ] } },
{ "type": "Feature", "id": "WCR2024-004308", "properties": { "WCRNmbr": "WCR2024-004308", "LAT": 38.538, "LONG": -121.543, "BlwThreshl":"Above" ,"Head":-2.9465}, "geometry": { "type": "Point", "coordinates": [ -121.543, 38.538 ] } },
{ "type": "Feature", "id": "WCR2024-006937", "properties": { "WCRNmbr": "WCR2024-006937", "LAT": 38.5369, "LONG": -121.542, "BlwThreshl":"Above" ,"Head":-2.35458}, "geometry": { "type": "Point", "coordinates": [ -121.542, 38.5369 ] } },
{ "type": "Feature", "id": "WCR2021-014645", "properties": { "WCRNmbr": "WCR2021-014645", "LAT": 38.5283, "LONG": -121.536, "BlwThreshl":"Above" ,"Head":1.91055}, "geometry": { "type": "Point", "coordinates": [ -121.536, 38.5283 ] } },
{ "type": "Feature", "id": "WCR2004-005109", "properties": { "WCRNmbr": "WCR2004-005109", "LAT": 38.5677, "LONG": -121.648, "BlwThreshl":"Above" ,"Head":-7.71927}, "geometry": { "type": "Point", "coordinates": [ -121.648, 38.5677 ] } },
{ "type": "Feature", "id": "WCR1987-005190", "properties": { "WCRNmbr": "WCR1987-005190", "LAT": 38.5664, "LONG": -121.592, "BlwThreshl":"Above" ,"Head":-5.42283}, "geometry": { "type": "Point", "coordinates": [ -121.592, 38.5664 ] } },
{ "type": "Feature", "id": "WCR1972-000597", "properties": { "WCRNmbr": "WCR1972-000597", "LAT": 38.5864, "LONG": -121.586, "BlwThreshl":"Above" ,"Head":8.31261}, "geometry": { "type": "Point", "coordinates": [ -121.586, 38.5864 ] } },
{ "type": "Feature", "id": "WCR0235665", "properties": { "WCRNmbr": "WCR0235665", "LAT": 38.5861, "LONG": -121.549, "BlwThreshl":"Above" ,"Head":-0.357959}, "geometry": { "type": "Point", "coordinates": [ -121.549, 38.5861 ] } },
{ "type": "Feature", "id": "WCR1975-000128", "properties": { "WCRNmbr": "WCR1975-000128", "LAT": 38.5861, "LONG": -121.549, "BlwThreshl":"Above" ,"Head":5.62925}, "geometry": { "type": "Point", "coordinates": [ -121.549, 38.5861 ] } },
{ "type": "Feature", "id": "WCR1976-000068", "properties": { "WCRNmbr": "WCR1976-000068", "LAT": 38.5861, "LONG": -121.549, "BlwThreshl":"Above" ,"Head":-0.357959}, "geometry": { "type": "Point", "coordinates": [ -121.549, 38.5861 ] } },
{ "type": "Feature", "id": "WCR1977-002108", "properties": { "WCRNmbr": "WCR1977-002108", "LAT": 38.5861, "LONG": -121.549, "BlwThreshl":"Above" ,"Head":-0.357959}, "geometry": { "type": "Point", "coordinates": [ -121.549, 38.5861 ] } },
{ "type": "Feature", "id": "WCR1986-007594", "properties": { "WCRNmbr": "WCR1986-007594", "LAT": 38.5861, "LONG": -121.549, "BlwThreshl":"Above" ,"Head":-0.357959}, "geometry": { "type": "Point", "coordinates": [ -121.549, 38.5861 ] } },
{ "type": "Feature", "id": "WCR2004-002591", "properties": { "WCRNmbr": "WCR2004-002591", "LAT": 38.6201, "LONG": -121.569, "BlwThreshl":"Above" ,"Head":1.00996}, "geometry": { "type": "Point", "coordinates": [ -121.569, 38.6201 ] } },
{ "type": "Feature", "id": "WCR2005-005224", "properties": { "WCRNmbr": "WCR2005-005224", "LAT": 38.6345, "LONG": -121.586, "BlwThreshl":"Above" ,"Head":1.22581}, "geometry": { "type": "Point", "coordinates": [ -121.586, 38.6345 ] } },
{ "type": "Feature", "id": "WCR0195197", "properties": { "WCRNmbr": "WCR0195197", "LAT": 38.6343, "LONG": -121.57, "BlwThreshl":"Above" ,"Head":2.46015}, "geometry": { "type": "Point", "coordinates": [ -121.57, 38.6343 ] } },
{ "type": "Feature", "id": "WCR1984-004722", "properties": { "WCRNmbr": "WCR1984-004722", "LAT": 38.6343, "LONG": -121.57, "BlwThreshl":"Above" ,"Head":2.46015}, "geometry": { "type": "Point", "coordinates": [ -121.57, 38.6343 ] } },
{ "type": "Feature", "id": "WCR1986-002426", "properties": { "WCRNmbr": "WCR1986-002426", "LAT": 38.6484, "LONG": -121.629, "BlwThreshl":"Above" ,"Head":0.181045}, "geometry": { "type": "Point", "coordinates": [ -121.629, 38.6484 ] } },
{ "type": "Feature", "id": "WCR1992-004824", "properties": { "WCRNmbr": "WCR1992-004824", "LAT": 38.6436, "LONG": -121.584, "BlwThreshl":"Above" ,"Head":10.1955}, "geometry": { "type": "Point", "coordinates": [ -121.584, 38.6436 ] } },
{ "type": "Feature", "id": "WCR2006-006759", "properties": { "WCRNmbr": "WCR2006-006759", "LAT": 38.6436, "LONG": -121.584, "BlwThreshl":"Above" ,"Head":10.1955}, "geometry": { "type": "Point", "coordinates": [ -121.584, 38.6436 ] } },
{ "type": "Feature", "id": "WCR2021-002875", "properties": { "WCRNmbr": "WCR2021-002875", "LAT": 38.6465, "LONG": -121.57, "BlwThreshl":"NoData" ,"Head":null}, "geometry": { "type": "Point", "coordinates": [ -121.57, 38.6465 ] } },
{ "type": "Feature", "id": "WCR1996-003711", "properties": { "WCRNmbr": "WCR1996-003711", "LAT": 38.6737, "LONG": -121.641, "BlwThreshl":"Above" ,"Head":6.7205}, "geometry": { "type": "Point", "coordinates": [ -121.641, 38.6737 ] } },
{ "type": "Feature", "id": "WCR2007-006321", "properties": { "WCRNmbr": "WCR2007-006321", "LAT": 38.6737, "LONG": -121.641, "BlwThreshl":"Above" ,"Head":6.7205}, "geometry": { "type": "Point", "coordinates": [ -121.641, 38.6737 ] } },
{ "type": "Feature", "id": "WCR1974-000236", "properties": { "WCRNmbr": "WCR1974-000236", "LAT": 38.7069, "LONG": -121.641, "BlwThreshl":"Above" ,"Head":15.6007}, "geometry": { "type": "Point", "coordinates": [ -121.641, 38.7069 ] } },
{ "type": "Feature", "id": "WCR2015-004462", "properties": { "WCRNmbr": "WCR2015-004462", "LAT": 38.7278, "LONG": -121.606, "BlwThreshl":"Above" ,"Head":12.8321}, "geometry": { "type": "Point", "coordinates": [ -121.606, 38.7278 ] } },
{ "type": "Feature", "id": "WCR1979-000731", "properties": { "WCRNmbr": "WCR1979-000731", "LAT": 38.7459, "LONG": -121.622, "BlwThreshl":"Above" ,"Head":16.7598}, "geometry": { "type": "Point", "coordinates": [ -121.622, 38.7459 ] } },
{ "type": "Feature", "id": "WCR1996-002760", "properties": { "WCRNmbr": "WCR1996-002760", "LAT": 38.7569, "LONG": -121.596, "BlwThreshl":"Above" ,"Head":16.8796}, "geometry": { "type": "Point", "coordinates": [ -121.596, 38.7569 ] } },
{ "type": "Feature", "id": "WCR1973-000338", "properties": { "WCRNmbr": "WCR1973-000338", "LAT": 38.8729, "LONG": -122.236, "BlwThreshl":"NoData" ,"Head":null}, "geometry": { "type": "Point", "coordinates": [ -122.236, 38.8729 ] } },
{ "type": "Feature", "id": "WCR1987-009024", "properties": { "WCRNmbr": "WCR1987-009024", "LAT": 38.8729, "LONG": -122.236, "BlwThreshl":"NoData" ,"Head":null}, "geometry": { "type": "Point", "coordinates": [ -122.236, 38.8729 ] } },
{ "type": "Feature", "id": "WCR1970-000310", "properties": { "WCRNmbr": "WCR1970-000310", "LAT": 38.8891, "LONG": -122.236, "BlwThreshl":"NoData" ,"Head":null}, "geometry": { "type": "Point", "coordinates": [ -122.236, 38.8891 ] } },
{ "type": "Feature", "id": "WCR1972-000208", "properties": { "WCRNmbr": "WCR1972-000208", "LAT": 38.8891, "LONG": -122.236, "BlwThreshl":"NoData" ,"Head":null}, "geometry": { "type": "Point", "coordinates": [ -122.236, 38.8891 ] } },
{ "type": "Feature", "id": "WCR1973-000323", "properties": { "WCRNmbr": "WCR1973-000323", "LAT": 38.8891, "LONG": -122.236, "BlwThreshl":"NoData" ,"Head":null}, "geometry": { "type": "Point", "coordinates": [ -122.236, 38.8891 ] } },
{ "type": "Feature", "id": "WCR1975-000315", "properties": { "WCRNmbr": "WCR1975-000315", "LAT": 38.8891, "LONG": -122.236, "BlwThreshl":"NoData" ,"Head":null}, "geometry": { "type": "Point", "coordinates": [ -122.236, 38.8891 ] } },
{ "type": "Feature", "id": "WCR1977-000221", "properties": { "WCRNmbr": "WCR1977-000221", "LAT": 38.8892, "LONG": -122.236, "BlwThreshl":"NoData" ,"Head":null}, "geometry": { "type": "Point", "coordinates": [ -122.236, 38.8892 ] } },
{ "type": "Feature", "id": "WCR1977-001545", "properties": { "WCRNmbr": "WCR1977-001545", "LAT": 38.8891, "LONG": -122.236, "BlwThreshl":"NoData" ,"Head":null}, "geometry": { "type": "Point", "coordinates": [ -122.236, 38.8891 ] } },
{ "type": "Feature", "id": "WCR1977-001546", "properties": { "WCRNmbr": "WCR1977-001546", "LAT": 38.8891, "LONG": -122.236, "BlwThreshl":"NoData" ,"Head":null}, "geometry": { "type": "Point", "coordinates": [ -122.236, 38.8891 ] } },
{ "type": "Feature", "id": "WCR1979-000132", "properties": { "WCRNmbr": "WCR1979-000132", "LAT": 38.8891, "LONG": -122.236, "BlwThreshl":"NoData" ,"Head":null}, "geometry": { "type": "Point", "coordinates": [ -122.236, 38.8891 ] } },
{ "type": "Feature", "id": "WCR1979-002116", "properties": { "WCRNmbr": "WCR1979-002116", "LAT": 38.8891, "LONG": -122.236, "BlwThreshl":"NoData" ,"Head":null}, "geometry": { "type": "Point", "coordinates": [ -122.236, 38.8891 ] } },
{ "type": "Feature", "id": "WCR1980-000313", "properties": { "WCRNmbr": "WCR1980-000313", "LAT": 38.8891, "LONG": -122.236, "BlwThreshl":"NoData" ,"Head":null}, "geometry": { "type": "Point", "coordinates": [ -122.236, 38.8891 ] } },
{ "type": "Feature", "id": "WCR1991-012525", "properties": { "WCRNmbr": "WCR1991-012525", "LAT": 38.8891, "LONG": -122.236, "BlwThreshl":"NoData" ,"Head":null}, "geometry": { "type": "Point", "coordinates": [ -122.236, 38.8891 ] } },
{ "type": "Feature", "id": "WCR2000-006361", "properties": { "WCRNmbr": "WCR2000-006361", "LAT": 38.8939, "LONG": -122.248, "BlwThreshl":"NoData" ,"Head":null}, "geometry": { "type": "Point", "coordinates": [ -122.248, 38.8939 ] } },
{ "type": "Feature", "id": "WCR2002-001138", "properties": { "WCRNmbr": "WCR2002-001138", "LAT": 38.8891, "LONG": -122.236, "BlwThreshl":"NoData" ,"Head":null}, "geometry": { "type": "Point", "coordinates": [ -122.236, 38.8891 ] } },
{ "type": "Feature", "id": "WCR2003-001335", "properties": { "WCRNmbr": "WCR2003-001335", "LAT": 38.8891, "LONG": -122.236, "BlwThreshl":"NoData" ,"Head":null}, "geometry": { "type": "Point", "coordinates": [ -122.236, 38.8891 ] } },
{ "type": "Feature", "id": "WCR2004-004621", "properties": { "WCRNmbr": "WCR2004-004621", "LAT": 38.8891, "LONG": -122.236, "BlwThreshl":"NoData" ,"Head":null}, "geometry": { "type": "Point", "coordinates": [ -122.236, 38.8891 ] } },
{ "type": "Feature", "id": "WCR2004-004634", "properties": { "WCRNmbr": "WCR2004-004634", "LAT": 38.8891, "LONG": -122.236, "BlwThreshl":"NoData" ,"Head":null}, "geometry": { "type": "Point", "coordinates": [ -122.236, 38.8891 ] } },
{ "type": "Feature", "id": "WCR2019-016168", "properties": { "WCRNmbr": "WCR2019-016168", "LAT": 38.887, "LONG": -122.24, "BlwThreshl":"NoData" ,"Head":null}, "geometry": { "type": "Point", "coordinates": [ -122.24, 38.887 ] } },
{ "type": "Feature", "id": "WCR2020-001800", "properties": { "WCRNmbr": "WCR2020-001800", "LAT": 38.8851, "LONG": -122.242, "BlwThreshl":"NoData" ,"Head":null}, "geometry": { "type": "Point", "coordinates": [ -122.242, 38.8851 ] } },
{ "type": "Feature", "id": "WCR1989-003359", "properties": { "WCRNmbr": "WCR1989-003359", "LAT": 38.9015, "LONG": -122.254, "BlwThreshl":"NoData" ,"Head":null}, "geometry": { "type": "Point", "coordinates": [ -122.254, 38.9015 ] } },
{ "type": "Feature", "id": "WCR1989-003360", "properties": { "WCRNmbr": "WCR1989-003360", "LAT": 38.9015, "LONG": -122.254, "BlwThreshl":"NoData" ,"Head":null}, "geometry": { "type": "Point", "coordinates": [ -122.254, 38.9015 ] } },
{ "type": "Feature", "id": "WCR1989-003361", "properties": { "WCRNmbr": "WCR1989-003361", "LAT": 38.9015, "LONG": -122.254, "BlwThreshl":"NoData" ,"Head":null}, "geometry": { "type": "Point", "coordinates": [ -122.254, 38.9015 ] } },
{ "type": "Feature", "id": "WCR1999-001910", "properties": { "WCRNmbr": "WCR1999-001910", "LAT": 38.9015, "LONG": -122.254, "BlwThreshl":"NoData" ,"Head":null}, "geometry": { "type": "Point", "coordinates": [ -122.254, 38.9015 ] } },
{ "type": "Feature", "id": "WCR2005-005131", "properties": { "WCRNmbr": "WCR2005-005131", "LAT": 38.9015, "LONG": -122.254, "BlwThreshl":"NoData" ,"Head":null}, "geometry": { "type": "Point", "coordinates": [ -122.254, 38.9015 ] } },
{ "type": "Feature", "id": "WCR2009-003220", "properties": { "WCRNmbr": "WCR2009-003220", "LAT": 38.9015, "LONG": -122.254, "BlwThreshl":"NoData" ,"Head":null}, "geometry": { "type": "Point", "coordinates": [ -122.254, 38.9015 ] } },
{ "type": "Feature", "id": "WCR2011-002421", "properties": { "WCRNmbr": "WCR2011-002421", "LAT": 38.9081, "LONG": -122.239, "BlwThreshl":"NoData" ,"Head":null}, "geometry": { "type": "Point", "coordinates": [ -122.239, 38.9081 ] } }
]
}
